类型,代码,名称,完整代码,市场
指数,000001,能源(长江),000001.CJ,CJ
指数,000001,上证指数,000001.SH,SH
指数,000002,原材料(长江),000002.CJ,CJ
指数,000002,A股指数,000002.SH,SH
指数,000003,工业(长江),000003.CJ,CJ
指数,000003,B股指数,000003.SH,SH
指数,000004,可选消费(长江),000004.CJ,CJ
指数,000004,工业指数,000004.SH,SH
指数,000005,必选消费(长江),000005.CJ,CJ
指数,000005,商业指数,000005.SH,SH
指数,000006,医疗(长江),000006.CJ,CJ
指数,000006,地产指数,000006.SH,SH
指数,000007,金融(长江),000007.CJ,CJ
指数,000007,公用指数,000007.SH,SH
指数,000008,信息技术与硬件(长江),000008.CJ,CJ
指数,000008,综合指数,000008.SH,SH
指数,000009,通讯业务(长江),000009.CJ,CJ
指数,000009,上证380,000009.SH,SH
指数,000010,公用事业及服务(长江),000010.CJ,CJ
指数,000010,上证180,000010.SH,SH
指数,000011,房地产及服务(长江),000011.CJ,CJ
指数,000015,红利指数,000015.SH,SH
指数,000016,上证50,000016.SH,SH
指数,000017,新综指,000017.SH,SH
指数,000018,180金融,000018.SH,SH
指数,000019,治理指数,000019.SH,SH
指数,000020,中型综指,000020.SH,SH
指数,000021,180治理,000021.SH,SH
指数,000025,180基建,000025.SH,SH
指数,000026,180资源,000026.SH,SH
指数,000027,180运输,000027.SH,SH
指数,000028,180成长,000028.SH,SH
指数,000029,180价值,000029.SH,SH
指数,000030,180R成长,000030.SH,SH
指数,000031,180R价值,000031.SH,SH
指数,000032,上证能源,000032.SH,SH
指数,000033,上证材料,000033.SH,SH
指数,000034,上证工业,000034.SH,SH
指数,000035,上证可选,000035.SH,SH
指数,000036,上证消费,000036.SH,SH
指数,000037,上证医药,000037.SH,SH
指数,000038,上证金融,000038.SH,SH
指数,000039,上证信息,000039.SH,SH
指数,000040,上证通信,000040.SH,SH
指数,000041,上证公用,000041.SH,SH
指数,000042,上证央企,000042.SH,SH
指数,000043,超大盘,000043.SH,SH
指数,000044,上证中盘,000044.SH,SH
指数,000045,上证小盘,000045.SH,SH
指数,000046,上证中小,000046.SH,SH
指数,000047,上证全指,000047.SH,SH
指数,000048,责任指数,000048.SH,SH
指数,000049,上证民企,000049.SH,SH
指数,000050,50等权,000050.SH,SH
指数,000051,180等权,000051.SH,SH
指数,000052,50基本,000052.SH,SH
指数,000053,180基本,000053.SH,SH
指数,000054,上证海外,000054.SH,SH
指数,000055,上证地企,000055.SH,SH
指数,000056,上证国企,000056.SH,SH
指数,000057,全指成长,000057.SH,SH
指数,000058,全指价值,000058.SH,SH
指数,000059,全R成长,000059.SH,SH
指数,000060,全R价值,000060.SH,SH
指数,000062,上证沪企,000062.SH,SH
指数,000063,上证周期,000063.SH,SH
指数,000064,非周期,000064.SH,SH
指数,000065,上证龙头,000065.SH,SH
指数,000066,上证商品,000066.SH,SH
指数,000067,上证新兴,000067.SH,SH
指数,000068,上证资源,000068.SH,SH
指数,000069,消费80,000069.SH,SH
指数,000070,能源等权,000070.SH,SH
指数,000071,材料等权,000071.SH,SH
指数,000072,工业等权,000072.SH,SH
指数,000073,可选等权,000073.SH,SH
指数,000074,消费等权,000074.SH,SH
指数,000075,医药等权,000075.SH,SH
指数,000076,金融等权,000076.SH,SH
指数,000077,信息等权,000077.SH,SH
指数,000078,通信等权,000078.SH,SH
指数,000079,公用等权,000079.SH,SH
指数,000090,上证流通,000090.SH,SH
指数,000091,沪财中小,000091.SH,SH
指数,000092,资源50,000092.SH,SH
指数,000093,180分层,000093.SH,SH
指数,000094,上证上游,000094.SH,SH
指数,000095,上证中游,000095.SH,SH
指数,000096,上证下游,000096.SH,SH
指数,000097,高端装备,000097.SH,SH
指数,000098,上证F200,000098.SH,SH
指数,000099,上证F300,000099.SH,SH
指数,000100,上证F500,000100.SH,SH
指数,000102,沪投资品,000102.SH,SH
指数,000103,沪消费品,000103.SH,SH
指数,000104,380能源,000104.SH,SH
指数,000105,380材料,000105.SH,SH
指数,000106,380工业,000106.SH,SH
指数,000107,380可选,000107.SH,SH
指数,000108,380消费,000108.SH,SH
指数,000109,380医药,000109.SH,SH
指数,000110,380金融,000110.SH,SH
指数,000111,380信息,000111.SH,SH
指数,000112,380电信,000112.SH,SH
指数,000113,380公用,000113.SH,SH
指数,000114,持续产业,000114.SH,SH
指数,000115,380等权,000115.SH,SH
指数,000117,380成长,000117.SH,SH
指数,000118,380价值,000118.SH,SH
指数,000119,380R成长,000119.SH,SH
指数,000120,380R价值,000120.SH,SH
指数,000121,医药主题,000121.SH,SH
指数,000122,上证农业,000122.SH,SH
指数,000123,上证180动态,000123.SH,SH
指数,000124,100等权,000124.SH,SH
指数,000125,上证180稳定,000125.SH,SH
指数,000126,消费50,000126.SH,SH
指数,000128,380基本,000128.SH,SH
指数,000129,180波动,000129.SH,SH
指数,000130,380波动,000130.SH,SH
指数,000131,上证高新,000131.SH,SH
指数,000132,上证100,000132.SH,SH
指数,000133,上证150,000133.SH,SH
指数,000134,上证银行,000134.SH,SH
指数,000135,上证180高贝塔,000135.SH,SH
指数,000136,上证180低贝塔,000136.SH,SH
指数,000137,上证380高贝塔,000137.SH,SH
指数,000138,上证380低贝塔,000138.SH,SH
指数,000141,上证380动态,000141.SH,SH
指数,000142,上证380稳定,000142.SH,SH
指数,000145,优势资源,000145.SH,SH
指数,000146,优势制造,000146.SH,SH
指数,000147,优势消费,000147.SH,SH
指数,000148,消费领先,000148.SH,SH
指数,000149,上证180红利,000149.SH,SH
指数,000150,上证380红利,000150.SH,SH
指数,000151,上国红利,000151.SH,SH
指数,000152,上证央企红利,000152.SH,SH
指数,000153,上证民企红利,000153.SH,SH
指数,000155,上证市值百强,000155.SH,SH
指数,000158,上证环保,000158.SH,SH
指数,000159,沪股通,000159.SH,SH
指数,000160,沪新丝路,000160.SH,SH
指数,000161,沪中国造,000161.SH,SH
指数,000162,沪互联+,000162.SH,SH
指数,000170,50AH优选,000170.SH,SH
指数,000171,新兴成指,000171.CSI,CSI
指数,000300,沪深300,000300.SH,SH
指数,000300CAD13,沪深300CAD(CNH)(LN),000300CAD13.CSI,CSI
指数,000300CAD14,沪深300(全)CAD(CNH)(LN),000300CAD14.CSI,CSI
指数,000300CAD15,沪深300(净)CAD(CNH)(LN),000300CAD15.CSI,CSI
指数,000300GBP00,沪深300GBP,000300GBP00.CSI,CSI
指数,000300GBP01,沪深300(全)GBP,000300GBP01.CSI,CSI
指数,000300GBP02,沪深300(净)GBP,000300GBP02.CSI,CSI
指数,000300HKD00,沪深300HKD,000300HKD00.CSI,CSI
指数,000300HKD01,沪深300(全)HKD,000300HKD01.CSI,CSI
指数,000300HKD02,沪深300(净)HKD,000300HKD02.CSI,CSI
指数,000300HKD07,沪深300HKD(CNH),000300HKD07.CSI,CSI
指数,000300HKD08,沪深300(全)HKD(CNH),000300HKD08.CSI,CSI
指数,000300USD13,沪深300USD(CNH)(LN),000300USD13.CSI,CSI
指数,000300USD14,沪深300(全)USD(CNH)(LN),000300USD14.CSI,CSI
指数,000300USD15,沪深300(净)USD(CNH)(LN),000300USD15.CSI,CSI
指数,000300USD16,沪深300USD(CNH)(NY),000300USD16.CSI,CSI
指数,000300USD17,沪深300(全)USD(CNH)(NY),000300USD17.CSI,CSI
指数,000300USD18,沪深300(净)USD(CNH)(NY),000300USD18.CSI,CSI
指数,000500,内地企业,000500.CSI,CSI
指数,000500CNY01,内地企业(全),000500CNY01.CSI,CSI
指数,000500HKD00,内地企业HKD,000500HKD00.CSI,CSI
指数,000500HKD01,内地企业(全)HKD,000500HKD01.CSI,CSI
指数,000500HKD07,内地企业HKD(CNH),000500HKD07.CSI,CSI
指数,000500HKD08,内地企业(全)HKD(CNH),000500HKD08.CSI,CSI
指数,000500USD00,内地企业(USD),000500USD00.CSI,CSI
指数,000500USD01,内地企业(全)USD,000500USD01.CSI,CSI
指数,000500USD07,内地企业USD(CNH),000500USD07.CSI,CSI
指数,000500USD08,内地企业(全)USD(CNH),000500USD08.CSI,CSI
指数,000501,中国1000(CNY),000501.CSI,CSI
指数,000501CNY01,中国1000(全)CNY,000501CNY01.CSI,CSI
指数,000501HKD00,中国1000HKD,000501HKD00.CSI,CSI
指数,000501HKD01,中国1000(全)HKD,000501HKD01.CSI,CSI
指数,000501HKD07,中国1000HKD(CNH),000501HKD07.CSI,CSI
指数,000501HKD08,中国1000(全)HKD(CNH),000501HKD08.CSI,CSI
指数,000501USD00,中国1000(USD),000501USD00.CSI,CSI
指数,000501USD01,中国1000(全)USD,000501USD01.CSI,CSI
指数,000501USD07,中国1000USD(CNH),000501USD07.CSI,CSI
指数,000501USD08,中国1000(全)USD(CNH),000501USD08.CSI,CSI
指数,000510,中证A500,000510.CSI,CSI
指数,000510,中证A500,000510.SH,SH
指数,000510CNY010,中证A500全收益,000510CNY010.CSI,CSI
指数,000510CNY020,中证A500净收益,000510CNY020.CSI,CSI
指数,000510HKD200,中证A500HKD,000510HKD200.CSI,CSI
指数,000510HKD210,中证A500(全)HKD,000510HKD210.CSI,CSI
指数,000510HKD220,中证A500(净)HKD,000510HKD220.CSI,CSI
指数,000510HKD300,中证A500HKD(CNH),000510HKD300.CSI,CSI
指数,000510HKD310,中证A500(全)HKD(CNH),000510HKD310.CSI,CSI
指数,000510HKD320,中证A500(净)HKD(CNH),000510HKD320.CSI,CSI
指数,000510USD200,中证A500USD,000510USD200.CSI,CSI
指数,000510USD210,中证A500(全)USD,000510USD210.CSI,CSI
指数,000510USD220,中证A500(净)USD,000510USD220.CSI,CSI
指数,000510USD300,中证A500USD(CNH),000510USD300.CSI,CSI
指数,000510USD310,中证A500(全)USD(CNH),000510USD310.CSI,CSI
指数,000510USD320,中证A500(净)USD(CNH),000510USD320.CSI,CSI
指数,000680,科创综指,000680.SH,SH
指数,000680CNY020,科创综指净收益,000680CNY020.SH,SH
指数,000681,科创价格,000681.SH,SH
指数,000682,科创信息,000682.SH,SH
指数,000682CNY01,科创信息全收益,000682CNY01.SH,SH
指数,000683,科创生物,000683.SH,SH
指数,000683CNY01,科创生物全收益,000683CNY01.SH,SH
指数,000683CNY02,科创生物净收益,000683CNY02.SH,SH
指数,000685,科创芯片,000685.SH,SH
指数,000685CNY01,科创芯片全收益,000685CNY01.SH,SH
指数,000685CNY02,科创芯片净收益,000685CNY02.SH,SH
指数,000687,科创高装,000687.SH,SH
指数,000687CNY01,科创高装全收益,000687CNY01.SH,SH
指数,000687CNY02,科创高装净收益,000687CNY02.SH,SH
指数,000688,科创50,000688.SH,SH
指数,000688CNY01,科创50(全),000688CNY01.SH,SH
指数,000688EUR00,科创50EUR,000688EUR00.CSI,CSI
指数,000688EUR01,科创50(全)EUR,000688EUR01.CSI,CSI
指数,000688EUR02,科创50(净)EUR,000688EUR02.CSI,CSI
指数,000688GBP00,科创50GBP,000688GBP00.CSI,CSI
指数,000688GBP01,科创50(全)GBP,000688GBP01.CSI,CSI
指数,000688GBP02,科创50(净)GBP,000688GBP02.CSI,CSI
指数,000688HKD00,科创50HKD,000688HKD00.CSI,CSI
指数,000688HKD01,科创50(全)HKD,000688HKD01.CSI,CSI
指数,000688USD00,科创50USD,000688USD00.CSI,CSI
指数,000688USD01,科创50(全)USD,000688USD01.CSI,CSI
指数,000688USD07,科创50USD(CNH),000688USD07.CSI,CSI
指数,000688USD08,科创50(全)USD(CNH),000688USD08.CSI,CSI
指数,000689,科创材料,000689.SH,SH
指数,000689CNY01,科创材料全收益,000689CNY01.SH,SH
指数,000689CNY02,科创材料净收益,000689CNY02.SH,SH
指数,000690,科创成长,000690.SH,SH
指数,000690CNY01,科创成长全收益,000690CNY01.SH,SH
指数,000690CNY02,科创成长净收益,000690CNY02.SH,SH
指数,000691,科创ESG,000691.SH,SH
指数,000691CNY010,科创ESG全收益,000691CNY010.SH,SH
指数,000692,科创新能,000692.SH,SH
指数,000692CNY01,科创新能全收益,000692CNY01.SH,SH
指数,000692CNY02,科创新能净收益,000692CNY02.SH,SH
指数,000693,科创机械,000693.SH,SH
指数,000693CNY01,科创机械全收益,000693CNY01.SH,SH
指数,000693CNY02,科创机械净收益,000693CNY02.SH,SH
指数,000695,科长三角,000695.SH,SH
指数,000695CNY01,科长三角全收益,000695CNY01.SH,SH
指数,000695CNY02,科长三角净收益,000695CNY02.SH,SH
指数,000697,科大湾区,000697.SH,SH
指数,000697CNY01,科大湾区全收益,000697CNY01.SH,SH
指数,000697CNY02,科大湾区净收益,000697CNY02.SH,SH
指数,000698,科创100,000698.SH,SH
指数,000698CNY010,科创100(全),000698CNY010.SH,SH
指数,000698CNY020,科创100(净),000698CNY020.SH,SH
指数,000698EUR200,科创100EUR,000698EUR200.SH,SH
指数,000698EUR210,科创100(全)EUR,000698EUR210.SH,SH
指数,000698GBP200,科创100GBP,000698GBP200.SH,SH
指数,000698GBP210,科创100(全)GBP,000698GBP210.SH,SH
指数,000698HKD200,科创100HKD,000698HKD200.SH,SH
指数,000698HKD210,科创100(全)HKD,000698HKD210.SH,SH
指数,000698USD200,科创100USD,000698USD200.SH,SH
指数,000698USD210,科创100(全)USD,000698USD210.SH,SH
指数,000698USD300,科创100USD(CNH),000698USD300.SH,SH
指数,000698USD310,科创100(全)USD(CNH),000698USD310.SH,SH
指数,000699,科创200,000699.SH,SH
指数,000699CNY010,科创200(全),000699CNY010.SH,SH
指数,000699CNY020,科创200(净),000699CNY020.SH,SH
指数,000801,资源80,000801.CSI,CSI
指数,000801,资源80(SH),000801.SH,SH
指数,000802,500沪市,000802.SH,SH
指数,000803,300波动,000803.CSI,CSI
指数,000803,300波动(SH),000803.SH,SH
指数,000804,500波动,000804.CSI,CSI
指数,000804,500波动(SH),000804.SH,SH
指数,000805,A股资源,000805.CSI,CSI
指数,000806,消费服务,000806.CSI,CSI
指数,000807,食品饮料,000807.CSI,CSI
指数,000808,医药生物,000808.CSI,CSI
指数,000811,细分有色,000811.CSI,CSI
指数,000811,细分有色(SH),000811.SH,SH
指数,000812,细分机械,000812.CSI,CSI
指数,000812,细分机械(SH),000812.SH,SH
指数,000813,细分化工,000813.CSI,CSI
指数,000813,细分化工(SH),000813.SH,SH
指数,000814,细分医药,000814.SH,SH
指数,000815,细分食品,000815.CSI,CSI
指数,000815,细分食品(SH),000815.SH,SH
指数,000816,细分地产,000816.CSI,CSI
指数,000818,细分金融,000818.CSI,CSI
指数,000818,细分金融(SH),000818.SH,SH
指数,000819,有色金属,000819.SH,SH
指数,000820,煤炭指数,000820.CSI,CSI
指数,000820,煤炭指数(SH),000820.SH,SH
指数,000821,沪深300红利,000821.CSI,CSI
指数,000822,中证500红利,000822.CSI,CSI
指数,000822,中证500红利(SH),000822.SH,SH
指数,000823,800有色,000823.SH,SH
指数,000824,中证国企红利,000824.CSI,CSI
指数,000824,中证国企红利(SH),000824.SH,SH
指数,000825,中证央企红利,000825.CSI,CSI
指数,000825,中证央企红利(SH),000825.SH,SH
指数,000826,中证民企红利,000826.CSI,CSI
指数,000826,中证民企红利(SH),000826.SH,SH
指数,000827,中证环保,000827.SH,SH
指数,000828,沪深300高贝塔,000828.CSI,CSI
指数,000829,沪深300低贝塔,000829.CSI,CSI
指数,000829,沪深300低贝塔(SH),000829.SH,SH
指数,000830,中证500高贝塔,000830.CSI,CSI
指数,000830,中证500高贝塔(SH),000830.SH,SH
指数,000831,中证500低贝塔,000831.CSI,CSI
指数,000831,中证500低贝塔(SH),000831.SH,SH
指数,000834,价值7030,000834.CSI,CSI
指数,000835,价值3070,000835.CSI,CSI
指数,000836,成长7030,000836.CSI,CSI
指数,000837,成长3070,000837.CSI,CSI
指数,000838,中证创业价值,000838.CSI,CSI
指数,000838,中证创业价值(SH),000838.SH,SH
指数,000839,中证浙企综指,000839.CSI,CSI
指数,000839,中证浙企综指(SH),000839.SH,SH
指数,000840,中证浙江民企,000840.CSI,CSI
指数,000840,中证浙江民企(SH),000840.SH,SH
指数,000841,800医药(二级),000841.CSI,CSI
指数,000842,中证800等权,000842.CSI,CSI
指数,000843,沪深300动态,000843.CSI,CSI
指数,000843,沪深300动态(SH),000843.SH,SH
指数,000844,沪深300稳定,000844.CSI,CSI
指数,000844,沪深300稳定(SH),000844.SH,SH
指数,000846,中证ESG100,000846.CSI,CSI
指数,000847,腾讯济安,000847.SH,SH
指数,000849,300非银,000849.SH,SH
指数,000851,百发100,000851.SH,SH
指数,000852,中证1000,000852.SH,SH
指数,000853,CSSW丝路,000853.SH,SH
指数,000854,中证500原料,000854.SH,SH
指数,000855,央视500,000855.SH,SH
指数,000856,中证500工业,000856.SH,SH
指数,000857,中证500医药,000857.SH,SH
指数,000858,中证500信息,000858.SH,SH
指数,000859,国企一带一路,000859.CSI,CSI
指数,000860,结构调整,000860.CSI,CSI
指数,000861,央企创新,000861.CSI,CSI
指数,000863,CS精准医,000863.SH,SH
指数,000865,上海国企,000865.SH,SH
指数,000867,港中小企,000867.SH,SH
指数,000869,HK银行(HKD),000869.SH,SH
指数,000888,上证收益,000888.SH,SH
指数,000891,新兴综指,000891.CSI,CSI
指数,000894,中证A100USD,000894.CSI,CSI
指数,000901,小康指数,000901.SH,SH
指数,000902,中证流通,000902.CSI,CSI
指数,000902,中证流通(SH),000902.SH,SH
指数,000903,中证A100,000903.SH,SH
指数,000903USD210,中证A100(全)USD,000903USD210.CSI,CSI
指数,000903USD220,中证A100(净)USD,000903USD220.CSI,CSI
指数,000904,中证200,000904.CSI,CSI
指数,000905,中证500,000905.SH,SH
指数,000905SEK200,中证500SEK,000905SEK200.CSI,CSI
指数,000906,中证800,000906.SH,SH
指数,000907,中证700,000907.CSI,CSI
指数,000907,中证700(SH),000907.SH,SH
指数,000908,300能源,000908.CSI,CSI
指数,000909,300材料,000909.CSI,CSI
指数,000910,300工业,000910.CSI,CSI
指数,000911,300可选,000911.CSI,CSI
指数,000912,300消费,000912.CSI,CSI
指数,000913,300医药,000913.SH,SH
指数,000914,300金融,000914.SH,SH
指数,000915,沪深300信息,000915.CSI,CSI
指数,000915,沪深300信息(SH),000915.SH,SH
指数,000916,沪深300通信,000916.CSI,CSI
指数,000916,沪深300电信(SH),000916.SH,SH
指数,000917,300公用,000917.CSI,CSI
指数,000918,300成长,000918.CSI,CSI
指数,000919,300价值,000919.CSI,CSI
指数,000920,沪深300R成长,000920.CSI,CSI
指数,000920,沪深300R成长(SH),000920.SH,SH
指数,000921,沪深300R价值,000921.CSI,CSI
指数,000921,沪深300R价值(SH),000921.SH,SH
指数,000922,中证红利,000922.CSI,CSI
指数,000922CNY020,中证红利净收益,000922CNY020.CSI,CSI
指数,000925,基本面50,000925.CSI,CSI
指数,000926,中证央企,000926.CSI,CSI
指数,000926,中证央企(SH),000926.SH,SH
指数,000927,央企100,000927.CSI,CSI
指数,000927,央企100(SH),000927.SH,SH
指数,000928,800能源,000928.SH,SH
指数,000929,800材料,000929.CSI,CSI
指数,000929,800材料,000929.SH,SH
指数,000930,800工业,000930.CSI,CSI
指数,000930,800工业,000930.SH,SH
指数,000931,800可选,000931.CSI,CSI
指数,000932,800消费,000932.SH,SH
指数,000933,800医卫,000933.SH,SH
指数,000934,800金地,000934.SH,SH
指数,000935,800信息,000935.SH,SH
指数,000936,800通信,000936.CSI,CSI
指数,000936,800通信(SH),000936.SH,SH
指数,000937,800公用,000937.CSI,CSI
指数,000937,800公用(SH),000937.SH,SH
指数,000938,中证民企,000938.CSI,CSI
指数,000938,中证民企(SH),000938.SH,SH
指数,000939,民企成长,000939.CSI,CSI
指数,000940,财富大盘,000940.CSI,CSI
指数,000941,新能源,000941.CSI,CSI
指数,000941,新能源(SH),000941.SH,SH
指数,000942,内地消费,000942.CSI,CSI
指数,000942,内地消费(SH),000942.SH,SH
指数,000943,新基建50,000943.CSI,CSI
指数,000943,新基建50(SH),000943.SH,SH
指数,000944,内地资源,000944.CSI,CSI
指数,000945,内地运输,000945.CSI,CSI
指数,000945,内地运输(SH),000945.SH,SH
指数,000947,内地银行,000947.CSI,CSI
指数,000947,内地银行(SH),000947.SH,SH
指数,000948,内地地产,000948.CSI,CSI
指数,000948,内地地产(SH),000948.SH,SH
指数,000949,中证农业,000949.CSI,CSI
指数,000949,中证农业(SH),000949.SH,SH
指数,000950,300基建,000950.CSI,CSI
指数,000951,300银行,000951.CSI,CSI
指数,000952,300地产,000952.CSI,CSI
指数,000953,中证地企,000953.CSI,CSI
指数,000953,中证地企(SH),000953.SH,SH
指数,000954,地企100,000954.CSI,CSI
指数,000954,地企100(SH),000954.SH,SH
指数,000955,中证国企,000955.CSI,CSI
指数,000955,中证国企(SH),000955.SH,SH
指数,000956,国企200,000956.CSI,CSI
指数,000956,国企200(SH),000956.SH,SH
指数,000957,300运输,000957.CSI,CSI
指数,000958,创业成长,000958.CSI,CSI
指数,000959,银河99,000959.CSI,CSI
指数,000961,中证上游,000961.CSI,CSI
指数,000962,中证中游,000962.CSI,CSI
指数,000962,中证中游(SH),000962.SH,SH
指数,000963,中证下游,000963.CSI,CSI
指数,000964,中证新兴,000964.CSI,CSI
指数,000965,基本200,000965.CSI,CSI
指数,000965,基本200(SH),000965.SH,SH
指数,000966,基本400,000966.CSI,CSI
指数,000967,基本600,000967.CSI,CSI
指数,000967,基本600(SH),000967.SH,SH
指数,000968,300周期,000968.CSI,CSI
指数,000968,300周期(SH),000968.SH,SH
指数,000969,300非周,000969.CSI,CSI
指数,000970,ESG40,000970.CSI,CSI
指数,000970,ESG40(SH),000970.SH,SH
指数,000971,等权90,000971.CSI,CSI
指数,000972,300沪市,000972.CSI,CSI
指数,000972,300沪市(SH),000972.SH,SH
指数,000974,800金融,000974.SH,SH
指数,000975,钱江30,000975.CSI,CSI
指数,000977,内地低碳,000977.CSI,CSI
指数,000978,医药100,000978.CSI,CSI
指数,000979,大宗商品,000979.CSI,CSI
指数,000980,中证超大,000980.CSI,CSI
指数,000980,中证超大(SH),000980.SH,SH
指数,000981,300分层,000981.CSI,CSI
指数,000981,300分层(SH),000981.SH,SH
指数,000982,500等权,000982.SH,SH
指数,000984,300等权,000984.CSI,CSI
指数,000985,中证全指,000985.CSI,CSI
指数,000985,中证全指(SH),000985.SH,SH
指数,000985USD210,中证全指(全)USD,000985USD210.CSI,CSI
指数,000985USD220,中证全指(净)USD,000985USD220.CSI,CSI
指数,000985USD310,中证全指(全)USD(CNH),000985USD310.CSI,CSI
指数,000985USD320,中证全指(净)USD(CNH),000985USD320.CSI,CSI
指数,000986,全指能源,000986.SH,SH
指数,000987,全指材料,000987.SH,SH
指数,000988,全指工业,000988.CSI,CSI
指数,000988,全指工业(SH),000988.SH,SH
指数,000989,全指可选,000989.SH,SH
指数,000990,全指消费,000990.CSI,CSI
指数,000991,全指医药,000991.SH,SH
指数,000992,金融地产,000992.SH,SH
指数,000993,全指信息,000993.SH,SH
指数,000994,全指通信,000994.CSI,CSI
指数,000994,全指通信(SH),000994.SH,SH
指数,000995,全指公用,000995.CSI,CSI
指数,000995,全指公用(SH),000995.SH,SH
指数,000998,中证TMT,000998.CSI,CSI
指数,000999,两岸三地,000999.SH,SH
指数,001010,煤炭(长江),001010.CJ,CJ
指数,001011,油气石化(长江),001011.CJ,CJ
指数,001012,非金属材料(长江),001012.CJ,CJ
指数,001013,化学品(长江),001013.CJ,CJ
指数,001014,金属材料及矿业(长江),001014.CJ,CJ
指数,001015,纸类及包装(长江),001015.CJ,CJ
指数,001016,电力及新能源设备(长江),001016.CJ,CJ
指数,001017,机械设备(长江),001017.CJ,CJ
指数,001018,建筑产品(长江),001018.CJ,CJ
指数,001019,建筑工程(长江),001019.CJ,CJ
指数,001020,国防军工(长江),001020.CJ,CJ
指数,001021,交通运输(长江),001021.CJ,CJ
指数,001022,环保(长江),001022.CJ,CJ
指数,001023,检测服务(长江),001023.CJ,CJ
指数,001024,纺织服装(长江),001024.CJ,CJ
指数,001025,家电制造(长江),001025.CJ,CJ
指数,001026,家用装饰及休闲(长江),001026.CJ,CJ
指数,001027,汽车(长江),001027.CJ,CJ
指数,001028,社会服务(长江),001028.CJ,CJ
指数,001029,商业贸易(长江),001029.CJ,CJ
指数,001030,农产品(长江),001030.CJ,CJ
指数,001031,食品饮料(长江),001031.CJ,CJ
指数,001032,医疗保健(长江),001032.CJ,CJ
指数,001033,银行(长江),001033.CJ,CJ
指数,001034,综合金融(长江),001034.CJ,CJ
指数,001035,保险(长江),001035.CJ,CJ
指数,001036,电子(长江),001036.CJ,CJ
指数,001037,计算机(长江),001037.CJ,CJ
指数,001038,电信业务(长江),001038.CJ,CJ
指数,001039,传媒互联网(长江),001039.CJ,CJ
指数,001040,公用事业(长江),001040.CJ,CJ
指数,001041,房地产(长江),001041.CJ,CJ
指数,002001,煤炭开采及炼制(长江),002001.CJ,CJ
指数,002002,煤炭贸易Ⅱ(长江),002002.CJ,CJ
指数,002003,油气仓储与销售Ⅱ(长江),002003.CJ,CJ
指数,002004,油气开采及炼制(长江),002004.CJ,CJ
指数,002005,玻璃制造(长江),002005.CJ,CJ
指数,002006,玻纤及制品Ⅱ(长江),002006.CJ,CJ
指数,002007,其他非金属材料Ⅱ(长江),002007.CJ,CJ
指数,002008,水泥及混凝土(长江),002008.CJ,CJ
指数,002009,化学纤维(长江),002009.CJ,CJ
指数,002010,化学原料及制品(长江),002010.CJ,CJ
指数,002011,精细化工及新材料(长江),002011.CJ,CJ
指数,002012,农业化工(长江),002012.CJ,CJ
指数,002013,综合化工Ⅱ(长江),002013.CJ,CJ
指数,002014,钢铁制品(长江),002014.CJ,CJ
指数,002015,贵金属(长江),002015.CJ,CJ
指数,002016,基本有色金属(长江),002016.CJ,CJ
指数,002017,金属贸易与资讯(长江),002017.CJ,CJ
指数,002018,能源金属(长江),002018.CJ,CJ
指数,002019,其他钢铁制品(长江),002019.CJ,CJ
指数,002020,其他金属及材料Ⅱ(长江),002020.CJ,CJ
指数,002021,铁矿石开采Ⅱ(长江),002021.CJ,CJ
指数,002022,稀土磁材(长江),002022.CJ,CJ
指数,002023,非纸类包装印刷(长江),002023.CJ,CJ
指数,002024,纸包装Ⅱ(长江),002024.CJ,CJ
指数,002025,纸制品(长江),002025.CJ,CJ
指数,002026,传统发电设备Ⅱ(长江),002026.CJ,CJ
指数,002027,电气设备(长江),002027.CJ,CJ
指数,002028,工控及自动化(长江),002028.CJ,CJ
指数,002029,新能源车设备(长江),002029.CJ,CJ
指数,002030,新能源设备及制造(长江),002030.CJ,CJ
指数,002031,建筑及工程机械(长江),002031.CJ,CJ
指数,002032,通用机械(长江),002032.CJ,CJ
指数,002033,仪器仪表Ⅱ(长江),002033.CJ,CJ
指数,002034,运输设备(长江),002034.CJ,CJ
指数,002035,专用设备(长江),002035.CJ,CJ
指数,002036,煤炭设备Ⅱ(长江),002036.CJ,CJ
指数,002037,油气服务Ⅱ(长江),002037.CJ,CJ
指数,002038,装修建材(长江),002038.CJ,CJ
指数,002039,房屋建设Ⅱ(长江),002039.CJ,CJ
指数,002040,工程咨询Ⅱ(长江),002040.CJ,CJ
指数,002041,基础设施建设(长江),002041.CJ,CJ
指数,002042,建筑装饰Ⅱ(长江),002042.CJ,CJ
指数,002043,园林建设Ⅱ(长江),002043.CJ,CJ
指数,002044,专业工程(长江),002044.CJ,CJ
指数,002045,地面兵装Ⅱ(长江),002045.CJ,CJ
指数,002046,航空装备Ⅱ(长江),002046.CJ,CJ
指数,002047,航天装备Ⅱ(长江),002047.CJ,CJ
指数,002048,通用装备Ⅱ(长江),002048.CJ,CJ
指数,002049,海运(长江),002049.CJ,CJ
指数,002050,航空公司Ⅱ(长江),002050.CJ,CJ
指数,002051,交通基础设施(长江),002051.CJ,CJ
指数,002052,铁路与公路(长江),002052.CJ,CJ
指数,002053,物流及供应链Ⅱ(长江),002053.CJ,CJ
指数,002054,贸易及综合服务商(长江),002054.CJ,CJ
指数,002055,大气治理Ⅱ(长江),002055.CJ,CJ
指数,002056,固废治理(长江),002056.CJ,CJ
指数,002057,环境监测Ⅱ(长江),002057.CJ,CJ
指数,002058,节能节水(长江),002058.CJ,CJ
指数,002059,水处理(长江),002059.CJ,CJ
指数,002060,土壤修复Ⅱ(长江),002060.CJ,CJ
指数,002061,监测检测(长江),002061.CJ,CJ
指数,002062,纺织制造(长江),002062.CJ,CJ
指数,002063,品牌服饰(长江),002063.CJ,CJ
指数,002064,家电零部件Ⅱ(长江),002064.CJ,CJ
指数,002065,家用电器(长江),002065.CJ,CJ
指数,002066,家用消费电子(长江),002066.CJ,CJ
指数,002067,照明设备Ⅱ(长江),002067.CJ,CJ
指数,002068,家用轻工(长江),002068.CJ,CJ
指数,002069,文娱休闲用品Ⅱ(长江),002069.CJ,CJ
指数,002070,汽车经销及服务商(长江),002070.CJ,CJ
指数,002071,零部件(长江),002071.CJ,CJ
指数,002072,汽车制造(长江),002072.CJ,CJ
指数,002073,酒店餐饮及休闲(长江),002073.CJ,CJ
指数,002074,综合消费者服务(长江),002074.CJ,CJ
指数,002075,多元消费品贸易Ⅱ(长江),002075.CJ,CJ
指数,002076,品牌零售(长江),002076.CJ,CJ
指数,002077,商业物业经营(长江),002077.CJ,CJ
指数,002078,一般零售(长江),002078.CJ,CJ
指数,002079,专业连锁Ⅱ(长江),002079.CJ,CJ
指数,002080,农产品加工(长江),002080.CJ,CJ
指数,002081,畜禽养殖(长江),002081.CJ,CJ
指数,002082,林木及加工Ⅱ(长江),002082.CJ,CJ
指数,002083,种植业(长江),002083.CJ,CJ
指数,002084,渔业(长江),002084.CJ,CJ
指数,002085,白酒Ⅱ(长江),002085.CJ,CJ
指数,002086,其他酒精饮品(长江),002086.CJ,CJ
指数,002087,软饮料Ⅱ(长江),002087.CJ,CJ
指数,002088,食品(长江),002088.CJ,CJ
指数,002089,医疗服务(长江),002089.CJ,CJ
指数,002090,医疗器械Ⅱ(长江),002090.CJ,CJ
指数,002091,医药流通及零售(长江),002091.CJ,CJ
指数,002092,制药(长江),002092.CJ,CJ
指数,002093,城商行Ⅱ(长江),002093.CJ,CJ
指数,002094,股份行Ⅱ(长江),002094.CJ,CJ
指数,002095,国有行Ⅱ(长江),002095.CJ,CJ
指数,002096,农商行Ⅱ(长江),002096.CJ,CJ
指数,002097,多元金融(长江),002097.CJ,CJ
指数,002098,证券及期货(长江),002098.CJ,CJ
指数,002099,保险Ⅱ(长江),002099.CJ,CJ
指数,002100,半导体(长江),002100.CJ,CJ
指数,002101,电子产品(长江),002101.CJ,CJ
指数,002102,零部件及元器件(长江),002102.CJ,CJ
指数,002103,显示器件(长江),002103.CJ,CJ
指数,002104,计算机硬件及设备(长江),002104.CJ,CJ
指数,002105,软件(长江),002105.CJ,CJ
指数,002106,信息技术(长江),002106.CJ,CJ
指数,002107,通信设备(长江),002107.CJ,CJ
指数,002108,电信应用Ⅱ(长江),002108.CJ,CJ
指数,002109,运营商(长江),002109.CJ,CJ
指数,002110,互联网信息服务Ⅱ(长江),002110.CJ,CJ
指数,002111,媒体(长江),002111.CJ,CJ
指数,002112,娱乐(长江),002112.CJ,CJ
指数,002113,电力(长江),002113.CJ,CJ
指数,002114,复合型公用事业Ⅱ(长江),002114.CJ,CJ
指数,002115,燃气Ⅱ(长江),002115.CJ,CJ
指数,002116,水务(长江),002116.CJ,CJ
指数,002117,房地产服务(长江),002117.CJ,CJ
指数,002118,房地产开发管理(长江),002118.CJ,CJ
指数,003001,动力煤(长江),003001.CJ,CJ
指数,003002,炼焦煤(长江),003002.CJ,CJ
指数,003003,煤炭炼制(长江),003003.CJ,CJ
指数,003004,无烟煤(长江),003004.CJ,CJ
指数,003005,煤炭贸易Ⅲ(长江),003005.CJ,CJ
指数,003006,油气仓储与销售Ⅲ(长江),003006.CJ,CJ
指数,003007,油气开采(长江),003007.CJ,CJ
指数,003008,油气炼制(长江),003008.CJ,CJ
指数,003009,传统玻璃(长江),003009.CJ,CJ
指数,003010,光伏玻璃(长江),003010.CJ,CJ
指数,003011,玻纤及制品Ⅲ(长江),003011.CJ,CJ
指数,003012,其他非金属材料Ⅲ(长江),003012.CJ,CJ
指数,003013,混凝土制品(长江),003013.CJ,CJ
指数,003014,水泥制造(长江),003014.CJ,CJ
指数,003015,氨纶(长江),003015.CJ,CJ
指数,003016,涤纶(长江),003016.CJ,CJ
指数,003017,锦纶(长江),003017.CJ,CJ
指数,003018,其他纤维(长江),003018.CJ,CJ
指数,003019,粘胶(长江),003019.CJ,CJ
指数,003020,纯碱(长江),003020.CJ,CJ
指数,003021,氟化工(长江),003021.CJ,CJ
指数,003022,聚氨酯(长江),003022.CJ,CJ
指数,003023,磷化工(长江),003023.CJ,CJ
指数,003024,氯碱(长江),003024.CJ,CJ
指数,003025,民爆(长江),003025.CJ,CJ
指数,003026,其他化学原料(长江),003026.CJ,CJ
指数,003027,塑料制品(长江),003027.CJ,CJ
指数,003028,钛白粉(长江),003028.CJ,CJ
指数,003029,炭黑(长江),003029.CJ,CJ
指数,003030,无机盐(长江),003030.CJ,CJ
指数,003031,橡胶制品(长江),003031.CJ,CJ
指数,003032,日化品(长江),003032.CJ,CJ
指数,003033,电子化学品(长江),003033.CJ,CJ
指数,003034,印染化学品(长江),003034.CJ,CJ
指数,003035,胶粘剂和胶带(长江),003035.CJ,CJ
指数,003036,其他精细化工及新材料(长江),003036.CJ,CJ
指数,003037,碳纤维(长江),003037.CJ,CJ
指数,003038,添加剂(长江),003038.CJ,CJ
指数,003039,涂料油墨(长江),003039.CJ,CJ
指数,003040,氮肥(长江),003040.CJ,CJ
指数,003041,复合肥(长江),003041.CJ,CJ
指数,003042,钾肥(长江),003042.CJ,CJ
指数,003043,农药(长江),003043.CJ,CJ
指数,003044,综合化工Ⅲ(长江),003044.CJ,CJ
指数,003045,钢管(长江),003045.CJ,CJ
指数,003046,钢丝绳(长江),003046.CJ,CJ
指数,003047,普钢(长江),003047.CJ,CJ
指数,003048,白银(长江),003048.CJ,CJ
指数,003049,黄金(长江),003049.CJ,CJ
指数,003050,铝(长江),003050.CJ,CJ
指数,003051,铅锌(长江),003051.CJ,CJ
指数,003052,铜(长江),003052.CJ,CJ
指数,003053,锡(长江),003053.CJ,CJ
指数,003054,金属贸易(长江),003054.CJ,CJ
指数,003055,钴(长江),003055.CJ,CJ
指数,003056,锂(长江),003056.CJ,CJ
指数,003057,超硬材料(长江),003057.CJ,CJ
指数,003058,特钢(长江),003058.CJ,CJ
指数,003059,铁合金(长江),003059.CJ,CJ
指数,003060,其他金属及材料Ⅲ(长江),003060.CJ,CJ
指数,003061,铁矿石开采Ⅲ(长江),003061.CJ,CJ
指数,003062,磁性材料(长江),003062.CJ,CJ
指数,003063,稀土(长江),003063.CJ,CJ
指数,003064,其他包装印刷(长江),003064.CJ,CJ
指数,003065,塑料包装(长江),003065.CJ,CJ
指数,003066,金属包装(长江),003066.CJ,CJ
指数,003067,纸包装Ⅲ(长江),003067.CJ,CJ
指数,003068,工业用纸(长江),003068.CJ,CJ
指数,003069,生活用纸(长江),003069.CJ,CJ
指数,003070,传统发电设备Ⅲ(长江),003070.CJ,CJ
指数,003071,电网一次硬件(长江),003071.CJ,CJ
指数,003072,电网终端(长江),003072.CJ,CJ
指数,003073,电网自动化(长江),003073.CJ,CJ
指数,003074,电线电缆(长江),003074.CJ,CJ
指数,003075,电机及控制(长江),003075.CJ,CJ
指数,003076,电源设备(长江),003076.CJ,CJ
指数,003077,工控元器件(长江),003077.CJ,CJ
指数,003078,工业自动化(长江),003078.CJ,CJ
指数,003079,电池材料(长江),003079.CJ,CJ
指数,003080,其他电池(长江),003080.CJ,CJ
指数,003081,锂电池(长江),003081.CJ,CJ
指数,003082,风电零部件(长江),003082.CJ,CJ
指数,003083,风机制造(长江),003083.CJ,CJ
指数,003084,光伏制造(长江),003084.CJ,CJ
指数,003085,工程机械(长江),003085.CJ,CJ
指数,003087,重型机械(长江),003087.CJ,CJ
指数,003088,机床工具(长江),003088.CJ,CJ
指数,003089,机械基础件(长江),003089.CJ,CJ
指数,003090,磨具磨料(长江),003090.CJ,CJ
指数,003091,内燃机(长江),003091.CJ,CJ
指数,003092,其它通用机械(长江),003092.CJ,CJ
指数,003093,制冷空调设备(长江),003093.CJ,CJ
指数,003094,仪器仪表Ⅲ(长江),003094.CJ,CJ
指数,003095,船舶制造(长江),003095.CJ,CJ
指数,003096,铁路设备(长江),003096.CJ,CJ
指数,003097,半导体及3C设备(长江),003097.CJ,CJ
指数,003098,纺织服装设备(长江),003098.CJ,CJ
指数,003099,光伏设备(长江),003099.CJ,CJ
指数,003100,环保设备(长江),003100.CJ,CJ
指数,003101,锂电设备(长江),003101.CJ,CJ
指数,003102,楼宇设备(长江),003102.CJ,CJ
指数,003103,农用机械(长江),003103.CJ,CJ
指数,003104,其它专用机械(长江),003104.CJ,CJ
指数,003105,冶金化工设备(长江),003105.CJ,CJ
指数,003106,印刷包装机械(长江),003106.CJ,CJ
指数,003107,油气设备(长江),003107.CJ,CJ
指数,003108,煤炭设备Ⅲ(长江),003108.CJ,CJ
指数,003109,油气服务Ⅲ(长江),003109.CJ,CJ
指数,003110,防水材料(长江),003110.CJ,CJ
指数,003111,管材制品(长江),003111.CJ,CJ
指数,003112,门窗五金(长江),003112.CJ,CJ
指数,003113,其他装修建材(长江),003113.CJ,CJ
指数,003114,陶瓷制造(长江),003114.CJ,CJ
指数,003115,房屋建设Ⅲ(长江),003115.CJ,CJ
指数,003116,工程咨询Ⅲ(长江),003116.CJ,CJ
指数,003117,国际工程(长江),003117.CJ,CJ
指数,003118,基建(长江),003118.CJ,CJ
指数,003119,建筑装饰Ⅲ(长江),003119.CJ,CJ
指数,003120,园林建设Ⅲ(长江),003120.CJ,CJ
指数,003121,钢结构(长江),003121.CJ,CJ
指数,003122,化学工程(长江),003122.CJ,CJ
指数,003123,其他专业工程(长江),003123.CJ,CJ
指数,003124,地面兵装Ⅲ(长江),003124.CJ,CJ
指数,003125,航空装备Ⅲ(长江),003125.CJ,CJ
指数,003126,航天装备Ⅲ(长江),003126.CJ,CJ
指数,003127,通用装备Ⅲ(长江),003127.CJ,CJ
指数,003128,干散货(长江),003128.CJ,CJ
指数,003129,集运(长江),003129.CJ,CJ
指数,003130,客滚运输(长江),003130.CJ,CJ
指数,003131,油运(长江),003131.CJ,CJ
指数,003132,航空公司Ⅲ(长江),003132.CJ,CJ
指数,003133,港口(长江),003133.CJ,CJ
指数,003134,机场(长江),003134.CJ,CJ
指数,003135,高速公路(长江),003135.CJ,CJ
指数,003136,公共交通(长江),003136.CJ,CJ
指数,003137,铁路(长江),003137.CJ,CJ
指数,003138,快递(长江),003138.CJ,CJ
指数,003139,物流及供应链Ⅲ(长江),003139.CJ,CJ
指数,003140,工业品综合贸易(长江),003140.CJ,CJ
指数,003141,综合服务商(长江),003141.CJ,CJ
指数,003142,大气治理Ⅲ(长江),003142.CJ,CJ
指数,003143,环卫(长江),003143.CJ,CJ
指数,003144,湿垃圾(长江),003144.CJ,CJ
指数,003145,垃圾焚烧(长江),003145.CJ,CJ
指数,003146,再生资源(长江),003146.CJ,CJ
指数,003147,危废(长江),003147.CJ,CJ
指数,003148,生物质(长江),003148.CJ,CJ
指数,003149,环境监测Ⅲ(长江),003149.CJ,CJ
指数,003150,节能(长江),003150.CJ,CJ
指数,003151,节水(长江),003151.CJ,CJ
指数,003152,水环境工程设备(长江),003152.CJ,CJ
指数,003153,工业废水(长江),003153.CJ,CJ
指数,003154,水务运营(长江),003154.CJ,CJ
指数,003155,土壤修复Ⅲ(长江),003155.CJ,CJ
指数,003156,综合检测(长江),003156.CJ,CJ
指数,003157,建工建材检测(长江),003157.CJ,CJ
指数,003158,建工检测(长江),003158.CJ,CJ
指数,003159,电器检测(长江),003159.CJ,CJ
指数,003160,汽车检测(长江),003160.CJ,CJ
指数,003161,环境与可靠性实验(长江),003161.CJ,CJ
指数,003162,金属材料检测(长江),003162.CJ,CJ
指数,003163,医药检测(长江),003163.CJ,CJ
指数,003164,体外诊断(长江),003164.CJ,CJ
指数,003165,服装用纺织品(长江),003165.CJ,CJ
指数,003166,其他纺织品(长江),003166.CJ,CJ
指数,003167,纺织品贸易(长江),003167.CJ,CJ
指数,003168,家纺(长江),003168.CJ,CJ
指数,003169,服装(长江),003169.CJ,CJ
指数,003170,鞋帽箱包(长江),003170.CJ,CJ
指数,003171,其他服饰(长江),003171.CJ,CJ
指数,003172,家电零部件Ⅲ(长江),003172.CJ,CJ
指数,003173,白色家电(长江),003173.CJ,CJ
指数,003174,厨卫家电(长江),003174.CJ,CJ
指数,003175,小家电(长江),003175.CJ,CJ
指数,003176,黑色家电(长江),003176.CJ,CJ
指数,003177,照明设备Ⅲ(长江),003177.CJ,CJ
指数,003178,家具(长江),003178.CJ,CJ
指数,003179,其他家庭装饰(长江),003179.CJ,CJ
指数,003180,文娱休闲用品Ⅲ(长江),003180.CJ,CJ
指数,003181,汽车销售及服务(长江),003181.CJ,CJ
指数,003182,综合汽车服务(长江),003182.CJ,CJ
指数,003183,乘用车零部件(长江),003183.CJ,CJ
指数,003184,商用车零部件(长江),003184.CJ,CJ
指数,003185,轮胎(长江),003185.CJ,CJ
指数,003186,乘用车(长江),003186.CJ,CJ
指数,003187,卡车(长江),003187.CJ,CJ
指数,003188,摩托车及其他整车(长江),003188.CJ,CJ
指数,003189,轻卡及商用载客车(长江),003189.CJ,CJ
指数,003190,餐饮(长江),003190.CJ,CJ
指数,003191,景区及休闲设施(长江),003191.CJ,CJ
指数,003192,酒店及旅游服务(长江),003192.CJ,CJ
指数,003193,教育服务(长江),003193.CJ,CJ
指数,003194,其他消费者服务(长江),003194.CJ,CJ
指数,003195,人力资源(长江),003195.CJ,CJ
指数,003196,多元消费品贸易Ⅲ(长江),003196.CJ,CJ
指数,003197,化妆品(长江),003197.CJ,CJ
指数,003198,黄金珠宝(长江),003198.CJ,CJ
指数,003199,一般物业经营(长江),003199.CJ,CJ
指数,003200,专业市场(长江),003200.CJ,CJ
指数,003201,百货(长江),003201.CJ,CJ
指数,003202,超市(长江),003202.CJ,CJ
指数,003203,电商(长江),003203.CJ,CJ
指数,003204,多业态零售(长江),003204.CJ,CJ
指数,003205,专业连锁Ⅲ(长江),003205.CJ,CJ
指数,003206,其他农产品加工(长江),003206.CJ,CJ
指数,003207,宠物食品(长江),003207.CJ,CJ
指数,003208,制糖业(长江),003208.CJ,CJ
指数,003209,畜牧养殖(长江),003209.CJ,CJ
指数,003210,动物疫苗及兽药(长江),003210.CJ,CJ
指数,003211,饲料加工(长江),003211.CJ,CJ
指数,003212,禽养殖(长江),003212.CJ,CJ
指数,003213,林木及加工Ⅲ(长江),003213.CJ,CJ
指数,003214,种业(长江),003214.CJ,CJ
指数,003215,种植(长江),003215.CJ,CJ
指数,003216,水产捕捞(长江),003216.CJ,CJ
指数,003217,水产品加工(长江),003217.CJ,CJ
指数,003218,水产养殖(长江),003218.CJ,CJ
指数,003219,白酒Ⅲ(长江),003219.CJ,CJ
指数,003220,红酒(长江),003220.CJ,CJ
指数,003221,黄酒(长江),003221.CJ,CJ
指数,003222,啤酒(长江),003222.CJ,CJ
指数,003223,其他酒类(长江),003223.CJ,CJ
指数,003224,软饮料Ⅲ(长江),003224.CJ,CJ
指数,003225,肉制品(长江),003225.CJ,CJ
指数,003226,乳制品(长江),003226.CJ,CJ
指数,003227,食品综合(长江),003227.CJ,CJ
指数,003228,调味品(长江),003228.CJ,CJ
指数,003229,休闲食品(长江),003229.CJ,CJ
指数,003230,CRO/CMO(长江),003230.CJ,CJ
指数,003231,其他医疗服务(长江),003231.CJ,CJ
指数,003232,医疗器械Ⅲ(长江),003232.CJ,CJ
指数,003233,医药零售(长江),003233.CJ,CJ
指数,003234,医药流通(长江),003234.CJ,CJ
指数,003235,化学制药(长江),003235.CJ,CJ
指数,003236,生物制品(长江),003236.CJ,CJ
指数,003237,中药(长江),003237.CJ,CJ
指数,003238,城商行Ⅲ(长江),003238.CJ,CJ
指数,003239,股份行Ⅲ(长江),003239.CJ,CJ
指数,003240,国有行Ⅲ(长江),003240.CJ,CJ
指数,003241,农商行Ⅲ(长江),003241.CJ,CJ
指数,003242,互联网金融(长江),003242.CJ,CJ
指数,003243,金融控股平台(长江),003243.CJ,CJ
指数,003244,投资公司(长江),003244.CJ,CJ
指数,003245,信托(长江),003245.CJ,CJ
指数,003246,资产管理公司(长江),003246.CJ,CJ
指数,003247,租赁(长江),003247.CJ,CJ
指数,003248,期货(长江),003248.CJ,CJ
指数,003249,证券(长江),003249.CJ,CJ
指数,003250,财产险(长江),003250.CJ,CJ
指数,003251,人身险(长江),003251.CJ,CJ
指数,003252,综合保险(长江),003252.CJ,CJ
指数,003253,LED封装(长江),003253.CJ,CJ
指数,003254,LED芯片(长江),003254.CJ,CJ
指数,003255,LED应用(长江),003255.CJ,CJ
指数,003256,半导体材料(长江),003256.CJ,CJ
指数,003257,半导体分销(长江),003257.CJ,CJ
指数,003258,半导体设备(长江),003258.CJ,CJ
指数,003259,分立器件(长江),003259.CJ,CJ
指数,003260,集成电路封测(长江),003260.CJ,CJ
指数,003261,集成电路设计(长江),003261.CJ,CJ
指数,003262,电子终端品(长江),003262.CJ,CJ
指数,003263,其他电子产品制造(长江),003263.CJ,CJ
指数,003264,电子专用设备(长江),003264.CJ,CJ
指数,003265,被动元器件(长江),003265.CJ,CJ
指数,003266,光学元件(长江),003266.CJ,CJ
指数,003267,消费电子零部件(长江),003267.CJ,CJ
指数,003268,印制电路板(长江),003268.CJ,CJ
指数,003269,显示材料(长江),003269.CJ,CJ
指数,003270,显示面板(长江),003270.CJ,CJ
指数,003271,显示器(长江),003271.CJ,CJ
指数,003272,专业硬件(长江),003272.CJ,CJ
指数,003273,通用硬件(长江),003273.CJ,CJ
指数,003274,金融硬件(长江),003274.CJ,CJ
指数,003275,工业信息化(长江),003275.CJ,CJ
指数,003276,互联网软件服务(长江),003276.CJ,CJ
指数,003277,基础及通用软件(长江),003277.CJ,CJ
指数,003278,教育信息化(长江),003278.CJ,CJ
指数,003279,金融信息化(长江),003279.CJ,CJ
指数,003280,其他专用软件(长江),003280.CJ,CJ
指数,003281,系统集成(长江),003281.CJ,CJ
指数,003282,医疗信息化(长江),003282.CJ,CJ
指数,003283,政务信息化(长江),003283.CJ,CJ
指数,003284,互联网服务及基础架构(长江),003284.CJ,CJ
指数,003285,信息安全(长江),003285.CJ,CJ
指数,003286,IT服务(长江),003286.CJ,CJ
指数,003287,智慧城市(长江),003287.CJ,CJ
指数,003288,北斗(长江),003288.CJ,CJ
指数,003289,光通信(长江),003289.CJ,CJ
指数,003290,数据通信设备(长江),003290.CJ,CJ
指数,003291,无线设备(长江),003291.CJ,CJ
指数,003292,物联网(长江),003292.CJ,CJ
指数,003293,电信应用Ⅲ(长江),003293.CJ,CJ
指数,003294,电信运营商(长江),003294.CJ,CJ
指数,003295,专网通信(长江),003295.CJ,CJ
指数,003296,互联网信息服务Ⅲ(长江),003296.CJ,CJ
指数,003297,出版(长江),003297.CJ,CJ
指数,003298,广播电视(长江),003298.CJ,CJ
指数,003299,广告营销(长江),003299.CJ,CJ
指数,003300,影视制作(长江),003300.CJ,CJ
指数,003301,院线(长江),003301.CJ,CJ
指数,003302,游戏(长江),003302.CJ,CJ
指数,003303,电网运营(长江),003303.CJ,CJ
指数,003304,火电发电运营(长江),003304.CJ,CJ
指数,003305,水电发电运营(长江),003305.CJ,CJ
指数,003306,新能源发电运营(长江),003306.CJ,CJ
指数,003307,复合型公用事业Ⅲ(长江),003307.CJ,CJ
指数,003308,燃气Ⅲ(长江),003308.CJ,CJ
指数,003309,水务系统(长江),003309.CJ,CJ
指数,003310,地产中介服务(长江),003310.CJ,CJ
指数,003311,房地产金融(长江),003311.CJ,CJ
指数,003312,物业管理(长江),003312.CJ,CJ
指数,003313,地产开发(长江),003313.CJ,CJ
指数,003314,商业物业(长江),003314.CJ,CJ
指数,003315,园区开发(长江),003315.CJ,CJ
指数,10200080,中国年金指数A0010,10200080.PI,PI
指数,10208000,中国年金指数A0090,10208000.PI,PI
指数,10307000,中国年金指数A0080,10307000.PI,PI
指数,10351550,中国年金指数A0020,10351550.PI,PI
指数,10406000,中国年金指数A0070,10406000.PI,PI
指数,10503020,中国年金指数A0030,10503020.PI,PI
指数,10505000,中国年金指数A0060,10505000.PI,PI
指数,105653,MSCI俄罗斯,105653.MI,MI
指数,105765,MSCI摩洛哥,105765.MI,MI
指数,105766,MSCI埃及,105766.MI,MI
指数,105767,MSCI印度尼西亚,105767.MI,MI
指数,105768,MSCI马来西亚,105768.MI,MI
指数,105769,MSCI泰国,105769.MI,MI
指数,105771,MSCI澳大利亚成长,105771.MI,MI
指数,105772,MSCI澳大利亚价值,105772.MI,MI
指数,105773,MSCI奥地利成长,105773.MI,MI
指数,105774,MSCI奥地利价值,105774.MI,MI
指数,105775,MSCI比利时成长,105775.MI,MI
指数,105776,MSCI比利时价值,105776.MI,MI
指数,105777,MSCI加拿大成长,105777.MI,MI
指数,105778,MSCI加拿大价值,105778.MI,MI
指数,105779,MSCI丹麦成长,105779.MI,MI
指数,105780,MSCI丹麦价值,105780.MI,MI
指数,105783,MSCI芬兰成长,105783.MI,MI
指数,105784,MSCI芬兰价值,105784.MI,MI
指数,105785,MSCI法国成长,105785.MI,MI
指数,105786,MSCI法国价值,105786.MI,MI
指数,105787,MSCI德国成长,105787.MI,MI
指数,105788,MSCI德国价值,105788.MI,MI
指数,105791,MSCI爱尔兰成长,105791.MI,MI
指数,105792,MSCI爱尔兰价值,105792.MI,MI
指数,105793,MSCI意大利成长,105793.MI,MI
指数,105794,MSCI意大利价值,105794.MI,MI
指数,105795,MSCI日本成长,105795.MI,MI
指数,105796,MSCI日本价值,105796.MI,MI
指数,105801,MSCI荷兰成长,105801.MI,MI
指数,105802,MSCI荷兰价值,105802.MI,MI
指数,105803,MSCI新西兰成长,105803.MI,MI
指数,105804,MSCI新西兰价值,105804.MI,MI
指数,105807,MSCI挪威成长,105807.MI,MI
指数,105808,MSCI挪威价值,105808.MI,MI
指数,105809,MSCI新加坡成长自由,105809.MI,MI
指数,105810,MSCI新加坡价值自由,105810.MI,MI
指数,105811,MSCI新加坡成长,105811.MI,MI
指数,105812,MSCI新加坡价值,105812.MI,MI
指数,105813,MSCI西班牙成长,105813.MI,MI
指数,105814,MSCI西班牙价值,105814.MI,MI
指数,105817,MSCI瑞典成长,105817.MI,MI
指数,105818,MSCI瑞典价值,105818.MI,MI
指数,105821,MSCI瑞士成长,105821.MI,MI
指数,105822,MSCI瑞士价值,105822.MI,MI
指数,105823,MSCI英国成长,105823.MI,MI
指数,105824,MSCI英国价值,105824.MI,MI
指数,105825,MSCI美国成长,105825.MI,MI
指数,105826,MSCI美国价值,105826.MI,MI
指数,105827,MSCI欧澳远东+加拿大成长,105827.MI,MI
指数,105828,MSCI欧澳远东+加拿大价值,105828.MI,MI
指数,105829,MSCI欧澳远东(除英国)成长,105829.MI,MI
指数,105830,MSCI欧澳远东(除英国)价值,105830.MI,MI
指数,105831,MSCI欧澳远东成长自由,105831.MI,MI
指数,105832,MSCI欧澳远东价值自由,105832.MI,MI
指数,105833,MSCI欧澳远东成长,105833.MI,MI
指数,105834,MSCI欧澳远东价值,105834.MI,MI
指数,105835,MSCI欧澳远东(除日本)成长,105835.MI,MI
指数,105836,MSCI欧澳远东(除日本)价值,105836.MI,MI
指数,105837,MSCI欧洲(除英国)成长,105837.MI,MI
指数,105838,MSCI欧洲(除英国)价值,105838.MI,MI
指数,105843,MSCI欧洲成长,105843.MI,MI
指数,105844,MSCI欧洲价值,105844.MI,MI
指数,105845,MSCI远东成长自由,105845.MI,MI
指数,105846,MSCI远东价值自由,105846.MI,MI
指数,105847,MSCI远东成长,105847.MI,MI
指数,105848,MSCI远东价值,105848.MI,MI
指数,105849,MSCIKOKUSAI成长,105849.MI,MI
指数,105850,MSCIKOKUSAI价值,105850.MI,MI
指数,105853,MSCI北欧国家成长,105853.MI,MI
指数,105854,MSCI北欧价值,105854.MI,MI
指数,105855,MSCI北美成长,105855.MI,MI
指数,105856,MSCI北美价值,105856.MI,MI
指数,105857,MSCI太平洋地区(除日本)成长,105857.MI,MI
指数,105858,MSCI太平洋地区(除日本)价值,105858.MI,MI
指数,105859,MSCI太平洋地区(除日本)成长自由,105859.MI,MI
指数,105860,MSCI太平洋地区(除日本)价值自由,105860.MI,MI
指数,105861,MSCI太平洋地区成长自由,105861.MI,MI
指数,105862,MSCI太平洋地区价值自由,105862.MI,MI
指数,105863,MSCI太平洋地区成长,105863.MI,MI
指数,105864,MSCI太平洋地区价值,105864.MI,MI
指数,105865,MSCI发达市场成长自由,105865.MI,MI
指数,105866,MSCI发达市场价值自由,105866.MI,MI
指数,105867,MSCI发达市场成长,105867.MI,MI
指数,105868,MSCI发达市场价值,105868.MI,MI
指数,105869,MSCI发达市场(除澳)成长,105869.MI,MI
指数,105870,MSCI发达市场(除澳)价值,105870.MI,MI
指数,105871,MSCI发达市场(除英国)成长,105871.MI,MI
指数,105872,MSCI发达市场(除英国)价值,105872.MI,MI
指数,105873,MSCI发达市场(除美国)成长,105873.MI,MI
指数,105874,MSCI发达市场(除美国)价值,105874.MI,MI
指数,105882,MSCI巴西成长,105882.MI,MI
指数,105883,MSCI巴西价值,105883.MI,MI
指数,105884,MSCI智利成长,105884.MI,MI
指数,105885,MSCI智利价值,105885.MI,MI
指数,105890,MSCI中国成长(美元),105890.MI,MI
指数,105890L,MSCI中国成长(Local),105890L.MI,MI
指数,105891,MSCI中国价值(美元),105891.MI,MI
指数,105891L,MSCI中国价值(Local),105891L.MI,MI
指数,105892,MSCI哥伦比亚成长,105892.MI,MI
指数,105893,MSCI哥伦比亚价值,105893.MI,MI
指数,105894,MSCI捷克共和国成长,105894.MI,MI
指数,105895,MSCI捷克共和国价值,105895.MI,MI
指数,105896,MSCI埃及成长,105896.MI,MI
指数,105897,MSCI埃及价值,105897.MI,MI
指数,105898,MSCI希腊成长,105898.MI,MI
指数,105899,MSCI希腊价值,105899.MI,MI
指数,105900,MSCI匈牙利成长,105900.MI,MI
指数,105901,MSCI匈牙利价值,105901.MI,MI
指数,105902,MSCI印度成长,105902.MI,MI
指数,105903,MSCI印度价值,105903.MI,MI
指数,105904,MSCI印度尼西亚成长,105904.MI,MI
指数,105905,MSCI印度尼西亚价值,105905.MI,MI
指数,105912,MSCI以色列成长,105912.MI,MI
指数,105913,MSCI以色列价值,105913.MI,MI
指数,105918,MSCI韩国成长,105918.MI,MI
指数,105919,MSCI韩国价值,105919.MI,MI
指数,105926,MSCI墨西哥成长,105926.MI,MI
指数,105927,MSCI墨西哥价值,105927.MI,MI
指数,105932,MSCI秘鲁成长,105932.MI,MI
指数,105933,MSCI秘鲁价值,105933.MI,MI
指数,105934,MSCI菲律宾成长,105934.MI,MI
指数,105935,MSCI菲律宾价值,105935.MI,MI
指数,105938,MSCI波兰成长,105938.MI,MI
指数,105939,MSCI波兰价值,105939.MI,MI
指数,105940,MSCI葡萄牙成长,105940.MI,MI
指数,105941,MSCI葡萄牙价值,105941.MI,MI
指数,105942,MSCI俄罗斯成长,105942.MI,MI
指数,105943,MSCI俄罗斯价值,105943.MI,MI
指数,105944,MSCI南非成长,105944.MI,MI
指数,105945,MSCI南非价值,105945.MI,MI
指数,105950,MSCI台湾成长,105950.MI,MI
指数,105951,MSCI台湾价值,105951.MI,MI
指数,105952,MSCI泰国成长,105952.MI,MI
指数,105953,MSCI泰国价值,105953.MI,MI
指数,105956,MSCI土耳其成长,105956.MI,MI
指数,105957,MSCI土耳其价值,105957.MI,MI
指数,105960,MSCI远东全市场(除日本)成长,105960.MI,MI
指数,105961,MSCI远东全市场(除日本)价值,105961.MI,MI
指数,105964,MSCI美洲成长,105964.MI,MI
指数,105965,MSCI美洲价值,105965.MI,MI
指数,105972,MSCI亚洲(除日本)成长,105972.MI,MI
指数,105973,MSCI亚洲(除日本)价值,105973.MI,MI
指数,105974,MSCI亚洲成长,105974.MI,MI
指数,105975,MSCI亚洲价值,105975.MI,MI
指数,105981,MSCI亚太地区(除日本)成长,105981.MI,MI
指数,105982,MSCI亚太地区(除日本)价值,105982.MI,MI
指数,105983,MSCI亚太地区成长,105983.MI,MI
指数,105984,MSCI亚太地区价值,105984.MI,MI
指数,105988,MSCI欧洲全市场&中东成长,105988.MI,MI
指数,105989,MSCI欧洲全市场&中东价值,105989.MI,MI
指数,105994,MSCI欧洲全市场成长,105994.MI,MI
指数,105995,MSCI欧洲全市场价值,105995.MI,MI
指数,106000,MSCI远东全市场(除日本香港)成长,106000.MI,MI
指数,106001,MSCI远东全市场(除日本香港)价值,106001.MI,MI
指数,106004,MSCI远东全市场成长,106004.MI,MI
指数,106005,MSCI远东全市场价值,106005.MI,MI
指数,106012,MSCI太平洋全市场(除日本香港)成长,106012.MI,MI
指数,106013,MSCI太平洋全市场(除日本香港)价值,106013.MI,MI
指数,106016,MSCI太平洋全市场(除日本)成长,106016.MI,MI
指数,106017,MSCI太平洋全市场(除日本)价值,106017.MI,MI
指数,106020,MSCI太平洋全市场成长,106020.MI,MI
指数,106021,MSCI太平洋全市场价值,106021.MI,MI
指数,106030,MSCI全球(除日本)成长,106030.MI,MI
指数,106031,MSCI全球(除日本)价值,106031.MI,MI
指数,10603505,中国年金指数A0040,10603505.PI,PI
指数,106036,MSCI全球(除美国)成长,106036.MI,MI
指数,106037,MSCI全球(除美国)价值,106037.MI,MI
指数,106038,MSCI全球成长,106038.MI,MI
指数,106039,MSCI全球价值,106039.MI,MI
指数,10604000,中国年金指数A0050,10604000.PI,PI
指数,106046,MSCI欧澳和远东+新兴市场成长,106046.MI,MI
指数,106047,MSCI欧澳和远东+新兴市场价值,106047.MI,MI
指数,106052,MSCI东欧新兴市场成长,106052.MI,MI
指数,106053,MSCI东欧新兴市场价值,106053.MI,MI
指数,106054,MSCI欧洲&中东新兴市场成长,106054.MI,MI
指数,106055,MSCI欧洲&中东新兴市场价值,106055.MI,MI
指数,106056,MSCI欧洲新兴市场成长,106056.MI,MI
指数,106057,MSCI欧洲新兴市场价值,106057.MI,MI
指数,106062,MSCI新兴市场成长,106062.MI,MI
指数,106063,MSCI新兴市场价值,106063.MI,MI
指数,106066,MSCI亚洲新兴市场成长,106066.MI,MI
指数,106067,MSCI亚洲新兴市场价值,106067.MI,MI
指数,106072,MSCI远东新兴市场成长,106072.MI,MI
指数,106073,MSCI远东新兴市场价值,106073.MI,MI
指数,106074,MSCI拉美新兴市场成长,106074.MI,MI
指数,106075,MSCI拉美新兴市场价值,106075.MI,MI
指数,106076,MSCI欧盟成长,106076.MI,MI
指数,106077,MSCI欧盟价值,106077.MI,MI
指数,106330,MSCI发达市场(除欧盟),106330.MI,MI
指数,106331,MSCI欧洲(除欧盟),106331.MI,MI
指数,106332,MSCI发达市场(除欧洲),106332.MI,MI
指数,106335,MSCI欧盟价值,106335.MI,MI
指数,106336,MSCI欧盟成长,106336.MI,MI
指数,106400,MSCI欧盟,106400.MI,MI
指数,106490,MSCI欧洲(除英国瑞士),106490.MI,MI
指数,106491,MSCI全球(除欧洲),106491.MI,MI
指数,106492,MSCI全球(除欧盟),106492.MI,MI
指数,106506,MSCI全球(除英国),106506.MI,MI
指数,106507,MSCI欧盟(除德国),106507.MI,MI
指数,106569,MSCIEURO,106569.MI,MI
指数,106570,MSCIPAN-EURO,106570.MI,MI
指数,106574,MSCI欧盟(除西班牙),106574.MI,MI
指数,106589,MSCI欧盟(除奥地利),106589.MI,MI
指数,106590,MSCI欧盟(除比利时),106590.MI,MI
指数,106591,MSCI欧盟(除芬兰),106591.MI,MI
指数,106592,MSCI欧盟(除法国),106592.MI,MI
指数,106593,MSCI欧盟(除爱尔兰),106593.MI,MI
指数,106594,MSCI欧盟(除意大利),106594.MI,MI
指数,106595,MSCI欧盟(除荷兰),106595.MI,MI
指数,106596,MSCI欧盟(除葡萄牙),106596.MI,MI
指数,106597,MSCI欧洲(除葡萄牙),106597.MI,MI
指数,106643,MSCI欧洲/能源Ⅰ,106643.MI,MI
指数,106644,MSCI欧洲/原材料Ⅰ,106644.MI,MI
指数,106645,MSCI欧洲/工业,106645.MI,MI
指数,106646,MSCI欧洲/非日常消费品,106646.MI,MI
指数,106647,MSCI欧洲/日常消费品,106647.MI,MI
指数,106648,MSCI欧洲/医疗保健,106648.MI,MI
指数,106649,MSCI欧洲/金融,106649.MI,MI
指数,106650,MSCI欧洲/信息科技,106650.MI,MI
指数,106651,MSCI欧洲/电信业务Ⅰ,106651.MI,MI
指数,106652,MSCI欧洲/公用事业Ⅰ,106652.MI,MI
指数,106653,MSCI欧洲/能源Ⅱ,106653.MI,MI
指数,106654,MSCI欧洲/原材料Ⅱ,106654.MI,MI
指数,106656,MSCI欧洲/资本商品,106656.MI,MI
指数,106657,MSCI欧洲/运输,106657.MI,MI
指数,106658,MSCI欧洲/商业与专业服务,106658.MI,MI
指数,106659,MSCI欧洲/汽车与汽车零部件,106659.MI,MI
指数,106660,MSCI欧洲/家庭与个人用品,106660.MI,MI
指数,106661,MSCI欧洲/消费者服务,106661.MI,MI
指数,106662,MSCI欧洲/零售业,106662.MI,MI
指数,106663,MSCI欧洲/媒体Ⅱ,106663.MI,MI
指数,106664,MSCI欧洲/食品饮料与烟草,106664.MI,MI
指数,106666,MSCI欧洲/生物制药与生命科技,106666.MI,MI
指数,106667,MSCI欧洲/医疗保健设备与服务,106667.MI,MI
指数,106668,MSCI欧洲/银行,106668.MI,MI
指数,106669,MSCI欧洲/保险Ⅱ,106669.MI,MI
指数,106670,MSCI欧洲/综合金融,106670.MI,MI
指数,106671,MSCI欧洲/房地产,106671.MI,MI
指数,106672,MSCI欧洲/技术硬件与设备,106672.MI,MI
指数,106673,MSCI欧洲/软件与服务,106673.MI,MI
指数,106674,MSCI欧洲/电信业务Ⅱ,106674.MI,MI
指数,106675,MSCI欧洲/公用事业Ⅱ,106675.MI,MI
指数,106676,MSCI欧洲/油气与供消费用燃料,106676.MI,MI
指数,106677,MSCI欧洲/航天航空与国防,106677.MI,MI
指数,106678,MSCI欧洲/化学制品,106678.MI,MI
指数,106679,MSCI欧洲/纸类与林业产品,106679.MI,MI
指数,106680,MSCI欧洲/金属与采矿,106680.MI,MI
指数,106681,MSCI欧洲/航空公司,106681.MI,MI
指数,106682,MSCI欧洲/海运,106682.MI,MI
指数,106683,MSCI欧洲/纺织品服装与奢侈品,106683.MI,MI
指数,106684,MSCI欧洲/汽车,106684.MI,MI
指数,106685,MSCI欧洲/食品与主要用品零售Ⅱ,106685.MI,MI
指数,106686,MSCI欧洲/生物科技,106686.MI,MI
指数,106687,MSCI欧洲/制药,106687.MI,MI
指数,106688,MSCI欧洲/通信设备,106688.MI,MI
指数,106689,MSCI欧洲/软件,106689.MI,MI
指数,106690,MSCI欧洲/互联网软件与服务,106690.MI,MI
指数,106691,MSCI欧洲/水公用事业,106691.MI,MI
指数,106692,MSCI欧洲/燃气公用事业,106692.MI,MI
指数,106693,MSCI欧洲/电力公用事业,106693.MI,MI
指数,106694,MSCI欧盟/能源Ⅰ,106694.MI,MI
指数,106695,MSCI欧盟/原材料Ⅰ,106695.MI,MI
指数,106696,MSCI欧盟/工业,106696.MI,MI
指数,106697,MSCI欧盟/非日常消费品,106697.MI,MI
指数,106698,MSCI欧盟/日常消费品,106698.MI,MI
指数,106699,MSCI欧盟/医疗保健,106699.MI,MI
指数,106700,MSCI欧盟/金融,106700.MI,MI
指数,106701,MSCI欧盟/信息科技,106701.MI,MI
指数,106702,MSCI欧盟/电信业务Ⅰ,106702.MI,MI
指数,106703,MSCI欧盟/公用事业Ⅰ,106703.MI,MI
指数,106704,MSCI欧盟/能源Ⅱ,106704.MI,MI
指数,106705,MSCI欧盟/原材料Ⅱ,106705.MI,MI
指数,106707,MSCI欧盟/资本商品,106707.MI,MI
指数,106708,MSCI欧盟/运输,106708.MI,MI
指数,106709,MSCI欧盟/商业与专业服务,106709.MI,MI
指数,106710,MSCI欧盟/汽车与汽车零部件,106710.MI,MI
指数,106711,MSCI欧盟/家庭与个人用品,106711.MI,MI
指数,106712,MSCI欧盟/消费者服务,106712.MI,MI
指数,106713,MSCI欧盟/零售业,106713.MI,MI
指数,106714,MSCI欧盟/媒体Ⅱ,106714.MI,MI
指数,106715,MSCI欧盟/食品饮料与烟草,106715.MI,MI
指数,106717,MSCI欧盟/生物制药与生命科技,106717.MI,MI
指数,106718,MSCI欧盟/医疗保健设备与服务,106718.MI,MI
指数,106719,MSCI欧盟/银行,106719.MI,MI
指数,106720,MSCI欧盟/保险Ⅱ,106720.MI,MI
指数,106721,MSCI欧盟/综合金融,106721.MI,MI
指数,106722,MSCI欧盟/房地产,106722.MI,MI
指数,106723,MSCI欧盟/技术硬件与设备,106723.MI,MI
指数,106724,MSCI欧盟/软件与服务,106724.MI,MI
指数,106725,MSCI欧盟/电信业务Ⅱ,106725.MI,MI
指数,106726,MSCI欧盟/公用事业Ⅱ,106726.MI,MI
指数,106727,MSCI欧盟/油气与供消费用燃料,106727.MI,MI
指数,106728,MSCI欧盟/航天航空与国防,106728.MI,MI
指数,106729,MSCI欧盟/化学制品,106729.MI,MI
指数,106730,MSCI欧盟/纸类与林业产品,106730.MI,MI
指数,106731,MSCI欧盟/金属与采矿,106731.MI,MI
指数,106732,MSCI欧盟/航空公司,106732.MI,MI
指数,106734,MSCI欧盟/纺织品服装与奢侈品,106734.MI,MI
指数,106735,MSCI欧盟/汽车,106735.MI,MI
指数,106736,MSCI欧盟/食品与主要用品零售Ⅱ,106736.MI,MI
指数,106737,MSCI欧盟/生物科技,106737.MI,MI
指数,106738,MSCI欧盟/制药,106738.MI,MI
指数,106739,MSCI欧盟/通信设备,106739.MI,MI
指数,106740,MSCI欧盟/软件,106740.MI,MI
指数,106743,MSCI欧盟/燃气公用事业,106743.MI,MI
指数,106744,MSCI欧盟/电力公用事业,106744.MI,MI
指数,106745,MSCI全球/能源Ⅰ,106745.MI,MI
指数,106746,MSCI全球/原材料Ⅰ,106746.MI,MI
指数,106747,MSCI全球/工业,106747.MI,MI
指数,106748,MSCI全球/非日常消费品,106748.MI,MI
指数,106749,MSCI全球/日常消费品,106749.MI,MI
指数,106750,MSCI全球/医疗保健,106750.MI,MI
指数,106751,MSCI全球/金融,106751.MI,MI
指数,106752,MSCI全球/信息科技,106752.MI,MI
指数,106753,MSCI全球/电信业务Ⅰ,106753.MI,MI
指数,106754,MSCI全球/公用事业Ⅰ,106754.MI,MI
指数,106755,MSCI全球/能源Ⅱ,106755.MI,MI
指数,106756,MSCI全球/原材料Ⅱ,106756.MI,MI
指数,106758,MSCI全球/资本商品,106758.MI,MI
指数,106759,MSCI全球/运输,106759.MI,MI
指数,106760,MSCI全球/商业与专业服务,106760.MI,MI
指数,106761,MSCI全球/汽车与汽车零部件,106761.MI,MI
指数,106762,MSCI全球/家庭与个人用品,106762.MI,MI
指数,106763,MSCI全球/消费者服务,106763.MI,MI
指数,106764,MSCI全球/零售业,106764.MI,MI
指数,106765,MSCI全球/媒体Ⅱ,106765.MI,MI
指数,106766,MSCI全球/食品饮料与烟草,106766.MI,MI
指数,106768,MSCI全球/生物制药与生命科技,106768.MI,MI
指数,106769,MSCI全球/医疗保健设备与服务,106769.MI,MI
指数,106770,MSCI全球/银行,106770.MI,MI
指数,106771,MSCI全球/保险Ⅱ,106771.MI,MI
指数,106772,MSCI全球/综合金融,106772.MI,MI
指数,106773,MSCI全球/房地产,106773.MI,MI
指数,106774,MSCI全球/技术硬件与设备,106774.MI,MI
指数,106775,MSCI全球/软件与服务,106775.MI,MI
指数,106776,MSCI全球/电信业务Ⅱ,106776.MI,MI
指数,106777,MSCI全球/公用事业Ⅱ,106777.MI,MI
指数,106778,MSCI全球/油气与供消费用燃料,106778.MI,MI
指数,106779,MSCI全球/航天航空与国防,106779.MI,MI
指数,106780,MSCI全球/化学制品,106780.MI,MI
指数,106781,MSCI全球/纸类与林业产品,106781.MI,MI
指数,106782,MSCI全球/金属与采矿,106782.MI,MI
指数,106783,MSCI全球/航空公司,106783.MI,MI
指数,106784,MSCI全球/海运,106784.MI,MI
指数,106785,MSCI全球/纺织品服装与奢侈品,106785.MI,MI
指数,106786,MSCI全球/汽车,106786.MI,MI
指数,106787,MSCI全球/食品与主要用品零售Ⅱ,106787.MI,MI
指数,106788,MSCI全球/生物科技,106788.MI,MI
指数,106789,MSCI全球/制药,106789.MI,MI
指数,106790,MSCI全球/通信设备,106790.MI,MI
指数,106791,MSCI全球/软件,106791.MI,MI
指数,106793,MSCI全球/水公用事业,106793.MI,MI
指数,106794,MSCI全球/燃气公用事业,106794.MI,MI
指数,106795,MSCI全球/电力公用事业,106795.MI,MI
指数,106796,MSCI发达/能源Ⅰ,106796.MI,MI
指数,106797,MSCI发达/原材料Ⅰ,106797.MI,MI
指数,106798,MSCI发达/工业,106798.MI,MI
指数,106799,MSCI发达/非日常消费品,106799.MI,MI
指数,106800,MSCI发达/日常消费品,106800.MI,MI
指数,106801,MSCI发达/医疗保健,106801.MI,MI
指数,106802,MSCI发达/金融,106802.MI,MI
指数,106803,MSCI发达/信息科技,106803.MI,MI
指数,106804,MSCI发达/电信业务Ⅰ,106804.MI,MI
指数,106805,MSCI发达/公用事业Ⅰ,106805.MI,MI
指数,106806,MSCI发达/能源Ⅱ,106806.MI,MI
指数,106807,MSCI发达/原材料Ⅱ,106807.MI,MI
指数,106809,MSCI发达/资本商品,106809.MI,MI
指数,106810,MSCI发达/运输,106810.MI,MI
指数,106811,MSCI发达/商业与专业服务,106811.MI,MI
指数,106812,MSCI发达/汽车与汽车零部件,106812.MI,MI
指数,106813,MSCI发达/家庭与个人用品,106813.MI,MI
指数,106814,MSCI发达/消费者服务,106814.MI,MI
指数,106815,MSCI发达/零售业,106815.MI,MI
指数,106816,MSCI发达/媒体Ⅱ,106816.MI,MI
指数,106817,MSCI发达/食品饮料与烟草,106817.MI,MI
指数,106819,MSCI发达/生物制药与生命科技,106819.MI,MI
指数,106820,MSCI发达/医疗保健设备与服务,106820.MI,MI
指数,106821,MSCI发达/银行,106821.MI,MI
指数,106822,MSCI发达/保险Ⅱ,106822.MI,MI
指数,106823,MSCI发达/综合金融,106823.MI,MI
指数,106824,MSCI发达/房地产,106824.MI,MI
指数,106825,MSCI发达/技术硬件与设备,106825.MI,MI
指数,106826,MSCI发达/软件与服务,106826.MI,MI
指数,106827,MSCI发达/电信业务Ⅱ,106827.MI,MI
指数,106828,MSCI发达/公用事业Ⅱ,106828.MI,MI
指数,106829,MSCI发达/油气与供消费用燃料,106829.MI,MI
指数,106830,MSCI发达/航天航空与国防,106830.MI,MI
指数,106831,MSCI发达/化学制品,106831.MI,MI
指数,106832,MSCI发达/纸类与林业产品,106832.MI,MI
指数,106833,MSCI发达/金属与采矿,106833.MI,MI
指数,106834,MSCI发达/航空公司,106834.MI,MI
指数,106835,MSCI发达/海运,106835.MI,MI
指数,106836,MSCI发达/纺织品服装与奢侈品,106836.MI,MI
指数,106837,MSCI发达/汽车,106837.MI,MI
指数,106838,MSCI发达/食品与主要用品零售Ⅱ,106838.MI,MI
指数,106839,MSCI发达/生物科技,106839.MI,MI
指数,106840,MSCI发达/制药,106840.MI,MI
指数,106841,MSCI发达/通信设备,106841.MI,MI
指数,106842,MSCI发达/软件,106842.MI,MI
指数,106844,MSCI发达/水公用事业,106844.MI,MI
指数,106845,MSCI发达/燃气公用事业,106845.MI,MI
指数,106846,MSCI发达/电力公用事业,106846.MI,MI
指数,106847,MSCI新兴/能源Ⅰ,106847.MI,MI
指数,106848,MSCI新兴/原材料Ⅰ,106848.MI,MI
指数,106849,MSCI新兴/工业,106849.MI,MI
指数,106850,MSCI新兴/非日常消费品,106850.MI,MI
指数,106851,MSCI新兴/日常消费品,106851.MI,MI
指数,106852,MSCI新兴/医疗保健,106852.MI,MI
指数,106853,MSCI新兴/金融,106853.MI,MI
指数,106854,MSCI新兴/信息科技,106854.MI,MI
指数,106855,MSCI新兴/电信业务Ⅰ,106855.MI,MI
指数,106856,MSCI新兴/公用事业Ⅰ,106856.MI,MI
指数,106857,MSCI新兴/能源Ⅱ,106857.MI,MI
指数,106858,MSCI新兴/原材料Ⅱ,106858.MI,MI
指数,106860,MSCI新兴/资本商品,106860.MI,MI
指数,106861,MSCI新兴/运输,106861.MI,MI
指数,106862,MSCI新兴/商业与专业服务,106862.MI,MI
指数,106863,MSCI新兴/汽车与汽车零部件,106863.MI,MI
指数,106864,MSCI新兴/家庭与个人用品,106864.MI,MI
指数,106865,MSCI新兴/消费者服务,106865.MI,MI
指数,106866,MSCI新兴/零售业,106866.MI,MI
指数,106867,MSCI新兴/媒体Ⅱ,106867.MI,MI
指数,106868,MSCI新兴/食品饮料与烟草,106868.MI,MI
指数,106870,MSCI新兴/生物制药与生命科技,106870.MI,MI
指数,106871,MSCI新兴/医疗保健设备与服务,106871.MI,MI
指数,106872,MSCI新兴/银行,106872.MI,MI
指数,106873,MSCI新兴/保险Ⅱ,106873.MI,MI
指数,106874,MSCI新兴/综合金融,106874.MI,MI
指数,106875,MSCI新兴/房地产,106875.MI,MI
指数,106876,MSCI新兴/技术硬件与设备,106876.MI,MI
指数,106877,MSCI新兴/软件与服务,106877.MI,MI
指数,106878,MSCI新兴/电信业务Ⅱ,106878.MI,MI
指数,106879,MSCI新兴/公用事业Ⅱ,106879.MI,MI
指数,106880,MSCI新兴/油气与供消费用燃料,106880.MI,MI
指数,106881,MSCI新兴/航天航空与国防,106881.MI,MI
指数,106882,MSCI新兴/化学制品,106882.MI,MI
指数,106883,MSCI新兴/纸类与林业产品,106883.MI,MI
指数,106884,MSCI新兴/金属与采矿,106884.MI,MI
指数,106885,MSCI新兴/航空公司,106885.MI,MI
指数,106886,MSCI新兴/海运,106886.MI,MI
指数,106887,MSCI新兴/纺织品服装与奢侈品,106887.MI,MI
指数,106888,MSCI新兴/汽车,106888.MI,MI
指数,106889,MSCI新兴/食品与主要用品零售Ⅱ,106889.MI,MI
指数,106891,MSCI新兴/制药,106891.MI,MI
指数,106892,MSCI新兴/通信设备,106892.MI,MI
指数,106893,MSCI新兴/软件,106893.MI,MI
指数,106895,MSCI新兴/水公用事业,106895.MI,MI
指数,106896,MSCI新兴/燃气公用事业,106896.MI,MI
指数,106897,MSCI新兴/电力公用事业,106897.MI,MI
指数,106899,MSCI全球/耐用消费品与服装,106899.MI,MI
指数,106900,MSCI欧盟/耐用消费品与服装,106900.MI,MI
指数,106901,MSCI欧洲/耐用消费品与服装,106901.MI,MI
指数,106902,MSCI发达/耐用消费品与服装,106902.MI,MI
指数,106903,MSCI新兴/耐用消费品与服装,106903.MI,MI
指数,106904,MSCI欧洲/无线电信业务,106904.MI,MI
指数,106905,MSCI欧洲/食品,106905.MI,MI
指数,106906,MSCI欧洲/多元化零售,106906.MI,MI
指数,106907,MSCI欧洲/工业集团企业,106907.MI,MI
指数,106908,MSCI欧洲/机械制造,106908.MI,MI
指数,106909,MSCI欧洲/饮料,106909.MI,MI
指数,106910,MSCI欧洲/家庭耐用消费品,106910.MI,MI
指数,106911,MSCI欧洲/电气设备,106911.MI,MI
指数,106912,MSCI欧洲/综合电信业务,106912.MI,MI
指数,106914,MSCI欧盟/食品,106914.MI,MI
指数,106915,MSCI欧盟/多元化零售,106915.MI,MI
指数,106916,MSCI欧盟/工业集团企业,106916.MI,MI
指数,106917,MSCI欧盟/机械制造,106917.MI,MI
指数,106918,MSCI欧盟/饮料,106918.MI,MI
指数,106920,MSCI欧盟/电气设备,106920.MI,MI
指数,106921,MSCI欧盟/综合电信业务,106921.MI,MI
指数,106922,MSCI新兴/无线电信业务,106922.MI,MI
指数,106923,MSCI新兴/食品,106923.MI,MI
指数,106924,MSCI新兴/多元化零售,106924.MI,MI
指数,106925,MSCI新兴/工业集团企业,106925.MI,MI
指数,106926,MSCI新兴/机械制造,106926.MI,MI
指数,106927,MSCI新兴/饮料,106927.MI,MI
指数,106928,MSCI新兴/家庭耐用消费品,106928.MI,MI
指数,106929,MSCI新兴/电气设备,106929.MI,MI
指数,106930,MSCI新兴/综合电信业务,106930.MI,MI
指数,106931,MSCI发达/无线电信业务,106931.MI,MI
指数,106932,MSCI发达/食品,106932.MI,MI
指数,106933,MSCI发达/多元化零售,106933.MI,MI
指数,106934,MSCI发达/工业集团企业,106934.MI,MI
指数,106935,MSCI发达/机械制造,106935.MI,MI
指数,106936,MSCI发达/饮料,106936.MI,MI
指数,106937,MSCI发达/家庭耐用消费品,106937.MI,MI
指数,106938,MSCI发达/电气设备,106938.MI,MI
指数,106939,MSCI发达/综合电信业务,106939.MI,MI
指数,106940,MSCI全球/无线电信业务,106940.MI,MI
指数,106941,MSCI全球/食品,106941.MI,MI
指数,106942,MSCI全球/多元化零售,106942.MI,MI
指数,106943,MSCI全球/工业集团企业,106943.MI,MI
指数,106944,MSCI全球/机械制造,106944.MI,MI
指数,106945,MSCI全球/饮料,106945.MI,MI
指数,106946,MSCI全球/家庭耐用消费品,106946.MI,MI
指数,106947,MSCI全球/电气设备,106947.MI,MI
指数,106948,MSCI全球/综合电信业务,106948.MI,MI
指数,106949,MSCI欧洲/能源设备与服务,106949.MI,MI
指数,106950,MSCI欧洲/建筑材料,106950.MI,MI
指数,106951,MSCI欧洲/容器与包装,106951.MI,MI
指数,106952,MSCI欧洲/建筑产品,106952.MI,MI
指数,106953,MSCI欧洲/建筑与工程,106953.MI,MI
指数,106954,MSCI欧洲/贸易公司与经销商,106954.MI,MI
指数,106955,MSCI欧洲/商业服务与供应品,106955.MI,MI
指数,106956,MSCI欧洲/航空货运与物流,106956.MI,MI
指数,106957,MSCI欧洲/公路与铁路,106957.MI,MI
指数,106958,MSCI欧洲/交通基本设施,106958.MI,MI
指数,106959,MSCI欧洲/汽车零部件,106959.MI,MI
指数,106961,MSCI欧洲/酒店餐馆与休闲,106961.MI,MI
指数,106962,MSCI欧洲/媒体Ⅲ,106962.MI,MI
指数,106964,MSCI欧洲/互联网与售货目录零售,106964.MI,MI
指数,106965,MSCI欧洲/专营零售,106965.MI,MI
指数,106966,MSCI欧洲/烟草,106966.MI,MI
指数,106967,MSCI欧洲/家常用品,106967.MI,MI
指数,106968,MSCI欧洲/个人用品,106968.MI,MI
指数,106969,MSCI欧洲/医疗保健设备与用品,106969.MI,MI
指数,106970,MSCI欧洲/医疗保健提供商与服务,106970.MI,MI
指数,106971,MSCI欧洲/商业银行,106971.MI,MI
指数,106972,MSCI欧洲/综合金融服务,106972.MI,MI
指数,106973,MSCI欧洲/保险Ⅲ,106973.MI,MI
指数,106975,MSCI欧洲/信息科技服务,106975.MI,MI
指数,106976,MSCI欧洲/电脑与外围设备,106976.MI,MI
指数,106980,MSCI欧洲/复合型公用事业,106980.MI,MI
指数,106981,MSCI欧盟/能源设备与服务,106981.MI,MI
指数,106982,MSCI欧盟/建筑材料,106982.MI,MI
指数,106984,MSCI欧盟/建筑产品,106984.MI,MI
指数,106985,MSCI欧盟/建筑与工程,106985.MI,MI
指数,106987,MSCI欧盟/商业服务与供应品,106987.MI,MI
指数,106988,MSCI欧盟/航空货运与物流,106988.MI,MI
指数,106990,MSCI欧盟/交通基本设施,106990.MI,MI
指数,106991,MSCI欧盟/汽车零部件,106991.MI,MI
指数,106993,MSCI欧盟/酒店餐馆与休闲,106993.MI,MI
指数,106994,MSCI欧盟/媒体Ⅲ,106994.MI,MI
指数,106997,MSCI欧盟/专营零售,106997.MI,MI
指数,106999,MSCI欧盟/家常用品,106999.MI,MI
指数,107000,MSCI欧盟/个人用品,107000.MI,MI
指数,107001,MSCI欧盟/医疗保健设备与用品,107001.MI,MI
指数,107002,MSCI欧盟/医疗保健提供商与服务,107002.MI,MI
指数,107003,MSCI欧盟/商业银行,107003.MI,MI
指数,107004,MSCI欧盟/综合金融服务,107004.MI,MI
指数,107005,MSCI欧盟/保险Ⅲ,107005.MI,MI
指数,107007,MSCI欧盟/信息科技服务,107007.MI,MI
指数,107012,MSCI欧盟/复合型公用事业,107012.MI,MI
指数,107013,MSCI新兴/能源设备与服务,107013.MI,MI
指数,107014,MSCI新兴/建筑材料,107014.MI,MI
指数,107015,MSCI新兴/容器与包装,107015.MI,MI
指数,107016,MSCI新兴/建筑产品,107016.MI,MI
指数,107017,MSCI新兴/建筑与工程,107017.MI,MI
指数,107018,MSCI新兴/贸易公司与经销商,107018.MI,MI
指数,107019,MSCI新兴/商业服务与供应品,107019.MI,MI
指数,107021,MSCI新兴/公路与铁路,107021.MI,MI
指数,107022,MSCI新兴/交通基本设施,107022.MI,MI
指数,107023,MSCI新兴/汽车零部件,107023.MI,MI
指数,107024,MSCI新兴/休闲设备与用品,107024.MI,MI
指数,107025,MSCI新兴/酒店餐馆与休闲,107025.MI,MI
指数,107026,MSCI新兴/媒体Ⅲ,107026.MI,MI
指数,107027,MSCI新兴/经销商,107027.MI,MI
指数,107028,MSCI新兴/互联网与售货目录零售,107028.MI,MI
指数,107029,MSCI新兴/专营零售,107029.MI,MI
指数,107030,MSCI新兴/烟草,107030.MI,MI
指数,107031,MSCI新兴/家常用品,107031.MI,MI
指数,107032,MSCI新兴/个人用品,107032.MI,MI
指数,107033,MSCI新兴/医疗保健设备与用品,107033.MI,MI
指数,107034,MSCI新兴/医疗保健提供商与服务,107034.MI,MI
指数,107035,MSCI新兴/商业银行,107035.MI,MI
指数,107036,MSCI新兴/综合金融服务,107036.MI,MI
指数,107037,MSCI新兴/保险Ⅲ,107037.MI,MI
指数,107039,MSCI新兴/信息科技服务,107039.MI,MI
指数,107040,MSCI新兴/电脑与外围设备,107040.MI,MI
指数,107041,MSCI新兴/电子设备与仪器,107041.MI,MI
指数,107044,MSCI新兴/复合型公用事业,107044.MI,MI
指数,107045,MSCI发达/能源设备与服务,107045.MI,MI
指数,107046,MSCI发达/建筑材料,107046.MI,MI
指数,107047,MSCI发达/容器与包装,107047.MI,MI
指数,107048,MSCI发达/建筑产品,107048.MI,MI
指数,107049,MSCI发达/建筑与工程,107049.MI,MI
指数,107050,MSCI发达/贸易公司与经销商,107050.MI,MI
指数,107051,MSCI发达/商业服务与供应品,107051.MI,MI
指数,107052,MSCI发达/航空货运与物流,107052.MI,MI
指数,107053,MSCI发达/公路与铁路,107053.MI,MI
指数,107054,MSCI发达/交通基本设施,107054.MI,MI
指数,107055,MSCI发达/汽车零部件,107055.MI,MI
指数,107056,MSCI发达/休闲设备与用品,107056.MI,MI
指数,107057,MSCI发达/酒店餐馆与休闲,107057.MI,MI
指数,107058,MSCI发达/媒体Ⅲ,107058.MI,MI
指数,107059,MSCI发达/经销商,107059.MI,MI
指数,107060,MSCI发达/互联网与售货目录零售,107060.MI,MI
指数,107061,MSCI发达/专营零售,107061.MI,MI
指数,107062,MSCI发达/烟草,107062.MI,MI
指数,107063,MSCI发达/家常用品,107063.MI,MI
指数,107064,MSCI发达/个人用品,107064.MI,MI
指数,107065,MSCI发达/医疗保健设备与用品,107065.MI,MI
指数,107066,MSCI发达/医疗保健提供商与服务,107066.MI,MI
指数,107067,MSCI发达/商业银行,107067.MI,MI
指数,107068,MSCI发达/综合金融服务,107068.MI,MI
指数,107069,MSCI发达/保险Ⅲ,107069.MI,MI
指数,107071,MSCI发达/信息科技服务,107071.MI,MI
指数,107072,MSCI发达/电脑与外围设备,107072.MI,MI
指数,107073,MSCI发达/电子设备与仪器,107073.MI,MI
指数,107076,MSCI发达/复合型公用事业,107076.MI,MI
指数,107077,MSCI全球/能源设备与服务,107077.MI,MI
指数,107078,MSCI全球/建筑材料,107078.MI,MI
指数,107079,MSCI全球/容器与包装,107079.MI,MI
指数,107080,MSCI全球/建筑产品,107080.MI,MI
指数,107081,MSCI全球/建筑与工程,107081.MI,MI
指数,107082,MSCI全球/贸易公司与经销商,107082.MI,MI
指数,107083,MSCI全球/商业服务与供应品,107083.MI,MI
指数,107084,MSCI全球/航空货运与物流,107084.MI,MI
指数,107085,MSCI全球/公路与铁路,107085.MI,MI
指数,107086,MSCI全球/交通基本设施,107086.MI,MI
指数,107087,MSCI全球/汽车零部件,107087.MI,MI
指数,107088,MSCI全球/休闲设备与用品,107088.MI,MI
指数,107089,MSCI全球/酒店餐馆与休闲,107089.MI,MI
指数,107090,MSCI全球/媒体Ⅲ,107090.MI,MI
指数,107091,MSCI全球/经销商,107091.MI,MI
指数,107092,MSCI全球/互联网与售货目录零售,107092.MI,MI
指数,107093,MSCI全球/专营零售,107093.MI,MI
指数,107094,MSCI全球/烟草,107094.MI,MI
指数,107095,MSCI全球/家常用品,107095.MI,MI
指数,107096,MSCI全球/个人用品,107096.MI,MI
指数,107097,MSCI全球/医疗保健设备与用品,107097.MI,MI
指数,107098,MSCI全球/医疗保健提供商与服务,107098.MI,MI
指数,107099,MSCI全球/商业银行,107099.MI,MI
指数,107100,MSCI全球/综合金融服务,107100.MI,MI
指数,107101,MSCI全球/保险Ⅲ,107101.MI,MI
指数,107103,MSCI全球/信息科技服务,107103.MI,MI
指数,107104,MSCI全球/电脑与外围设备,107104.MI,MI
指数,107105,MSCI全球/电子设备与仪器,107105.MI,MI
指数,107108,MSCI全球/复合型公用事业,107108.MI,MI
指数,107109,MSCI全球/食品与主要用品零售Ⅲ,107109.MI,MI
指数,107110,MSCI新兴/食品与主要用品零售Ⅲ,107110.MI,MI
指数,107111,MSCI欧盟/食品与主要用品零售Ⅲ,107111.MI,MI
指数,107112,MSCI欧洲/食品与主要用品零售Ⅲ,107112.MI,MI
指数,107113,MSCI发达/食品与主要用品零售Ⅲ,107113.MI,MI
指数,113646,MSCI欧盟+英国,113646.MI,MI
指数,113647,MSCIG7国家,113647.MI,MI
指数,113648,MSCI全球(除澳),113648.MI,MI
指数,114670,MSCI中国/汽车与汽车零部件,114670.MI,MI
指数,114671,MSCI中国/银行,114671.MI,MI
指数,114676,MSCI中国/资本商品,114676.MI,MI
指数,114678,MSCI中国/商业与专业服务,114678.MI,MI
指数,114684,MSCI中国/非日常消费品,114684.MI,MI
指数,114685,MSCI中国/耐用消费品与服装,114685.MI,MI
指数,114686,MSCI中国/日常消费品,114686.MI,MI
指数,114689,MSCI中国/综合金融,114689.MI,MI
指数,114695,MSCI中国/能源,114695.MI,MI
指数,114696,MSCI中国/能源Ⅱ,114696.MI,MI
指数,114698,MSCI中国/金融,114698.MI,MI
指数,114699,MSCI中国/食品与主要用品零售Ⅱ,114699.MI,MI
指数,114701,MSCI中国/食品饮料与烟草,114701.MI,MI
指数,114704,MSCI中国/医疗保健,114704.MI,MI
指数,114705,MSCI中国/医疗保健设备与服务,114705.MI,MI
指数,114708,MSCI中国/消费者服务,114708.MI,MI
指数,114710,MSCI中国/家庭与个人用品,114710.MI,MI
指数,114714,MSCI中国/工业,114714.MI,MI
指数,114715,MSCI中国/信息科技,114715.MI,MI
指数,114716,MSCI中国/保险,114716.MI,MI
指数,114724,MSCI中国/原材料,114724.MI,MI
指数,114725,MSCI中国/原材料Ⅱ,114725.MI,MI
指数,114726,MSCI中国/媒体与娱乐,114726.MI,MI
指数,114736,MSCI中国/生物制药与生命科技,114736.MI,MI
指数,114739,MSCI中国/可选消费分销与零售,114739.MI,MI
指数,114743,MSCI中国/软件与服务,114743.MI,MI
指数,114745,MSCI中国/技术硬件与设备,114745.MI,MI
指数,114746,MSCI中国/通信服务,114746.MI,MI
指数,114747,MSCI中国/电信业务,114747.MI,MI
指数,114751,MSCI中国/运输,114751.MI,MI
指数,114753,MSCI中国/公用事业,114753.MI,MI
指数,114754,MSCI中国/公用事业Ⅱ,114754.MI,MI
指数,121657,MSCI马来西亚成长,121657.MI,MI
指数,121658,MSCI马来西亚价值,121658.MI,MI
指数,121659,MSCI新兴市场(除亚洲),121659.MI,MI
指数,122488,MSCI中华(美元),122488.MI,MI
指数,122489,MSCI金龙,122489.MI,MI
指数,122490,MSCI中华价值,122490.MI,MI
指数,122491,MSCI中华成长,122491.MI,MI
指数,122492,MSCI金龙价值,122492.MI,MI
指数,122493,MSCI金龙成长,122493.MI,MI
指数,123163,MSCI欧非中东新兴市场,123163.MI,MI
指数,123164,MSCI欧非中东新兴市场价值,123164.MI,MI
指数,123165,MSCI欧非中东新兴市场成长,123165.MI,MI
指数,125957,MSCI全球/综合消费者服务,125957.MI,MI
指数,126286,MSCI全球/独立电力生产与能源贸易,126286.MI,MI
指数,126314,MSCI新兴/独立电力生产与能源贸易,126314.MI,MI
指数,126316,MSCI欧盟/独立电力生产与能源贸易,126316.MI,MI
指数,126322,MSCI欧洲/独立电力生产与能源贸易,126322.MI,MI
指数,126384,MSCI发达/独立电力生产与能源贸易,126384.MI,MI
指数,126443,MSCI发达/综合消费者服务,126443.MI,MI
指数,127173,MSCI欧盟GDP加权,127173.MI,MI
指数,127187,MSCI欧洲GDP加权,127187.MI,MI
指数,127200,MSCI东盟,127200.MI,MI
指数,127221,MSCI东南亚价值,127221.MI,MI
指数,127222,MSCI东南亚成长,127222.MI,MI
指数,127269,MSCI China 10/40,127269.MI,MI
指数,127300,MSCI金砖四国,127300.MI,MI
指数,127301,MSCI金砖四国价值,127301.MI,MI
指数,127302,MSCI金砖四国成长,127302.MI,MI
指数,128019,MSCI全球(除瑞士),128019.MI,MI
指数,128259,MSCI欧澳远东GDP加权,128259.MI,MI
指数,128456,MSCI US REIT INDEX,128456.MI,MI
指数,128532,MSCI新兴市场GDP加权,128532.MI,MI
指数,128715,MSCI中国H股(美元),128715.MI,MI
指数,128715L,MSCI中国H股(Local),128715L.MI,MI
指数,128718,MSCI中国A股在岸+B股+H股,128718.MI,MI
指数,128720,MSCI中国红筹股+民企股(美元),128720.MI,MI
指数,128720L,MSCI中国红筹股+民企股(Local),128720L.MI,MI
指数,128722,MSCI中国A股在岸+H股,128722.MI,MI
指数,128726,MSCI中华(A股在岸)(除香港),128726.MI,MI
指数,128730,MSCI中华A股在岸,128730.MI,MI
指数,128734,MSCI中华A股在岸+HSBC,128734.MI,MI
指数,128738,MSCI中国B股(美元),128738.MI,MI
指数,128744,MSCI中华+HSBC,128744.MI,MI
指数,128753,MSCI中国红筹股(美元),128753.MI,MI
指数,128753L,MSCI中国红筹股(Local),128753L.MI,MI
指数,128754,MSCI中国民企股(美元),128754.MI,MI
指数,128754L,MSCI中国民企股(Local),128754L.MI,MI
指数,128755,MSCI中国A股在岸+B股,128755.MI,MI
指数,129877,MSCI美国基础设施,129877.MI,MI
指数,129954,MSCI中华(除B股),129954.MI,MI
指数,129955,MSCI中华(除B股)+HSBC,129955.MI,MI
指数,132084,MSCI欧洲货币联盟房地产指数(欧元),132084.MI,MI
指数,132126,MSCI中国/房地产,132126.MI,MI
指数,132196,MSCI中国A股在岸/房地产,132196.MI,MI
指数,132196L,MSCI中国A股在岸/房地产(人民币),132196L.MI,MI
指数,132981,MSCI欧洲房地产指数(美元),132981.MI,MI
指数,133333,MSCI中国A股,133333.CSI,CSI
指数,133333L,MSCI中国A股在岸(人民币),133333L.MI,MI
指数,133500,MSCI中国A股在岸/航天航空与国防,133500.MI,MI
指数,133501,MSCI中国A股在岸/航空货运与物流,133501.MI,MI
指数,133502,MSCI中国A股在岸/航空公司,133502.MI,MI
指数,133503,MSCI中国A股在岸/汽车与汽车零部件,133503.MI,MI
指数,133503L,MSCI中国A股在岸/汽车与汽车零部件(人民币),133503L.MI,MI
指数,133505,MSCI中国A股在岸/汽车零部件,133505.MI,MI
指数,133506,MSCI中国A股在岸/汽车,133506.MI,MI
指数,133507,MSCI中国A股在岸/银行,133507.MI,MI
指数,133507L,MSCI中国A股在岸/银行(人民币),133507L.MI,MI
指数,133508,MSCI中国A股在岸/饮料,133508.MI,MI
指数,133509,MSCI中国A股在岸/生物科技,133509.MI,MI
指数,133510,MSCI中国A股在岸/建筑产品,133510.MI,MI
指数,133511,MSCI中国A股在岸/资本商品,133511.MI,MI
指数,133511L,MSCI中国A股在岸/资本商品(人民币),133511L.MI,MI
指数,133512,MSCI中国A股在岸/资本市场,133512.MI,MI
指数,133513,MSCI中国A股在岸/化学制品,133513.MI,MI
指数,133515,MSCI中国A股在岸/商业银行,133515.MI,MI
指数,133516,MSCI中国A股在岸/商业和专业服务,133516.MI,MI
指数,133516L,MSCI中国A股/商业服务与供应品Ⅱ(人民币),133516L.MI,MI
指数,133517,MSCI中国A股在岸/商业服务与供应品Ⅲ,133517.MI,MI
指数,133518,MSCI中国A股在岸/通信设备,133518.MI,MI
指数,133519,MSCI中国A股在岸/电脑与外围设备,133519.MI,MI
指数,133520,MSCI中国A股在岸/耐用消费品与服装,133520.MI,MI
指数,133520L,MSCI中国A股在岸/耐用消费品与服装(人民币),133520L.MI,MI
指数,133521,MSCI中国A股在岸/建筑与工程,133521.MI,MI
指数,133522,MSCI中国A股在岸/建筑材料,133522.MI,MI
指数,133523,MSCI中国A股在岸/非日常消费品,133523.MI,MI
指数,133523L,MSCI中国A股在岸/非日常消费品(人民币),133523L.MI,MI
指数,133525L,MSCI中国A股在岸/消费信贷(人民币),133525L.MI,MI
指数,133526,MSCI中国A股在岸/日常消费品,133526.MI,MI
指数,133526L,MSCI中国A股在岸/日常消费品(人民币),133526L.MI,MI
指数,133527,MSCI中国A股在岸/容器与包装,133527.MI,MI
指数,133528,MSCI中国A股在岸/经销商,133528.MI,MI
指数,133529,MSCI中国A股在岸/综合金融,133529.MI,MI
指数,133529L,MSCI中国A股在岸/综合金融(人民币),133529L.MI,MI
指数,133530,MSCI中国A股在岸/综合金融服务,133530.MI,MI
指数,133530L,MSCI中国A股在岸/综合金融服务(人民币),133530L.MI,MI
指数,133531,MSCI中国A股在岸/综合电信业务,133531.MI,MI
指数,133532,MSCI中国A股在岸/电子设备与仪器,133532.MI,MI
指数,133533,MSCI中国A股在岸/电力公用事业(退市),133533.MI,MI
指数,133535,MSCI中国A股在岸/电气设备,133535.MI,MI
指数,133536,MSCI中国A股在岸/能源,133536.MI,MI
指数,133536L,MSCI中国A股在岸/能源Ⅰ(人民币),133536L.MI,MI
指数,133537,MSCI中国A股在岸/能源Ⅱ,133537.MI,MI
指数,133537L,MSCI中国A股在岸/能源Ⅱ(人民币),133537L.MI,MI
指数,133538,MSCI中国A股在岸/能源设备与服务,133538.MI,MI
指数,133539,MSCI中国A股在岸/金融,133539.MI,MI
指数,133539L,MSCI中国A股在岸/金融(人民币),133539L.MI,MI
指数,133550,MSCI中国A股在岸/食品与主要用品零售Ⅱ,133550.MI,MI
指数,133550L,MSCI中国A股/食品与主要用品零售Ⅱ(人民币),133550L.MI,MI
指数,133551,MSCI中国A股在岸/食品与主要用品零售Ⅲ,133551.MI,MI
指数,133552,MSCI中国A股在岸/食品饮料与烟草,133552.MI,MI
指数,133552L,MSCI中国A股在岸/食品饮料与烟草(人民币),133552L.MI,MI
指数,133553,MSCI中国A股在岸/食品,133553.MI,MI
指数,133555,MSCI中国A股在岸/燃气公用事业,133555.MI,MI
指数,133556,MSCI中国A股在岸/医疗保健设备与用品,133556.MI,MI
指数,133557,MSCI中国A股在岸/医疗保健设备与服务,133557.MI,MI
指数,133557L,MSCI中国A股/医疗保健设备与服务(人民币),133557L.MI,MI
指数,133558,MSCI中国A股在岸/医疗保健提供商与服务,133558.MI,MI
指数,133559,MSCI中国A股在岸/医疗保健,133559.MI,MI
指数,133559L,MSCI中国A股在岸/医疗保健(人民币),133559L.MI,MI
指数,133560,MSCI中国A股在岸/消费者服务,133560.MI,MI
指数,133560L,MSCI中国A股在岸/消费者服务(人民币),133560L.MI,MI
指数,133561,MSCI中国A股在岸/酒店餐馆与休闲,133561.MI,MI
指数,133562,MSCI中国A股在岸/家庭与个人用品,133562.MI,MI
指数,133562L,MSCI中国A股在岸/家庭与个人用品(人民币),133562L.MI,MI
指数,133563,MSCI中国A股在岸/家庭耐用消费品,133563.MI,MI
指数,133565,MSCI中国A股在岸/家常用品,133565.MI,MI
指数,133566,MSCI中国A股在岸/工业集团企业,133566.MI,MI
指数,133567,MSCI中国A股在岸/工业,133567.MI,MI
指数,133567L,MSCI中国A股在岸/工业(人民币),133567L.MI,MI
指数,133568,MSCI中国A股在岸/信息科技,133568.MI,MI
指数,133568L,MSCI中国A股在岸/信息科技(人民币),133568L.MI,MI
指数,133569,MSCI中国A股在岸/保险Ⅱ,133569.MI,MI
指数,133569L,MSCI中国A股在岸/保险Ⅱ(人民币),133569L.MI,MI
指数,133570,MSCI中国A股在岸/保险Ⅲ,133570.MI,MI
指数,133571,MSCI中国A股在岸/互联网与售货目录零售,133571.MI,MI
指数,133571L,MSCI中国A股/互联网与售货目录零售(人民币),133571L.MI,MI
指数,133573,MSCI中国A股在岸/信息科技服务,133573.MI,MI
指数,133575,MSCI中国A股在岸/休闲设备与用品,133575.MI,MI
指数,133575L,MSCI中国A股在岸/休闲设备与用品(人民币),133575L.MI,MI
指数,133576,MSCI中国A股在岸/机械制造,133576.MI,MI
指数,133577,MSCI中国A股在岸/海运,133577.MI,MI
指数,133578,MSCI中国A股在岸/原材料,133578.MI,MI
指数,133578L,MSCI中国A股在岸/原材料Ⅰ(人民币),133578L.MI,MI
指数,133579,MSCI中国A股在岸/原材料Ⅱ,133579.MI,MI
指数,133579L,MSCI中国A股在岸/原材料Ⅱ(人民币),133579L.MI,MI
指数,133580,MSCI中国A股在岸/媒体和娱乐,133580.MI,MI
指数,133580L,MSCI中国A股在岸/媒体Ⅱ(人民币),133580L.MI,MI
指数,133581,MSCI中国A股在岸/媒体Ⅲ,133581.MI,MI
指数,133582,MSCI中国A股在岸/金属与采矿,133582.MI,MI
指数,133583L,MSCI中国A股在岸/复合型公用事业(人民币),133583L.MI,MI
指数,133585,MSCI中国A股在岸/多元化零售,133585.MI,MI
指数,133586,MSCI中国A股/办公电子设备,133586.MI,MI
指数,133586L,MSCI中国A股/办公电子设备(人民币),133586L.MI,MI
指数,133587,"MSCI中国A股在岸/石油,天然气与供消费用燃料",133587.MI,MI
指数,133588,MSCI中国A股在岸/纸类与林业产品,133588.MI,MI
指数,133589,MSCI中国A股在岸/个人用品,133589.MI,MI
指数,133590,MSCI中国A股在岸/制药与生物科技,133590.MI,MI
指数,133590L,MSCI中国A股在岸/制药与生物科技(人民币),133590L.MI,MI
指数,133591,MSCI中国A股在岸/制药,133591.MI,MI
指数,133592,MSCI中国A股在岸/房地产Ⅱ,133592.MI,MI
指数,133592L,MSCI中国A股在岸/房地产Ⅱ(人民币),133592L.MI,MI
指数,133595,MSCI中国A股在岸/零售业,133595.MI,MI
指数,133595L,MSCI中国A股在岸/零售业(人民币),133595L.MI,MI
指数,133596,MSCI中国A股在岸/公路与铁路,133596.MI,MI
指数,133597,MSCI中国A股在岸/半导体产品与设备Ⅲ,133597.MI,MI
指数,133598,MSCI中国A股在岸/半导体产品与设备Ⅱ,133598.MI,MI
指数,133598L,MSCI中国A股/半导体产品与设备Ⅱ(人民币),133598L.MI,MI
指数,133599,MSCI中国A股在岸/软件,133599.MI,MI
指数,133600,MSCI中国A股在岸/软件与服务,133600.MI,MI
指数,133600L,MSCI中国A股在岸/软件与服务(人民币),133600L.MI,MI
指数,133601,MSCI中国A股在岸/专营零售,133601.MI,MI
指数,133602,MSCI中国A股在岸/技术硬件与设备,133602.MI,MI
指数,133602L,MSCI中国A股在岸/技术硬件与设备(人民币),133602L.MI,MI
指数,133603,MSCI中国A股在岸/通讯服务,133603.MI,MI
指数,133603L,MSCI中国A股在岸/电信业务Ⅰ(人民币),133603L.MI,MI
指数,133605,MSCI中国A股在岸/通讯服务,133605.MI,MI
指数,133605L,MSCI中国A股在岸/电信业务Ⅱ(人民币),133605L.MI,MI
指数,133606,MSCI中国A股在岸/纺织品服装与奢侈品,133606.MI,MI
指数,133607L,MSCI中国A股/互助储蓄与抵押信贷(人民币),133607L.MI,MI
指数,133608L,MSCI中国A股在岸/烟草(人民币),133608L.MI,MI
指数,133609,MSCI中国A股在岸/贸易公司与经销商,133609.MI,MI
指数,133610,MSCI中国A股在岸/交通基本设施,133610.MI,MI
指数,133611,MSCI中国A股在岸/运输,133611.MI,MI
指数,133611L,MSCI中国A股在岸/运输(人民币),133611L.MI,MI
指数,133612,MSCI中国A股在岸/公用事业,133612.MI,MI
指数,133612L,MSCI中国A股在岸/公用事业Ⅰ(人民币),133612L.MI,MI
指数,133613,MSCI中国A股在岸/公用事业Ⅱ,133613.MI,MI
指数,133613L,MSCI中国A股在岸/公用事业Ⅱ(人民币),133613L.MI,MI
指数,133615,MSCI中国A股在岸/水公用事业,133615.MI,MI
指数,133616,MSCI中国A股在岸/无线电信业务,133616.MI,MI
指数,133625,MSCI中国A股在岸/综合消费者服务,133625.MI,MI
指数,133625L,MSCI中国A股在岸/综合消费者服务(人民币),133625L.MI,MI
指数,133638,MSCI中国A股/独立电力生产与能源贸易商,133638.MI,MI
指数,133707,MSCI阿拉伯市场,133707.MI,MI
指数,133708,MSCI阿拉伯市场(除沙特),133708.MI,MI
指数,133709,MSCI海合会,133709.MI,MI
指数,133710,MSCI海合会(除沙特),133710.MI,MI
指数,133711,MSCI约旦+埃及+摩洛哥,133711.MI,MI
指数,133712,MSCI巴林,133712.MI,MI
指数,133713,MSCI科威特,133713.MI,MI
指数,133714,MSCI阿曼,133714.MI,MI
指数,133715,MSCI卡塔尔,133715.MI,MI
指数,133717,MSCI阿联酋,133717.MI,MI
指数,133718,MSCI巴林国内,133718.MI,MI
指数,133719,MSCI科威特国内,133719.MI,MI
指数,133720,MSCI阿曼国内,133720.MI,MI
指数,133721,MSCI卡塔尔国内,133721.MI,MI
指数,133722,MSCI沙特阿拉伯国内,133722.MI,MI
指数,133723,MSCI阿联酋境内市场,133723.MI,MI
指数,135414,MSCI全球/医疗保健科技,135414.MI,MI
指数,135429,MSCI中国A股在岸/医疗保健科技,135429.MI,MI
指数,135545,MSCI发达/医疗保健科技,135545.MI,MI
指数,135572,MSCI全球/生命科技工具与服务,135572.MI,MI
指数,135587,MSCI中国A股在岸/生命科学工具和服务,135587.MI,MI
指数,135612,MSCI欧盟/生命科技工具与服务,135612.MI,MI
指数,135618,MSCI欧洲/生命科技工具与服务,135618.MI,MI
指数,135703,MSCI发达/生命科技工具与服务,135703.MI,MI
指数,135730,MSCI全球/房地产投资信托公司,135730.MI,MI
指数,135770,MSCI欧盟/房地产投资信托公司,135770.MI,MI
指数,135776,MSCI欧洲/房地产投资信托公司,135776.MI,MI
指数,135861,MSCI发达/房地产投资信托公司,135861.MI,MI
指数,135888,MSCI全球/房地产管理与开发,135888.MI,MI
指数,135903,MSCI中国A股在岸/房地产管理与开发,135903.MI,MI
指数,135926,MSCI新兴/房地产管理与开发,135926.MI,MI
指数,136019,MSCI发达/房地产管理与开发,136019.MI,MI
指数,136056,MSCI中国A股在岸价值(美元),136056.MI,MI
指数,136056L,MSCI中国A股在岸价值(人民币),136056L.MI,MI
指数,136057,MSCI中国A股在岸成长(美元),136057.MI,MI
指数,136057L,MSCI中国A股在岸成长(人民币),136057L.MI,MI
指数,136064,MSCI发达市场高股息收益率,136064.MI,MI
指数,136066,MSCI欧澳远东高股息收益率,136066.MI,MI
指数,136067,MSCI欧洲高股息收益率,136067.MI,MI
指数,136068,MSCI欧盟高股息收益率,136068.MI,MI
指数,136069,MSCIKOKUSAI高股息收益率,136069.MI,MI
指数,136070,MSCI太平洋地区高股息收益率,136070.MI,MI
指数,136072,MSCI欧澳远东伊斯兰,136072.MI,MI
指数,136073,MSCI欧澳远东(除英国)伊斯兰,136073.MI,MI
指数,136074,MSCI欧澳远东(除英国)伊斯兰大盘,136074.MI,MI
指数,136075,MSCI欧澳远东(除英国)伊斯兰中盘,136075.MI,MI
指数,136076,MSCI欧澳远东伊斯兰大盘,136076.MI,MI
指数,136077,MSCI欧澳远东伊斯兰中盘,136077.MI,MI
指数,136078,MSCI欧澳远东(除日本)伊斯兰,136078.MI,MI
指数,136079,MSCI欧澳远东(除日本)伊斯兰大盘,136079.MI,MI
指数,136080,MSCI欧澳远东(除日本)伊斯兰中盘,136080.MI,MI
指数,136081,MSCI欧盟+英国伊斯兰,136081.MI,MI
指数,136082,MSCI欧盟+英国伊斯兰成长大盘,136082.MI,MI
指数,136083,MSCI欧盟+英国伊斯兰中盘,136083.MI,MI
指数,136084,MSCI欧盟伊斯兰,136084.MI,MI
指数,136085,MSCI欧盟伊斯兰大盘,136085.MI,MI
指数,136086,MSCI欧盟伊斯兰中盘,136086.MI,MI
指数,136087,MSCI欧洲伊斯兰,136087.MI,MI
指数,136088,MSCI欧洲(除瑞士)伊斯兰,136088.MI,MI
指数,136089,MSCI欧洲(除瑞士)伊斯兰大盘,136089.MI,MI
指数,136090,MSCI欧洲(除瑞士)伊斯兰中盘,136090.MI,MI
指数,136091,MSCI欧洲(除欧盟)伊斯兰,136091.MI,MI
指数,136092,MSCI欧洲(除欧盟)伊斯兰大盘,136092.MI,MI
指数,136093,MSCI欧洲(除欧盟)伊斯兰中盘,136093.MI,MI
指数,136094,MSCI欧洲(除德国)伊斯兰,136094.MI,MI
指数,136095,MSCI欧洲(除德国)伊斯兰大盘,136095.MI,MI
指数,136096,MSCI欧洲(除德国)伊斯兰中盘,136096.MI,MI
指数,136097,MSCI欧洲(除英国)伊斯兰,136097.MI,MI
指数,136098,MSCI欧洲(除英国瑞士)伊斯兰,136098.MI,MI
指数,136099,MSCI欧洲(除英国瑞士)伊斯兰大盘,136099.MI,MI
指数,136100,MSCI欧洲(除英国瑞士)伊斯兰中盘,136100.MI,MI
指数,136101,MSCI欧洲(除英国)伊斯兰大盘,136101.MI,MI
指数,136102,MSCI欧洲(除英国)伊斯兰中盘,136102.MI,MI
指数,136103,MSCI欧洲伊斯兰大盘,136103.MI,MI
指数,136104,MSCI欧洲伊斯兰中盘,136104.MI,MI
指数,136105,MSCI远东伊斯兰,136105.MI,MI
指数,136106,MSCI远东伊斯兰大盘,136106.MI,MI
指数,136107,MSCI远东伊斯兰中盘,136107.MI,MI
指数,136108,MSCIKOKUSAI伊斯兰,136108.MI,MI
指数,136109,MSCIKOKUSAI伊斯兰大盘,136109.MI,MI
指数,136110,MSCIKOKUSAI伊斯兰中盘,136110.MI,MI
指数,136111,MSCI北欧伊斯兰,136111.MI,MI
指数,136112,MSCI北欧伊斯兰大盘,136112.MI,MI
指数,136113,MSCI北欧伊斯兰中盘,136113.MI,MI
指数,136114,MSCI北美伊斯兰,136114.MI,MI
指数,136115,MSCI北美伊斯兰大盘,136115.MI,MI
指数,136116,MSCI北美伊斯兰中盘,136116.MI,MI
指数,136117,MSCI太平洋地区伊斯兰,136117.MI,MI
指数,136118,MSCI太平洋地区(除日本)伊斯兰,136118.MI,MI
指数,136119,MSCI太平洋地区(除日本)伊斯兰大盘,136119.MI,MI
指数,136120,MSCI太平洋地区(除日本)伊斯兰中盘,136120.MI,MI
指数,136121,MSCI太平洋地区伊斯兰大盘,136121.MI,MI
指数,136122,MSCI太平洋地区伊斯兰中盘,136122.MI,MI
指数,136123,MSCI发达市场伊斯兰,136123.MI,MI
指数,136124,MSCI发达市场伊斯兰大盘,136124.MI,MI
指数,136125,MSCI发达市场伊斯兰中盘,136125.MI,MI
指数,136126,MSCI发达市场(除澳)伊斯兰,136126.MI,MI
指数,136127,MSCI发达市场(除澳)伊斯兰大盘,136127.MI,MI
指数,136128,MSCI发达市场(除澳)伊斯兰中盘,136128.MI,MI
指数,136129,MSCI发达市场(除欧盟)伊斯兰,136129.MI,MI
指数,136130,MSCI发达市场(除欧盟)伊斯兰大盘,136130.MI,MI
指数,136131,MSCI发达市场(除欧盟)伊斯兰中盘,136131.MI,MI
指数,136132,MSCI发达市场(除欧洲)伊斯兰,136132.MI,MI
指数,136133,MSCI发达市场(除欧洲)伊斯兰大盘,136133.MI,MI
指数,136134,MSCI发达市场(除欧洲)伊斯兰中盘,136134.MI,MI
指数,136135,MSCI发达市场(除英国)伊斯兰,136135.MI,MI
指数,136136,MSCI发达市场(除英国)伊斯兰大盘,136136.MI,MI
指数,136137,MSCI发达市场(除英国)伊斯兰中盘,136137.MI,MI
指数,136138,MSCI发达市场(除美国)伊斯兰,136138.MI,MI
指数,136139,MSCI发达市场(除美国)伊斯兰大盘,136139.MI,MI
指数,136140,MSCI发达市场(除美国)伊斯兰中盘,136140.MI,MI
指数,136141,MSCI金砖四国伊斯兰,136141.MI,MI
指数,136142,MSCI金砖四国伊斯兰大盘,136142.MI,MI
指数,136143,MSCI金砖四国伊斯兰中盘,136143.MI,MI
指数,136144,MSCI新兴市场伊斯兰,136144.MI,MI
指数,136145,MSCI新兴市场伊斯兰大盘,136145.MI,MI
指数,136146,MSCI新兴市场伊斯兰中盘,136146.MI,MI
指数,136147,MSCI亚洲新兴市场伊斯兰,136147.MI,MI
指数,136148,MSCI亚洲新兴市场伊斯兰大盘,136148.MI,MI
指数,136149,MSCI亚洲新兴市场伊斯兰中盘,136149.MI,MI
指数,136150,MSCI东欧新兴市场伊斯兰,136150.MI,MI
指数,136151,MSCI东欧新兴市场伊斯兰大盘,136151.MI,MI
指数,136152,MSCI东欧新兴市场伊斯兰中盘,136152.MI,MI
指数,136153,MSCI欧非中东新兴市场伊斯兰,136153.MI,MI
指数,136154,MSCI欧非中东新兴市场伊斯兰大盘,136154.MI,MI
指数,136155,MSCI欧非中东新兴市场伊斯兰中盘,136155.MI,MI
指数,136156,MSCI欧洲&中东新兴市场伊斯兰,136156.MI,MI
指数,136157,MSCI欧洲&中东新兴市场伊斯兰大盘,136157.MI,MI
指数,136158,MSCI欧洲&中东新兴市场伊斯兰中盘,136158.MI,MI
指数,136159,MSCI欧洲新兴市场伊斯兰,136159.MI,MI
指数,136160,MSCI欧洲新兴市场伊斯兰大盘,136160.MI,MI
指数,136161,MSCI欧洲新兴市场伊斯兰中盘,136161.MI,MI
指数,136162,MSCI远东新兴市场伊斯兰,136162.MI,MI
指数,136163,MSCI远东新兴市场伊斯兰大盘,136163.MI,MI
指数,136164,MSCI远东新兴市场伊斯兰中盘,136164.MI,MI
指数,136165,MSCI拉美新兴市场伊斯兰,136165.MI,MI
指数,136166,MSCI拉美新兴市场伊斯兰大盘,136166.MI,MI
指数,136167,MSCI拉美新兴市场伊斯兰中盘,136167.MI,MI
指数,136168,MSCI金龙伊斯兰,136168.MI,MI
指数,136169,MSCI金龙伊斯兰可投资,136169.MI,MI
指数,136170,MSCI金龙伊斯兰中盘,136170.MI,MI
指数,136171,MSCI东南亚伊斯兰,136171.MI,MI
指数,136172,MSCI东南亚伊斯兰大盘,136172.MI,MI
指数,136173,MSCI东南亚伊斯兰中盘,136173.MI,MI
指数,136174,MSCI中华伊斯兰,136174.MI,MI
指数,136175,MSCI中华伊斯兰大盘,136175.MI,MI
指数,136176,MSCI中华伊斯兰中盘,136176.MI,MI
指数,136177,MSCI美洲伊斯兰,136177.MI,MI
指数,136178,MSCI美洲伊斯兰大盘,136178.MI,MI
指数,136179,MSCI美洲伊斯兰中盘,136179.MI,MI
指数,136180,MSCI亚洲伊斯兰,136180.MI,MI
指数,136181,MSCI亚洲(除日本)伊斯兰,136181.MI,MI
指数,136182,MSCI亚洲(除日本)伊斯兰大盘,136182.MI,MI
指数,136183,MSCI亚洲(除日本)伊斯兰中盘,136183.MI,MI
指数,136184,MSCI亚洲伊斯兰大盘,136184.MI,MI
指数,136185,MSCI亚洲伊斯兰中盘,136185.MI,MI
指数,136186,MSCI亚太地区伊斯兰,136186.MI,MI
指数,136187,MSCI亚太地区(除日本)伊斯兰,136187.MI,MI
指数,136188,MSCI亚太地区(除日本)伊斯兰大盘,136188.MI,MI
指数,136189,MSCI亚太地区(除日本)伊斯兰中盘,136189.MI,MI
指数,136190,MSCI亚太地区伊斯兰大盘,136190.MI,MI
指数,136191,MSCI亚太地区伊斯兰中盘,136191.MI,MI
指数,136192,MSCI欧洲全市场&中东伊斯兰,136192.MI,MI
指数,136193,MSCI欧洲全市场&中东伊斯兰大盘,136193.MI,MI
指数,136194,MSCI欧洲全市场&中东伊斯兰中盘,136194.MI,MI
指数,136195,MSCI欧洲全市场伊斯兰,136195.MI,MI
指数,136196,MSCI欧洲全市场伊斯兰大盘,136196.MI,MI
指数,136197,MSCI欧洲全市场伊斯兰中盘,136197.MI,MI
指数,136198,MSCI远东全市场伊斯兰,136198.MI,MI
指数,136199,MSCI远东全市场(除日本)伊斯兰,136199.MI,MI
指数,136200,MSCI远东全市场(除日本)伊斯兰大盘,136200.MI,MI
指数,136201,MSCI远东全市场(除日本)伊斯兰中盘,136201.MI,MI
指数,136202,MSCI远东全市场伊斯兰大盘,136202.MI,MI
指数,136203,MSCI远东全市场伊斯兰中盘,136203.MI,MI
指数,136204,MSCI太平洋全市场伊斯兰,136204.MI,MI
指数,136205,MSCI太平洋全市场(除日本)伊斯兰,136205.MI,MI
指数,136206,MSCI太平洋全市场(除日本)伊斯兰大盘,136206.MI,MI
指数,136207,MSCI太平洋全市场(除日本)伊斯兰中盘,136207.MI,MI
指数,136208,MSCI太平洋全市场伊斯兰大盘,136208.MI,MI
指数,136209,MSCI太平洋全市场伊斯兰中盘,136209.MI,MI
指数,136210,MSCI全球伊斯兰,136210.MI,MI
指数,136211,MSCI全球(除澳)伊斯兰,136211.MI,MI
指数,136212,MSCI全球(除澳)伊斯兰大盘,136212.MI,MI
指数,136213,MSCI全球(除澳)伊斯兰中盘,136213.MI,MI
指数,136214,MSCI全球(除瑞士)伊斯兰,136214.MI,MI
指数,136215,MSCI全球(除瑞士)伊斯兰大盘,136215.MI,MI
指数,136216,MSCI全球(除瑞士)伊斯兰中盘,136216.MI,MI
指数,136217,MSCI全球(除欧盟)伊斯兰,136217.MI,MI
指数,136218,MSCI全球(除欧盟)伊斯兰大盘,136218.MI,MI
指数,136219,MSCI全球(除欧盟)伊斯兰中盘,136219.MI,MI
指数,136220,MSCI全球(除欧洲)伊斯兰,136220.MI,MI
指数,136221,MSCI全球(除欧洲)伊斯兰大盘,136221.MI,MI
指数,136222,MSCI全球(除欧洲)伊斯兰中盘,136222.MI,MI
指数,136223,MSCI全球(除日本)伊斯兰,136223.MI,MI
指数,136224,MSCI全球(除日本)伊斯兰大盘,136224.MI,MI
指数,136225,MSCI全球(除日本)伊斯兰中盘,136225.MI,MI
指数,136226,MSCI全球(除英国)伊斯兰,136226.MI,MI
指数,136227,MSCI全球(除英国)伊斯兰大盘,136227.MI,MI
指数,136228,MSCI全球(除英国)伊斯兰中盘,136228.MI,MI
指数,136229,MSCI全球(除美国)伊斯兰,136229.MI,MI
指数,136230,MSCI全球(除美国)伊斯兰大盘,136230.MI,MI
指数,136231,MSCI全球(除美国)伊斯兰中盘,136231.MI,MI
指数,136232,MSCI全球伊斯兰大盘,136232.MI,MI
指数,136233,MSCI全球伊斯兰中盘,136233.MI,MI
指数,136234,MSCI欧盟伊斯兰,136234.MI,MI
指数,136235,MSCI欧盟伊斯兰大盘,136235.MI,MI
指数,136236,MSCI欧盟伊斯兰中盘,136236.MI,MI
指数,136287,MSCI澳大利亚伊斯兰,136287.MI,MI
指数,136288,MSCI澳大利亚伊斯兰大盘,136288.MI,MI
指数,136289,MSCI澳大利亚伊斯兰中盘,136289.MI,MI
指数,136290,MSCI奥地利伊斯兰,136290.MI,MI
指数,136291,MSCI奥地利伊斯兰大盘,136291.MI,MI
指数,136292,MSCI奥地利伊斯兰中盘,136292.MI,MI
指数,136293,MSCI比利时伊斯兰,136293.MI,MI
指数,136294,MSCI比利时伊斯兰大盘,136294.MI,MI
指数,136295,MSCI比利时伊斯兰中盘,136295.MI,MI
指数,136296,MSCI加拿大伊斯兰,136296.MI,MI
指数,136297,MSCI加拿大伊斯兰大盘,136297.MI,MI
指数,136298,MSCI加拿大伊斯兰中盘,136298.MI,MI
指数,136299,MSCI丹麦伊斯兰,136299.MI,MI
指数,136300,MSCI丹麦伊斯兰大盘,136300.MI,MI
指数,136301,MSCI丹麦伊斯兰中盘,136301.MI,MI
指数,136302,MSCI芬兰伊斯兰,136302.MI,MI
指数,136303,MSCI芬兰伊斯兰大盘,136303.MI,MI
指数,136304,MSCI芬兰伊斯兰中盘,136304.MI,MI
指数,136305,MSCI法国伊斯兰,136305.MI,MI
指数,136306,MSCI法国伊斯兰大盘,136306.MI,MI
指数,136307,MSCI法国伊斯兰中盘,136307.MI,MI
指数,136308,MSCI德国伊斯兰,136308.MI,MI
指数,136309,MSCI德国伊斯兰大盘,136309.MI,MI
指数,136310,MSCI德国伊斯兰中盘,136310.MI,MI
指数,136311,MSCI希腊伊斯兰,136311.MI,MI
指数,136313,MSCI希腊伊斯兰中盘,136313.MI,MI
指数,136317,MSCI爱尔兰伊斯兰,136317.MI,MI
指数,136318,MSCI爱尔兰伊斯兰大盘,136318.MI,MI
指数,136320,MSCI意大利伊斯兰,136320.MI,MI
指数,136321,MSCI意大利伊斯兰大盘,136321.MI,MI
指数,136322,MSCI意大利伊斯兰中盘,136322.MI,MI
指数,136323,MSCI日本伊斯兰,136323.MI,MI
指数,136324,MSCI日本伊斯兰大盘,136324.MI,MI
指数,136325,MSCI日本伊斯兰中盘,136325.MI,MI
指数,136326,MSCI荷兰伊斯兰,136326.MI,MI
指数,136327,MSCI荷兰伊斯兰大盘,136327.MI,MI
指数,136328,MSCI荷兰伊斯兰中盘,136328.MI,MI
指数,136329,MSCI新西兰伊斯兰,136329.MI,MI
指数,136331,MSCI新西兰伊斯兰中盘,136331.MI,MI
指数,136332,MSCI挪威伊斯兰,136332.MI,MI
指数,136333,MSCI挪威伊斯兰大盘,136333.MI,MI
指数,136334,MSCI挪威伊斯兰中盘,136334.MI,MI
指数,136335,MSCI葡萄牙伊斯兰,136335.MI,MI
指数,136337,MSCI葡萄牙伊斯兰中盘,136337.MI,MI
指数,136338,MSCI新加坡伊斯兰,136338.MI,MI
指数,136339,MSCI新加坡伊斯兰大盘,136339.MI,MI
指数,136340,MSCI新加坡伊斯兰中盘,136340.MI,MI
指数,136341,MSCI西班牙伊斯兰,136341.MI,MI
指数,136342,MSCI西班牙伊斯兰大盘,136342.MI,MI
指数,136343,MSCI西班牙伊斯兰中盘,136343.MI,MI
指数,136344,MSCI瑞典伊斯兰,136344.MI,MI
指数,136345,MSCI瑞典伊斯兰大盘,136345.MI,MI
指数,136346,MSCI瑞典伊斯兰中盘,136346.MI,MI
指数,136347,MSCI瑞士伊斯兰,136347.MI,MI
指数,136348,MSCI瑞士伊斯兰大盘,136348.MI,MI
指数,136349,MSCI瑞士伊斯兰中盘,136349.MI,MI
指数,136350,MSCI英国伊斯兰,136350.MI,MI
指数,136351,MSCI英国伊斯兰大盘,136351.MI,MI
指数,136352,MSCI英国伊斯兰中盘,136352.MI,MI
指数,136353,MSCI美国伊斯兰,136353.MI,MI
指数,136354,MSCI美国伊斯兰大盘,136354.MI,MI
指数,136355,MSCI美国伊斯兰中盘,136355.MI,MI
指数,136356,MSCI阿根廷伊斯兰,136356.MI,MI
指数,136357,MSCI阿根廷伊斯兰大盘,136357.MI,MI
指数,136359,MSCI巴西伊斯兰,136359.MI,MI
指数,136360,MSCI巴西伊斯兰大盘,136360.MI,MI
指数,136361,MSCI巴西伊斯兰中盘,136361.MI,MI
指数,136362,MSCI智利伊斯兰,136362.MI,MI
指数,136363,MSCI智利伊斯兰大盘,136363.MI,MI
指数,136364,MSCI智利伊斯兰中盘,136364.MI,MI
指数,136365,MSCI中国伊斯兰,136365.MI,MI
指数,136366,MSCI中国伊斯兰大盘,136366.MI,MI
指数,136367,MSCI中国伊斯兰中盘,136367.MI,MI
指数,136368,MSCI哥伦比亚伊斯兰,136368.MI,MI
指数,136369,MSCI哥伦比亚伊斯兰大盘,136369.MI,MI
指数,136370,MSCI哥伦比亚伊斯兰中盘,136370.MI,MI
指数,136371,MSCI捷克共和国伊斯兰,136371.MI,MI
指数,136372,MSCI捷克共和国伊斯兰大盘,136372.MI,MI
指数,136377,MSCI匈牙利伊斯兰,136377.MI,MI
指数,136378,MSCI匈牙利伊斯兰大盘,136378.MI,MI
指数,136379,MSCI匈牙利伊斯兰中盘,136379.MI,MI
指数,136380,MSCI印度伊斯兰,136380.MI,MI
指数,136381,MSCI印度伊斯兰大盘,136381.MI,MI
指数,136382,MSCI印度伊斯兰中盘,136382.MI,MI
指数,136383,MSCI印度尼西亚伊斯兰,136383.MI,MI
指数,136384,MSCI印度尼西亚伊斯兰大盘,136384.MI,MI
指数,136385,MSCI印度尼西亚伊斯兰中盘,136385.MI,MI
指数,136386,MSCI约旦伊斯兰,136386.MI,MI
指数,136387,MSCI约旦伊斯兰大盘,136387.MI,MI
指数,136388,MSCI约旦伊斯兰中盘,136388.MI,MI
指数,136389,MSCI韩国伊斯兰,136389.MI,MI
指数,136390,MSCI韩国伊斯兰大盘,136390.MI,MI
指数,136391,MSCI韩国伊斯兰中盘,136391.MI,MI
指数,136392,MSCI马来西亚伊斯兰,136392.MI,MI
指数,136393,MSCI马来西亚伊斯兰大盘,136393.MI,MI
指数,136394,MSCI马来西亚伊斯兰中盘,136394.MI,MI
指数,136395,MSCI墨西哥伊斯兰,136395.MI,MI
指数,136396,MSCI墨西哥伊斯兰大盘,136396.MI,MI
指数,136397,MSCI墨西哥伊斯兰中盘,136397.MI,MI
指数,136398,MSCI摩洛哥伊斯兰,136398.MI,MI
指数,136399,MSCI摩洛哥伊斯兰大盘,136399.MI,MI
指数,136401,MSCI巴基斯坦伊斯兰,136401.MI,MI
指数,136402,MSCI巴基斯坦伊斯兰大盘,136402.MI,MI
指数,136403,MSCI巴基斯坦伊斯兰中盘,136403.MI,MI
指数,136404,MSCI秘鲁伊斯兰,136404.MI,MI
指数,136406,MSCI秘鲁伊斯兰中盘,136406.MI,MI
指数,136407,MSCI菲律宾伊斯兰,136407.MI,MI
指数,136408,MSCI菲律宾伊斯兰大盘,136408.MI,MI
指数,136409,MSCI菲律宾伊斯兰中盘,136409.MI,MI
指数,136410,MSCI波兰伊斯兰,136410.MI,MI
指数,136411,MSCI波兰伊斯兰大盘,136411.MI,MI
指数,136412,MSCI波兰伊斯兰中盘,136412.MI,MI
指数,136413,MSCI俄罗斯伊斯兰,136413.MI,MI
指数,136414,MSCI俄罗斯伊斯兰大盘,136414.MI,MI
指数,136415,MSCI俄罗斯伊斯兰中盘,136415.MI,MI
指数,136416,MSCI南非伊斯兰,136416.MI,MI
指数,136417,MSCI南非伊斯兰大盘,136417.MI,MI
指数,136418,MSCI南非伊斯兰中盘,136418.MI,MI
指数,136419,MSCI台湾伊斯兰,136419.MI,MI
指数,136420,MSCI台湾伊斯兰大盘,136420.MI,MI
指数,136421,MSCI台湾伊斯兰中盘,136421.MI,MI
指数,136422,MSCI泰国伊斯兰,136422.MI,MI
指数,136423,MSCI泰国伊斯兰大盘,136423.MI,MI
指数,136424,MSCI泰国伊斯兰中盘,136424.MI,MI
指数,136425,MSCI土耳其伊斯兰,136425.MI,MI
指数,136426,MSCI土耳其伊斯兰大盘,136426.MI,MI
指数,136427,MSCI土耳其伊斯兰中盘,136427.MI,MI
指数,136428,MSCI阿拉伯市场伊斯兰,136428.MI,MI
指数,136429,MSCI阿拉伯市场(除沙特)伊斯兰,136429.MI,MI
指数,136430,MSCI海合会伊斯兰,136430.MI,MI
指数,136431,MSCI海合会(除沙特)伊斯兰,136431.MI,MI
指数,136432,MSCI巴林国内伊斯兰,136432.MI,MI
指数,136433,MSCI巴林伊斯兰,136433.MI,MI
指数,136434,MSCI科威特国内伊斯兰,136434.MI,MI
指数,136435,MSCI科威特伊斯兰,136435.MI,MI
指数,136436,MSCI阿曼国内伊斯兰,136436.MI,MI
指数,136437,MSCI阿曼伊斯兰,136437.MI,MI
指数,136438,MSCI卡塔尔国内伊斯兰,136438.MI,MI
指数,136439,MSCI卡塔尔伊斯兰,136439.MI,MI
指数,136440,MSCI沙特阿拉伯国内伊斯兰,136440.MI,MI
指数,136442,MSCI阿联酋境内市场伊斯兰,136442.MI,MI
指数,136443,MSCI阿联酋伊斯兰,136443.MI,MI
指数,136484,MSCI约旦+埃及+摩洛哥伊斯兰,136484.MI,MI
指数,136613,MSCI亚洲APEX50,136613.MI,MI
指数,136614,MSCI前沿市场,136614.MI,MI
指数,136615,MSCI前沿市场(除海合会),136615.MI,MI
指数,136616,MSCI中欧东欧前沿市场CIS,136616.MI,MI
指数,136617,MSCI非洲前沿市场,136617.MI,MI
指数,136618,MSCI欧非中东前沿市场,136618.MI,MI
指数,136619,MSCI新兴前沿市场,136619.MI,MI
指数,136620,MSCI中东欧新兴前沿市场CIS(CEEC),136620.MI,MI
指数,136621,MSCI东欧新兴前沿市场(除俄),136621.MI,MI
指数,136622,MSCI欧洲新兴前沿市场CIS,136622.MI,MI
指数,136623,MSCI欧洲新兴前沿市场(除俄)CIS,136623.MI,MI
指数,136624,MSCI欧非中东新兴前沿市场,136624.MI,MI
指数,136625,MSCI非洲新兴前沿市场,136625.MI,MI
指数,136626,MSCI非洲新兴前沿市场(除南非),136626.MI,MI
指数,136627,MSCI亚洲新兴前沿市场,136627.MI,MI
指数,136628,MSCI远东新兴前沿市场,136628.MI,MI
指数,136629,MSCI全球+前沿市场,136629.MI,MI
指数,136630,MSCI全球+前沿市场(除美国),136630.MI,MI
指数,136631,MSCI全球+前沿市场(除日本),136631.MI,MI
指数,136632,MSCI欧洲发达新兴及前沿市场CIS,136632.MI,MI
指数,136633,MSCI亚洲发达新兴及前沿市场,136633.MI,MI
指数,136634,MSCI保加利亚,136634.MI,MI
指数,136635,MSCI克罗地亚,136635.MI,MI
指数,136636,MSCI爱沙尼亚,136636.MI,MI
指数,136637,MSCI哈萨克斯坦,136637.MI,MI
指数,136638,MSCI立陶宛,136638.MI,MI
指数,136639,MSCI罗马尼亚,136639.MI,MI
指数,136640,MSCI斯洛文尼亚,136640.MI,MI
指数,136641,MSCI乌克兰,136641.MI,MI
指数,136642,MSCI黎巴嫩,136642.MI,MI
指数,136643,MSCI肯尼亚,136643.MI,MI
指数,136644,MSCI毛里求斯,136644.MI,MI
指数,136645,MSCI尼日利亚,136645.MI,MI
指数,136646,MSCI突尼斯,136646.MI,MI
指数,136647,MSCI越南,136647.MI,MI
指数,137076,MSCI科威特大盘,137076.MI,MI
指数,137077,MSCI阿曼大盘,137077.MI,MI
指数,137078,MSCI卡塔尔大盘,137078.MI,MI
指数,137079,MSCI巴林大盘,137079.MI,MI
指数,137080,MSCI阿联酋大盘,137080.MI,MI
指数,137081,MSCI科威特中盘,137081.MI,MI
指数,137082,MSCI阿曼中盘,137082.MI,MI
指数,137083,MSCI卡塔尔中盘,137083.MI,MI
指数,137084,MSCI巴林中盘,137084.MI,MI
指数,137085,MSCI阿联酋中盘,137085.MI,MI
指数,137091,MSCI科威特可投资,137091.MI,MI
指数,137092,MSCI阿曼可投资,137092.MI,MI
指数,137093,MSCI卡塔尔可投资,137093.MI,MI
指数,137094,MSCI巴林可投资,137094.MI,MI
指数,137095,MSCI阿联酋可投资,137095.MI,MI
指数,137096,MSCI科威特国内大盘,137096.MI,MI
指数,137097,MSCI阿曼国内大盘,137097.MI,MI
指数,137098,MSCI卡塔尔国内大盘,137098.MI,MI
指数,137099,MSCI巴林国内大盘,137099.MI,MI
指数,137100,MSCI阿联酋境内市场大盘,137100.MI,MI
指数,137101,MSCI沙特阿拉伯国内大盘,137101.MI,MI
指数,137102,MSCI科威特国内中盘,137102.MI,MI
指数,137103,MSCI阿曼国内中盘,137103.MI,MI
指数,137104,MSCI卡塔尔国内中盘,137104.MI,MI
指数,137105,MSCI巴林国内中盘,137105.MI,MI
指数,137106,MSCI阿联酋境内市场中盘,137106.MI,MI
指数,137107,MSCI沙特阿拉伯国内中盘,137107.MI,MI
指数,137114,MSCI科威特国内可投资,137114.MI,MI
指数,137115,MSCI阿曼国内可投资,137115.MI,MI
指数,137116,MSCI卡塔尔国内可投资,137116.MI,MI
指数,137117,MSCI巴林国内可投资,137117.MI,MI
指数,137118,MSCI阿联酋境内市场可投资,137118.MI,MI
指数,137119,MSCI沙特阿拉伯国内可投资,137119.MI,MI
指数,137120,MSCI海合会(除沙特)大盘,137120.MI,MI
指数,137121,MSCI海合会(除沙特)中盘,137121.MI,MI
指数,137123,MSCI海合会(除沙特)可投资,137123.MI,MI
指数,137124,MSCI阿拉伯市场(除沙特)大盘,137124.MI,MI
指数,137125,MSCI阿拉伯市场(除沙特)中盘,137125.MI,MI
指数,137130,MSCI阿拉伯市场可投资,137130.MI,MI
指数,137131,MSCI阿拉伯市场中小盘,137131.MI,MI
指数,137133,MSCI阿拉伯市场(除沙特)可投资,137133.MI,MI
指数,137134,MSCI阿拉伯市场(除沙特)中小盘,137134.MI,MI
指数,137477,MSCI亚洲(除日本)农业&食品链限权重,137477.MI,MI
指数,137479,MSCI美国农业及食品链,137479.MI,MI
指数,137480,MSCI美国农业及食品链限权重,137480.MI,MI
指数,138387,MSCI美洲发达新兴及前沿市场,138387.MI,MI
指数,138388,MSCI亚洲前沿市场,138388.MI,MI
指数,138399,MSCI亚洲前沿市场伊斯兰,138399.MI,MI
指数,138410,MSCI拉美&加勒比前沿市场,138410.MI,MI
指数,138421,MSCI拉美&加勒比前沿市场伊斯兰,138421.MI,MI
指数,138432,MSCI拉美+加勒比新兴前沿市场,138432.MI,MI
指数,138443,MSCI拉美+加勒比新兴前沿市场伊斯兰,138443.MI,MI
指数,138482,MSCI海合会ACCESS大盘,138482.MI,MI
指数,138484,MSCI阿拉伯境内(除沙特)伊斯兰,138484.MI,MI
指数,138485,MSCI阿拉伯境内(除沙特)大盘,138485.MI,MI
指数,138486,MSCI阿拉伯境内(除沙特)伊斯兰大盘,138486.MI,MI
指数,138487,MSCI阿拉伯境内(除沙特)中盘,138487.MI,MI
指数,138488,MSCI阿拉伯境内(除沙特)伊斯兰中盘,138488.MI,MI
指数,138491,MSCI阿拉伯境内(除沙特)中小盘,138491.MI,MI
指数,138492,MSCI阿拉伯境内(除沙特)伊斯兰中小盘,138492.MI,MI
指数,138493,MSCI阿拉伯境内(除沙特)可投资,138493.MI,MI
指数,138494,MSCI阿拉伯境内(除沙特)伊斯兰可投资,138494.MI,MI
指数,138695,MSCI海合会ACCESS中盘,138695.MI,MI
指数,138696,MSCI海合会ACCESS,138696.MI,MI
指数,138698,MSCI海合会ACCESS中小盘,138698.MI,MI
指数,138699,MSCI海合会ACCESS可投资,138699.MI,MI
指数,139200,MSCI中国A股在岸大盘(美元),139200.MI,MI
指数,139200L,MSCI中国A股在岸大盘(人民币),139200L.MI,MI
指数,139215,MSCI中国A股在岸中盘(美元),139215.MI,MI
指数,139215L,MSCI中国A股在岸中盘(人民币),139215L.MI,MI
指数,139229,MSCI中国A股在岸中小盘(美元),139229.MI,MI
指数,139229L,MSCI中国A股在岸中小盘(人民币),139229L.MI,MI
指数,139251,MSCI中国A股在岸大中小盘(美元),139251.MI,MI
指数,139251L,MSCI中国A股在岸大中小盘(人民币),139251L.MI,MI
指数,139263,MSCI中国A股在岸小盘,139263.MI,MI
指数,139263L,MSCI中国A股在岸小盘(人民币),139263L.MI,MI
指数,139276,MSCI金龙A股在岸除B股,139276.MI,MI
指数,139359,MSCI金龙A股在岸,139359.MI,MI
指数,139431,MSCI中国A股在岸低波(美元),139431.MI,MI
指数,139431L,MSCI中国A股在岸低波(人民币),139431L.MI,MI
指数,139432,MSCI中国低波(美元),139432.MI,MI
指数,139432L,MSCI中国低波(Local),139432L.MI,MI
指数,139599,MSCI中国大盘(除A股B股),139599.MI,MI
指数,139600,MSCI中国中盘(除A股B股),139600.MI,MI
指数,139601,MSCI中国中小盘(除A股B股)(美元),139601.MI,MI
指数,139603,MSCI中国小盘(除A股B股),139603.MI,MI
指数,139839,MSCI海外中国大盘指数,139839.MI,MI
指数,139840,MSCI海外中国中盘指数,139840.MI,MI
指数,139841,MSCI海外中国小盘指数,139841.MI,MI
指数,139842,MSCI海外中国中小指数,139842.MI,MI
指数,139843,MSCI海外中国大中小指数,139843.MI,MI
指数,139844,MSCI海外中国指数,139844.MI,MI
指数,140424,MSCI海合会大盘,140424.MI,MI
指数,140425,MSCI海合会中盘,140425.MI,MI
指数,140427,MSCI海合会可投资,140427.MI,MI
指数,140428,MSCI阿拉伯市场大盘,140428.MI,MI
指数,140429,MSCI阿拉伯市场中盘,140429.MI,MI
指数,140934,MSCI阿曼中小盘,140934.MI,MI
指数,140935,MSCI阿联酋中小盘,140935.MI,MI
指数,140936,MSCI巴林中小盘,140936.MI,MI
指数,140937,MSCI科威特中小盘,140937.MI,MI
指数,140938,MSCI卡塔尔中小盘,140938.MI,MI
指数,140939,MSCI阿曼国内中小盘,140939.MI,MI
指数,140940,MSCI阿联酋境内市场中小盘,140940.MI,MI
指数,140941,MSCI巴林国内中小盘,140941.MI,MI
指数,140942,MSCI科威特国内中小盘,140942.MI,MI
指数,140943,MSCI卡塔尔国内中小盘,140943.MI,MI
指数,140944,MSCI海合会中小盘,140944.MI,MI
指数,140945,MSCI海合会(除沙特)中小盘,140945.MI,MI
指数,140948,MSCI沙特阿拉伯国内中小盘,140948.MI,MI
指数,141311,MSCI约旦+埃及+摩洛哥大盘,141311.MI,MI
指数,141322,MSCI约旦+埃及+摩洛哥中盘,141322.MI,MI
指数,141368,MSCI约旦+埃及+摩洛哥中小盘,141368.MI,MI
指数,141379,MSCI约旦+埃及+摩洛哥可投资,141379.MI,MI
指数,141415,MSCI塞尔维亚,141415.MI,MI
指数,141458,MSCI全球/专业服务,141458.MI,MI
指数,141481,MSCI中国A股在岸/专业服务,141481.MI,MI
指数,141528,MSCI欧盟/专业服务,141528.MI,MI
指数,141541,MSCI欧洲/专业服务,141541.MI,MI
指数,141662,MSCI发达/专业服务,141662.MI,MI
指数,141997,MSCI阿拉伯市场&非洲,141997.MI,MI
指数,141998,MSCI阿拉伯市场(除沙特)+非洲,141998.MI,MI
指数,141999,MSCI阿拉伯市场(除沙特)+非洲大盘,141999.MI,MI
指数,142000,MSCI阿拉伯市场(除沙特)+非洲中盘,142000.MI,MI
指数,142001,MSCI阿拉伯市场&非洲大盘,142001.MI,MI
指数,142002,MSCI阿拉伯市场&非洲中盘,142002.MI,MI
指数,142003,MSCI阿拉伯国内,142003.MI,MI
指数,142004,MSCI阿拉伯国内可投资,142004.MI,MI
指数,142008,MSCI阿拉伯国内大盘,142008.MI,MI
指数,142009,MSCI阿拉伯国内中盘,142009.MI,MI
指数,142011,MSCI阿拉伯国内中小盘,142011.MI,MI
指数,142016,MSCI海合会国内,142016.MI,MI
指数,142017,MSCI海合会国内可投资,142017.MI,MI
指数,142018,MSCI海合会国内伊斯兰,142018.MI,MI
指数,142019,MSCI海合会国内伊斯兰大盘,142019.MI,MI
指数,142020,MSCI海合会国内伊斯兰中盘,142020.MI,MI
指数,142021,MSCI海合会国内大盘,142021.MI,MI
指数,142022,MSCI海合会国内中盘,142022.MI,MI
指数,142024,MSCI海合会国内中小盘,142024.MI,MI
指数,142025,MSCI海合会(除沙特)伊斯兰大盘,142025.MI,MI
指数,142026,MSCI海合会(除沙特)伊斯兰中盘,142026.MI,MI
指数,142027,MSCI海合会伊斯兰大盘,142027.MI,MI
指数,142028,MSCI海合会伊斯兰中盘,142028.MI,MI
指数,142029,MSCI约旦+埃及+摩洛哥伊斯兰大盘,142029.MI,MI
指数,142030,MSCI约旦+埃及+摩洛哥伊斯兰中盘,142030.MI,MI
指数,142943,MSCI阿拉伯市场伊斯兰可投资,142943.MI,MI
指数,142944,MSCI阿拉伯市场伊斯兰大盘,142944.MI,MI
指数,142945,MSCI阿拉伯市场伊斯兰中盘,142945.MI,MI
指数,142947,MSCI阿拉伯市场伊斯兰中小盘,142947.MI,MI
指数,142991,MSCI巴林伊斯兰可投资,142991.MI,MI
指数,142992,MSCI巴林伊斯兰大盘,142992.MI,MI
指数,142993,MSCI巴林伊斯兰中盘,142993.MI,MI
指数,142995,MSCI巴林伊斯兰中小盘,142995.MI,MI
指数,142996,MSCI巴西伊斯兰可投资,142996.MI,MI
指数,142998,MSCI巴西伊斯兰中小盘,142998.MI,MI
指数,143009,MSCI金砖四国伊斯兰可投资,143009.MI,MI
指数,143011,MSCI金砖四国伊斯兰中小盘,143011.MI,MI
指数,143063,MSCI智利伊斯兰可投资,143063.MI,MI
指数,143065,MSCI智利伊斯兰中小盘,143065.MI,MI
指数,143066,MSCI中国伊斯兰可投资,143066.MI,MI
指数,143068,MSCI中国伊斯兰中小盘,143068.MI,MI
指数,143069,MSCI哥伦比亚伊斯兰可投资,143069.MI,MI
指数,143071,MSCI哥伦比亚伊斯兰中小盘,143071.MI,MI
指数,143072,MSCI克罗地亚伊斯兰,143072.MI,MI
指数,143073,MSCI捷克共和国伊斯兰可投资,143073.MI,MI
指数,143075,MSCI捷克共和国伊斯兰中小盘,143075.MI,MI
指数,143076,MSCI新兴前沿市场伊斯兰,143076.MI,MI
指数,143077,MSCI非洲新兴前沿市场(除南非)伊斯兰,143077.MI,MI
指数,143078,MSCI非洲新兴前沿市场伊斯兰,143078.MI,MI
指数,143099,MSCI亚洲新兴前沿市场伊斯兰,143099.MI,MI
指数,143100,MSCI东欧新兴前沿市场(除俄)伊斯兰,143100.MI,MI
指数,143101,MSCI东欧新兴前沿市场伊斯兰,143101.MI,MI
指数,143112,MSCI欧非中东新兴前沿市场伊斯兰,143112.MI,MI
指数,143113,MSCI欧洲新兴前沿市场(除俄)CIS伊斯兰,143113.MI,MI
指数,143114,MSCI欧洲新兴前沿市场CIS伊斯兰,143114.MI,MI
指数,143115,MSCI远东新兴前沿市场伊斯兰,143115.MI,MI
指数,143116,MSCI埃及伊斯兰可投资,143116.MI,MI
指数,143118,MSCI埃及伊斯兰中小盘,143118.MI,MI
指数,143119,MSCI新兴市场伊斯兰可投资,143119.MI,MI
指数,143121,MSCI新兴市场伊斯兰中小盘,143121.MI,MI
指数,143122,MSCI亚洲新兴市场伊斯兰可投资,143122.MI,MI
指数,143123,MSCI亚洲新兴市场伊斯兰中小盘,143123.MI,MI
指数,143125,MSCI东欧新兴市场伊斯兰可投资,143125.MI,MI
指数,143127,MSCI东欧新兴市场伊斯兰中小盘,143127.MI,MI
指数,143138,MSCI欧非中东新兴市场伊斯兰可投资,143138.MI,MI
指数,143140,MSCI欧非中东新兴市场伊斯兰中小盘,143140.MI,MI
指数,143191,MSCI欧洲&中东新兴市场伊斯兰可投资,143191.MI,MI
指数,143193,MSCI欧洲&中东新兴市场伊斯兰中小盘,143193.MI,MI
指数,143234,MSCI欧洲新兴市场伊斯兰可投资,143234.MI,MI
指数,143236,MSCI欧洲新兴市场伊斯兰中小盘,143236.MI,MI
指数,143237,MSCI远东新兴市场伊斯兰可投资,143237.MI,MI
指数,143239,MSCI远东新兴市场伊斯兰中小盘,143239.MI,MI
指数,143290,MSCI拉美新兴市场伊斯兰可投资,143290.MI,MI
指数,143292,MSCI拉美新兴市场伊斯兰中小盘,143292.MI,MI
指数,143293,MSCI爱沙尼亚伊斯兰,143293.MI,MI
指数,143294,MSCI前沿市场伊斯兰,143294.MI,MI
指数,143295,MSCI非洲前沿市场伊斯兰,143295.MI,MI
指数,143306,MSCI东欧前沿市场伊斯兰,143306.MI,MI
指数,143317,MSCI欧非中东前沿市场伊斯兰,143317.MI,MI
指数,143328,MSCI前沿市场(除海合会)伊斯兰,143328.MI,MI
指数,143349,MSCI海合会国内伊斯兰可投资,143349.MI,MI
指数,143351,MSCI海合会国内伊斯兰中小盘,143351.MI,MI
指数,143352,MSCI海合会(除沙特)伊斯兰中小盘,143352.MI,MI
指数,143353,MSCI海合会(除沙特)伊斯兰可投资,143353.MI,MI
指数,143355,MSCI海合会伊斯兰可投资,143355.MI,MI
指数,143357,MSCI海合会伊斯兰中小盘,143357.MI,MI
指数,143358,MSCI匈牙利伊斯兰可投资,143358.MI,MI
指数,143360,MSCI匈牙利伊斯兰中小盘,143360.MI,MI
指数,143361,MSCI印度伊斯兰可投资,143361.MI,MI
指数,143363,MSCI印度伊斯兰中小盘,143363.MI,MI
指数,143364,MSCI印度尼西亚伊斯兰可投资,143364.MI,MI
指数,143366,MSCI印度尼西亚伊斯兰中小盘,143366.MI,MI
指数,143374,MSCI肯尼亚伊斯兰,143374.MI,MI
指数,143375,MSCI韩国伊斯兰可投资,143375.MI,MI
指数,143377,MSCI韩国伊斯兰中小盘,143377.MI,MI
指数,143378,MSCI科威特伊斯兰可投资,143378.MI,MI
指数,143379,MSCI科威特伊斯兰大盘,143379.MI,MI
指数,143380,MSCI科威特伊斯兰中盘,143380.MI,MI
指数,143382,MSCI科威特伊斯兰中小盘,143382.MI,MI
指数,143384,MSCI立陶宛伊斯兰,143384.MI,MI
指数,143385,MSCI马来西亚伊斯兰可投资,143385.MI,MI
指数,143387,MSCI马来西亚伊斯兰中小盘,143387.MI,MI
指数,143389,MSCI墨西哥伊斯兰可投资,143389.MI,MI
指数,143391,MSCI墨西哥伊斯兰中小盘,143391.MI,MI
指数,143395,MSCI尼日利亚伊斯兰,143395.MI,MI
指数,143396,MSCI阿曼伊斯兰可投资,143396.MI,MI
指数,143397,MSCI阿曼伊斯兰大盘,143397.MI,MI
指数,143398,MSCI阿曼伊斯兰中盘,143398.MI,MI
指数,143400,MSCI阿曼伊斯兰中小盘,143400.MI,MI
指数,143404,MSCI秘鲁伊斯兰可投资,143404.MI,MI
指数,143406,MSCI秘鲁伊斯兰中小盘,143406.MI,MI
指数,143407,MSCI菲律宾伊斯兰可投资,143407.MI,MI
指数,143409,MSCI菲律宾伊斯兰中小盘,143409.MI,MI
指数,143410,MSCI波兰伊斯兰可投资,143410.MI,MI
指数,143412,MSCI波兰伊斯兰中小盘,143412.MI,MI
指数,143413,MSCI卡塔尔伊斯兰可投资,143413.MI,MI
指数,143415,MSCI卡塔尔伊斯兰中小盘,143415.MI,MI
指数,143416,MSCI卡塔尔伊斯兰大盘,143416.MI,MI
指数,143417,MSCI卡塔尔伊斯兰中盘,143417.MI,MI
指数,143418,MSCI罗马尼亚伊斯兰,143418.MI,MI
指数,143419,MSCI俄罗斯伊斯兰可投资,143419.MI,MI
指数,143421,MSCI俄罗斯伊斯兰中小盘,143421.MI,MI
指数,143422,MSCI沙特阿拉伯国内伊斯兰可投资,143422.MI,MI
指数,143423,MSCI沙特阿拉伯国内伊斯兰大盘,143423.MI,MI
指数,143424,MSCI沙特阿拉伯国内伊斯兰中盘,143424.MI,MI
指数,143426,MSCI沙特阿拉伯国内伊斯兰中小盘,143426.MI,MI
指数,143428,MSCI斯洛文尼亚伊斯兰,143428.MI,MI
指数,143429,MSCI南非伊斯兰可投资,143429.MI,MI
指数,143431,MSCI南非伊斯兰中小盘,143431.MI,MI
指数,143433,MSCI台湾伊斯兰可投资,143433.MI,MI
指数,143435,MSCI台湾伊斯兰中小盘,143435.MI,MI
指数,143436,MSCI泰国伊斯兰可投资,143436.MI,MI
指数,143438,MSCI泰国伊斯兰中小盘,143438.MI,MI
指数,143440,MSCI土耳其伊斯兰可投资,143440.MI,MI
指数,143442,MSCI土耳其伊斯兰中小盘,143442.MI,MI
指数,143444,MSCI阿联酋伊斯兰可投资,143444.MI,MI
指数,143446,MSCI阿联酋伊斯兰中小盘,143446.MI,MI
指数,143447,MSCI阿联酋伊斯兰大盘,143447.MI,MI
指数,143448,MSCI阿联酋伊斯兰中盘,143448.MI,MI
指数,143449,MSCI越南伊斯兰,143449.MI,MI
指数,143600,MSCI阿拉伯国内伊斯兰,143600.MI,MI
指数,143601,MSCI阿拉伯国内伊斯兰大盘,143601.MI,MI
指数,143602,MSCI阿拉伯国内伊斯兰中盘,143602.MI,MI
指数,143603,MSCI阿拉伯国内伊斯兰可投资,143603.MI,MI
指数,143605,MSCI阿拉伯国内伊斯兰中小盘,143605.MI,MI
指数,143656,MSCI阿拉伯市场(除沙特)伊斯兰大盘,143656.MI,MI
指数,143657,MSCI阿拉伯市场(除沙特)伊斯兰中盘,143657.MI,MI
指数,143658,MSCI阿拉伯市场(除沙特)伊斯兰中小盘,143658.MI,MI
指数,143660,MSCI阿拉伯市场(除沙特)伊斯兰可投资,143660.MI,MI
指数,143771,MSCI阿联酋境内市场伊斯兰大盘,143771.MI,MI
指数,143772,MSCI阿联酋境内市场伊斯兰中盘,143772.MI,MI
指数,143774,MSCI阿联酋境内市场伊斯兰中小盘,143774.MI,MI
指数,143775,MSCI阿联酋境内市场伊斯兰可投资,143775.MI,MI
指数,143776,MSCI卡塔尔国内伊斯兰大盘,143776.MI,MI
指数,143777,MSCI卡塔尔国内伊斯兰中盘,143777.MI,MI
指数,143779,MSCI卡塔尔国内伊斯兰中小盘,143779.MI,MI
指数,143780,MSCI卡塔尔国内伊斯兰可投资,143780.MI,MI
指数,143781,MSCI阿曼国内伊斯兰大盘,143781.MI,MI
指数,143782,MSCI阿曼国内伊斯兰中盘,143782.MI,MI
指数,143784,MSCI阿曼国内伊斯兰中小盘,143784.MI,MI
指数,143785,MSCI阿曼国内伊斯兰可投资,143785.MI,MI
指数,143786,MSCI科威特国内伊斯兰大盘,143786.MI,MI
指数,143787,MSCI科威特国内伊斯兰中盘,143787.MI,MI
指数,143789,MSCI科威特国内伊斯兰中小盘,143789.MI,MI
指数,143790,MSCI科威特国内伊斯兰可投资,143790.MI,MI
指数,143791,MSCI巴林国内伊斯兰大盘,143791.MI,MI
指数,143792,MSCI巴林国内伊斯兰中盘,143792.MI,MI
指数,143794,MSCI巴林国内伊斯兰中小盘,143794.MI,MI
指数,143795,MSCI巴林国内伊斯兰可投资,143795.MI,MI
指数,143852,MSCI全球+前沿市场(除美国)可投资,143852.MI,MI
指数,143853,MSCI全球+前沿市场(除日本)可投资,143853.MI,MI
指数,143854,MSCI欧洲发达新兴及前沿市场CIS可投资,143854.MI,MI
指数,143855,MSCI亚洲发达新兴及前沿市场可投资,143855.MI,MI
指数,143856,MSCI东欧新兴市场(除俄)大盘,143856.MI,MI
指数,143857,MSCI东欧新兴市场(除俄)中盘,143857.MI,MI
指数,143859,MSCI东欧新兴市场(除俄)中小盘,143859.MI,MI
指数,143860,MSCI东欧新兴市场(除俄)可投资,143860.MI,MI
指数,143861,MSCI东欧新兴市场(除俄)价值,143861.MI,MI
指数,143862,MSCI东欧新兴市场(除俄)成长,143862.MI,MI
指数,143863,MSCI东欧新兴市场(除俄)大盘价值,143863.MI,MI
指数,143864,MSCI东欧新兴市场(除俄)大盘成长,143864.MI,MI
指数,143865,MSCI东欧新兴市场(除俄)中盘价值,143865.MI,MI
指数,143866,MSCI东欧新兴市场(除俄)中盘成长,143866.MI,MI
指数,143869,MSCI东欧新兴市场(除俄)中小盘价值,143869.MI,MI
指数,143870,MSCI东欧新兴市场(除俄)中小盘成长,143870.MI,MI
指数,143871,MSCI东欧新兴市场(除俄)可投资价值,143871.MI,MI
指数,143872,MSCI东欧新兴市场(除俄)可投资成长,143872.MI,MI
指数,143873,MSCI东欧新兴市场(除俄)伊斯兰,143873.MI,MI
指数,143874,MSCI东欧新兴市场(除俄)伊斯兰大盘,143874.MI,MI
指数,143875,MSCI东欧新兴市场(除俄)伊斯兰中盘,143875.MI,MI
指数,143877,MSCI东欧新兴市场(除俄)伊斯兰中小盘,143877.MI,MI
指数,143878,MSCI东欧新兴市场(除俄)伊斯兰可投资,143878.MI,MI
指数,144097,MSCI EAFE除以色列指数(美元),144097.MI,MI
指数,144417,MSCIEAFE全盘指数(美元),144417.MI,MI
指数,144473,MSCIAC亚太地区全市值指数(美元),144473.MI,MI
指数,144504,MSCI阿根廷可投资,144504.MI,MI
指数,144538,MSCI巴基斯坦可投资,144538.MI,MI
指数,145289,MSCIAC远东IMI伊斯兰指数(美元),145289.MI,MI
指数,145820,MSCI中国A股在岸公司质量(美元),145820.MI,MI
指数,145820L,MSCI中国A股在岸公司质量(人民币),145820L.MI,MI
指数,146596,MSCI巴基斯坦成长,146596.MI,MI
指数,146597,MSCI巴基斯坦可投资成长,146597.MI,MI
指数,146599,MSCI巴基斯坦可投资价值,146599.MI,MI
指数,146602,MSCI巴基斯坦中盘成长,146602.MI,MI
指数,146603,MSCI巴基斯坦中盘价值,146603.MI,MI
指数,146607,MSCI巴基斯坦中小盘,146607.MI,MI
指数,146609,MSCI巴基斯坦中小盘成长,146609.MI,MI
指数,146610,MSCI巴基斯坦中小盘价值,146610.MI,MI
指数,146611,MSCI巴基斯坦价值,146611.MI,MI
指数,148402,MSCI中国A股在岸/环境,148402.MI,MI
指数,149106,MSCI阿根廷价值,149106.MI,MI
指数,149108,MSCI阿根廷中盘价值,149108.MI,MI
指数,149110,MSCI阿根廷可投资价值,149110.MI,MI
指数,149111,MSCI阿根廷中小盘价值,149111.MI,MI
指数,149112,MSCI阿根廷成长,149112.MI,MI
指数,149114,MSCI阿根廷中盘成长,149114.MI,MI
指数,149116,MSCI阿根廷可投资成长,149116.MI,MI
指数,149117,MSCI阿根廷中小盘成长,149117.MI,MI
指数,149118,MSCI阿根廷中小盘,149118.MI,MI
指数,20200080,中国年金指数B0010,20200080.PI,PI
指数,20208000,中国年金指数B0090,20208000.PI,PI
指数,20307000,中国年金指数B0080,20307000.PI,PI
指数,20351550,中国年金指数B0020,20351550.PI,PI
指数,20406000,中国年金指数B0070,20406000.PI,PI
指数,20503020,中国年金指数B0030,20503020.PI,PI
指数,20505000,中国年金指数B0060,20505000.PI,PI
指数,20603505,中国年金指数B0040,20603505.PI,PI
指数,20604000,中国年金指数B0050,20604000.PI,PI
指数,300000,MSCI欧盟+英国价值,300000.MI,MI
指数,300001,MSCI欧洲(除欧盟)价值,300001.MI,MI
指数,300002,MSCI欧洲(除德国)价值,300002.MI,MI
指数,300003,MSCI欧洲(除瑞士)价值,300003.MI,MI
指数,300004,MSCI欧洲(除英国瑞士)价值,300004.MI,MI
指数,300005,MSCI发达市场(除欧盟)价值,300005.MI,MI
指数,300006,MSCI发达市场(除欧洲)价值,300006.MI,MI
指数,300007,MSCI全球(除澳)价值,300007.MI,MI
指数,300008,MSCI全球(除欧盟)价值,300008.MI,MI
指数,300009,MSCI全球(除欧洲)价值,300009.MI,MI
指数,300010,MSCI全球(除瑞士)价值,300010.MI,MI
指数,300011,MSCI全球(除英国)价值,300011.MI,MI
指数,300012,MSCI欧盟+英国成长,300012.MI,MI
指数,300013,MSCI欧洲(除欧盟)成长,300013.MI,MI
指数,300014,MSCI欧洲(除德国)成长,300014.MI,MI
指数,300015,MSCI欧洲(除瑞士)成长,300015.MI,MI
指数,300016,MSCI欧洲(除英国瑞士)成长,300016.MI,MI
指数,300017,MSCI发达市场(除欧盟)成长,300017.MI,MI
指数,300018,MSCI发达市场(除欧洲)成长,300018.MI,MI
指数,300019,MSCI全球(除澳)成长,300019.MI,MI
指数,300020,MSCI全球(除欧盟)成长,300020.MI,MI
指数,300021,MSCI全球(除欧洲)成长,300021.MI,MI
指数,300022,MSCI全球(除瑞士)成长,300022.MI,MI
指数,300023,MSCI全球(除英国)成长,300023.MI,MI
指数,300400,MSCI以色列,300400.MI,MI
指数,300600,MSCI太平洋全市场,300600.MI,MI
指数,300900,MSCI太平洋全市场(除日本香港),300900.MI,MI
指数,301000,MSCI远东全市场(除日本香港),301000.MI,MI
指数,301700,MSCI亚洲,301700.MI,MI
指数,302000,MSCI亚太地区,302000.MI,MI
指数,302200,MSCI欧洲全市场&中东,302200.MI,MI
指数,302400,MSCI中国(美元),302400.MI,MI
指数,302400L,MSCI中国(Local),302400L.MI,MI
指数,302401,MSCI中国自由,302401.MI,MI
指数,302900,MSCI欧洲新兴市场,302900.MI,MI
指数,303000,MSCI东欧新兴市场,303000.MI,MI
指数,398001,湾创100,398001.SZ,SZ
指数,398002,南山50,398002.SZ,SZ
指数,398003,国证芯片,398003.SZ,SZ
指数,399001,深证成指,399001.SZ,SZ
指数,399002,深成指R,399002.SZ,SZ
指数,399003,深成B指,399003.SZ,SZ
指数,399004,深证100R,399004.SZ,SZ
指数,399005,中小100,399005.SZ,SZ
指数,399006,创业板指,399006.SZ,SZ
指数,399007,深证300,399007.SZ,SZ
指数,399008,中小300,399008.SZ,SZ
指数,399009,深证200,399009.SZ,SZ
指数,399010,深证700,399010.SZ,SZ
指数,399011,深证1000,399011.SZ,SZ
指数,399012,创业300,399012.SZ,SZ
指数,399013,深市精选,399013.SZ,SZ
指数,399015,中小创新,399015.SZ,SZ
指数,399016,深证创新,399016.SZ,SZ
指数,399017,SME创新,399017.SZ,SZ
指数,399018,创业创新,399018.SZ,SZ
指数,399019,创业200,399019.SZ,SZ
指数,399020,创业小盘,399020.SZ,SZ
指数,399030,碳科技30,399030.SZ,SZ
指数,399050,创新引擎,399050.SZ,SZ
指数,399060,碳科技60,399060.SZ,SZ
指数,399088,深创100,399088.SZ,SZ
指数,399100,新指数,399100.SZ,SZ
指数,399101,中小综指,399101.SZ,SZ
指数,399102,创业板综,399102.SZ,SZ
指数,399106,深证综指,399106.SZ,SZ
指数,399107,深证A指,399107.SZ,SZ
指数,399108,深证B指,399108.SZ,SZ
指数,399201,创业板成长(长江),399201.CJ,CJ
指数,399202,创业板成长动量(长江),399202.CJ,CJ
指数,399203,创业板成长反转(长江),399203.CJ,CJ
指数,399231,农林指数,399231.SZ,SZ
指数,399232,采矿指数,399232.SZ,SZ
指数,399233,制造指数,399233.SZ,SZ
指数,399234,水电指数,399234.SZ,SZ
指数,399235,建筑指数,399235.SZ,SZ
指数,399236,批零指数,399236.SZ,SZ
指数,399237,运输指数,399237.SZ,SZ
指数,399238,餐饮指数,399238.SZ,SZ
指数,399239,IT指数,399239.SZ,SZ
指数,399240,金融指数,399240.SZ,SZ
指数,399241,地产指数,399241.SZ,SZ
指数,399242,商务指数,399242.SZ,SZ
指数,399243,科研指数,399243.SZ,SZ
指数,399244,公共指数,399244.SZ,SZ
指数,399248,文化指数,399248.SZ,SZ
指数,399249,综企指数,399249.SZ,SZ
指数,399258,绿色低碳,399258.SZ,SZ
指数,399259,创业低碳,399259.SZ,SZ
指数,399260,先进制造,399260.SZ,SZ
指数,399261,创业制造,399261.SZ,SZ
指数,399262,数字经济,399262.SZ,SZ
指数,399263,创业数字,399263.SZ,SZ
指数,399264,创业软件,399264.SZ,SZ
指数,39926401,创业软件R,39926401.CNI,CNI
指数,399265,创新药械,399265.SZ,SZ
指数,399266,创新能源,399266.SZ,SZ
指数,399267,专精特新,399267.SZ,SZ
指数,39926701,专精特新R,39926701.CNI,CNI
指数,399268,深小巨人,399268.SZ,SZ
指数,39926801,深小巨人R,39926801.CNI,CNI
指数,399269,创质量,399269.SZ,SZ
指数,399274,深新基建,399274.SZ,SZ
指数,399275,创医药,399275.SZ,SZ
指数,399276,创科技,399276.SZ,SZ
指数,399277,公共健康,399277.SZ,SZ
指数,399278,长江100,399278.SZ,SZ
指数,399279,云科技50,399279.SZ,SZ
指数,399280,生物50,399280.SZ,SZ
指数,399281,电子50,399281.SZ,SZ
指数,399282,大数据50,399282.SZ,SZ
指数,399283,机器人50,399283.SZ,SZ
指数,399284,AI 50,399284.SZ,SZ
指数,399285,物联网50,399285.SZ,SZ
指数,399286,区块链50,399286.SZ,SZ
指数,399291,创精选88,399291.SZ,SZ
指数,399292,民企发展,399292.SZ,SZ
指数,399293,创业大盘,399293.SZ,SZ
指数,399294,中小创Q,399294.SZ,SZ
指数,399295,创价值,399295.SZ,SZ
指数,399296,创成长,399296.SZ,SZ
指数,399297,新浪100,399297.SZ,SZ
指数,399300,沪深300,399300.SZ,SZ
指数,399303,国证2000,399303.SZ,SZ
指数,399310,国证A50,399310.SZ,SZ
指数,399311,国证1000,399311.SZ,SZ
指数,399312,国证300,399312.SZ,SZ
指数,399313,巨潮100,399313.SZ,SZ
指数,399314,巨潮大盘,399314.SZ,SZ
指数,399315,巨潮中盘,399315.SZ,SZ
指数,399316,巨潮小盘,399316.SZ,SZ
指数,399317,国证A指,399317.SZ,SZ
指数,399318,国证B指,399318.SZ,SZ
指数,399319,资源优势,399319.SZ,SZ
指数,399320,国证服务,399320.SZ,SZ
指数,399321,国证红利,399321.SZ,SZ
指数,399322,国证治理,399322.SZ,SZ
指数,399324,深证红利,399324.SZ,SZ
指数,399326,成长40,399326.SZ,SZ
指数,399328,深证治理,399328.SZ,SZ
指数,399330,深证100,399330.SZ,SZ
指数,399333,中小100R,399333.SZ,SZ
指数,399335,深证央企,399335.SZ,SZ
指数,399337,深证民营,399337.SZ,SZ
指数,399339,深证科技,399339.SZ,SZ
指数,399341,深证责任,399341.SZ,SZ
指数,399344,深证300R,399344.SZ,SZ
指数,399346,深证成长,399346.SZ,SZ
指数,399348,深证价值,399348.SZ,SZ
指数,399350,皖江30,399350.SZ,SZ
指数,399351,创新示范,399351.SZ,SZ
指数,399352,深企综指,399352.SZ,SZ
指数,399353,国证物流,399353.SZ,SZ
指数,399354,分析师指数,399354.SZ,SZ
指数,399355,CBN长江,399355.SZ,SZ
指数,399356,CBN珠江,399356.SZ,SZ
指数,399357,CBN渤海,399357.SZ,SZ
指数,399358,国证环保,399358.SZ,SZ
指数,399359,国证基建,399359.SZ,SZ
指数,399360,新硬件,399360.SZ,SZ
指数,399361,在线消费,399361.SZ,SZ
指数,399362,民企100,399362.SZ,SZ
指数,39936201,民企100R,39936201.CNI,CNI
指数,399363,国证算力,399363.SZ,SZ
指数,39936301,国证算力R,39936301.CNI,CNI
指数,399364,消费100,399364.SZ,SZ
指数,399365,国证粮食,399365.SZ,SZ
指数,39936501,国证粮食R,39936501.CNI,CNI
指数,399366,能源金属,399366.SZ,SZ
指数,399367,1000地产,399367.SZ,SZ
指数,399368,国证军工,399368.SZ,SZ
指数,399369,国证责任,399369.SZ,SZ
指数,399370,国证成长,399370.SZ,SZ
指数,399371,国证价值,399371.SZ,SZ
指数,399372,大盘成长,399372.SZ,SZ
指数,399373,大盘价值,399373.SZ,SZ
指数,399374,中盘成长,399374.SZ,SZ
指数,399375,中盘价值,399375.SZ,SZ
指数,399376,小盘成长,399376.SZ,SZ
指数,399377,小盘价值,399377.SZ,SZ
指数,399378,ESG 300,399378.SZ,SZ
指数,399381,1000能源,399381.SZ,SZ
指数,399382,1000材料,399382.SZ,SZ
指数,399383,1000工业,399383.SZ,SZ
指数,399384,1000可选,399384.SZ,SZ
指数,399385,1000消费,399385.SZ,SZ
指数,399386,1000医药,399386.SZ,SZ
指数,399387,1000金融,399387.SZ,SZ
指数,399388,1000信息,399388.SZ,SZ
指数,399389,国证通信,399389.SZ,SZ
指数,399390,1000公用,399390.SZ,SZ
指数,399391,投资时钟,399391.SZ,SZ
指数,399392,国证新兴,399392.SZ,SZ
指数,399393,国证地产,399393.SZ,SZ
指数,399394,国证医药,399394.SZ,SZ
指数,399395,国证有色,399395.SZ,SZ
指数,399396,国证食品,399396.SZ,SZ
指数,399397,国证文化,399397.SZ,SZ
指数,399398,绩效指数,399398.SZ,SZ
指数,399399,中经GDP,399399.SZ,SZ
指数,399400,大中盘,399400.SZ,SZ
指数,399401,中小盘,399401.SZ,SZ
指数,399402,周期100,399402.SZ,SZ
指数,399403,防御100,399403.SZ,SZ
指数,399405,大盘高贝,399405.SZ,SZ
指数,399406,中盘低波,399406.SZ,SZ
指数,399407,中盘高贝,399407.SZ,SZ
指数,399408,小盘低波,399408.SZ,SZ
指数,399409,小盘高贝,399409.SZ,SZ
指数,399410,苏州率先,399410.SZ,SZ
指数,399411,红利100,399411.SZ,SZ
指数,399412,国证新能,399412.SZ,SZ
指数,399415,I100,399415.SZ,SZ
指数,399416,I300,399416.SZ,SZ
指数,399417,新能源车,399417.SZ,SZ
指数,399418,数据要素,399418.SZ,SZ
指数,399419,国证高铁,399419.SZ,SZ
指数,399420,国证保证,399420.SZ,SZ
指数,399422,中关村A,399422.SZ,SZ
指数,399423,中关村50,399423.SZ,SZ
指数,399428,国证定增,399428.SZ,SZ
指数,399429,新丝路,399429.SZ,SZ
指数,399431,国证银行,399431.SZ,SZ
指数,399432,智能汽车,399432.SZ,SZ
指数,399433,国证交运,399433.SZ,SZ
指数,399434,数字传媒,399434.SZ,SZ
指数,399435,国证农牧,399435.SZ,SZ
指数,399436,绿色煤炭,399436.SZ,SZ
指数,399437,证券龙头,399437.SZ,SZ
指数,399438,绿色电力,399438.SZ,SZ
指数,399439,国证油气,399439.SZ,SZ
指数,39943901,国证油气R,39943901.CNI,CNI
指数,399440,国证钢铁,399440.SZ,SZ
指数,399441,生物医药,399441.SZ,SZ
指数,399550,央视50,399550.SZ,SZ
指数,399551,央视创新,399551.SZ,SZ
指数,399552,央视成长,399552.SZ,SZ
指数,399553,央视回报,399553.SZ,SZ
指数,399554,央视治理,399554.SZ,SZ
指数,399555,央视责任,399555.SZ,SZ
指数,399556,央视生态,399556.SZ,SZ
指数,399557,央视文化,399557.SZ,SZ
指数,399602,中小成长,399602.SZ,SZ
指数,399604,中小价值,399604.SZ,SZ
指数,399606,创业板R,399606.SZ,SZ
指数,399608,科技100,399608.SZ,SZ
指数,399610,TMT50,399610.SZ,SZ
指数,399611,中创100R,399611.SZ,SZ
指数,399612,中创100,399612.SZ,SZ
指数,399613,深证能源,399613.SZ,SZ
指数,399614,深证材料,399614.SZ,SZ
指数,399615,深证工业,399615.SZ,SZ
指数,399616,深证可选,399616.SZ,SZ
指数,399617,深证消费,399617.SZ,SZ
指数,399618,深证医药,399618.SZ,SZ
指数,399619,深证金融,399619.SZ,SZ
指数,399620,深证信息,399620.SZ,SZ
指数,399621,深证电信,399621.SZ,SZ
指数,399622,深证公用,399622.SZ,SZ
指数,399623,中小基础,399623.SZ,SZ
指数,399624,中创400,399624.SZ,SZ
指数,399625,中创500,399625.SZ,SZ
指数,399626,中创成长,399626.SZ,SZ
指数,399627,中创价值,399627.SZ,SZ
指数,399628,700成长,399628.SZ,SZ
指数,399629,700价值,399629.SZ,SZ
指数,399630,1000成长,399630.SZ,SZ
指数,399631,1000价值,399631.SZ,SZ
指数,399632,深100EW,399632.SZ,SZ
指数,399633,深300EW,399633.SZ,SZ
指数,399634,中小等权,399634.SZ,SZ
指数,399635,创业板EW,399635.SZ,SZ
指数,399636,深证装备,399636.SZ,SZ
指数,399637,深证地产,399637.SZ,SZ
指数,399638,深证环保,399638.SZ,SZ
指数,399639,深证大宗,399639.SZ,SZ
指数,399640,创业基础,399640.SZ,SZ
指数,399641,深证新兴,399641.SZ,SZ
指数,399642,中小新兴,399642.SZ,SZ
指数,399643,创业新兴,399643.SZ,SZ
指数,399644,深证时钟,399644.SZ,SZ
指数,399645,100低波,399645.SZ,SZ
指数,399646,深消费50,399646.SZ,SZ
指数,399647,深医药50,399647.SZ,SZ
指数,399648,深证GDP,399648.SZ,SZ
指数,399649,中小红利,399649.SZ,SZ
指数,399650,中小治理,399650.SZ,SZ
指数,399651,中小责任,399651.SZ,SZ
指数,399652,中创高新,399652.SZ,SZ
指数,399653,深证龙头,399653.SZ,SZ
指数,399654,深证文化,399654.SZ,SZ
指数,399655,深证绩效,399655.SZ,SZ
指数,399656,100绩效,399656.SZ,SZ
指数,399657,300绩效,399657.SZ,SZ
指数,399658,中小绩效,399658.SZ,SZ
指数,399659,深成指EW,399659.SZ,SZ
指数,399660,中创EW,399660.SZ,SZ
指数,399661,深证低波,399661.SZ,SZ
指数,399662,深证高贝,399662.SZ,SZ
指数,399663,中小低波,399663.SZ,SZ
指数,399664,中小高贝,399664.SZ,SZ
指数,399665,中创低波,399665.SZ,SZ
指数,399666,中创高贝,399666.SZ,SZ
指数,399667,创业成长,399667.SZ,SZ
指数,399668,创业板V,399668.SZ,SZ
指数,399669,深证农业,399669.SZ,SZ
指数,399670,深周期50,399670.SZ,SZ
指数,399671,深防御50,399671.SZ,SZ
指数,399672,深红利50,399672.SZ,SZ
指数,399673,创业板50,399673.SZ,SZ
指数,399674,深A医药,399674.SZ,SZ
指数,399675,深互联网,399675.SZ,SZ
指数,399676,深医药EW,399676.SZ,SZ
指数,399677,深互联EW,399677.SZ,SZ
指数,399678,深次新股,399678.SZ,SZ
指数,399679,深证200R,399679.SZ,SZ
指数,399680,深成能源,399680.SZ,SZ
指数,399681,深成材料,399681.SZ,SZ
指数,399682,深成工业,399682.SZ,SZ
指数,399683,深成可选,399683.SZ,SZ
指数,399684,深成消费,399684.SZ,SZ
指数,399685,深成医药,399685.SZ,SZ
指数,399686,深成金融,399686.SZ,SZ
指数,399687,深成信息,399687.SZ,SZ
指数,399688,深成电信,399688.SZ,SZ
指数,399689,深成公用,399689.SZ,SZ
指数,399692,创业低波,399692.SZ,SZ
指数,399693,安防产业,399693.SZ,SZ
指数,399694,创业高贝,399694.SZ,SZ
指数,399695,深证节能,399695.SZ,SZ
指数,399696,深证创投,399696.SZ,SZ
指数,399697,中关村60,399697.SZ,SZ
指数,399698,优势成长,399698.SZ,SZ
指数,399699,金融科技,399699.SZ,SZ
指数,399701,深证F60,399701.SZ,SZ
指数,399702,深证F120,399702.SZ,SZ
指数,399703,深证F200,399703.SZ,SZ
指数,399704,深证上游,399704.SZ,SZ
指数,399705,深证中游,399705.SZ,SZ
指数,399706,深证下游,399706.SZ,SZ
指数,399707,CSSW证券(CSI),399707.CSI,CSI
指数,399707,CSSW证券,399707.SZ,SZ
指数,399750,深主板50,399750.SZ,SZ
指数,399802,500深市,399802.SZ,SZ
指数,399803,工业4.0,399803.SZ,SZ
指数,399804,中证体育,399804.SZ,SZ
指数,399805,互联金融,399805.SZ,SZ
指数,399806,环境治理,399806.SZ,SZ
指数,399807,高铁产业,399807.SZ,SZ
指数,399808,中证新能,399808.SZ,SZ
指数,399809,保险主题,399809.SZ,SZ
指数,399810,CSSW传媒(CSI),399810.CSI,CSI
指数,399810,CSSW传媒,399810.SZ,SZ
指数,399811,CSSW电子(CSI),399811.CSI,CSI
指数,399811,CSSW电子,399811.SZ,SZ
指数,399812,养老产业,399812.SZ,SZ
指数,399813,中证国安,399813.SZ,SZ
指数,399814,大农业,399814.SZ,SZ
指数,399850,深证50,399850.SZ,SZ
指数,399852,中证1000,399852.SZ,SZ
指数,399901,小康指数,399901.SZ,SZ
指数,399903,中证A100,399903.SZ,SZ
指数,399905,中证500,399905.SZ,SZ
指数,399913,沪深300医药,399913.SZ,SZ
指数,399914,沪深300金融,399914.SZ,SZ
指数,399928,800能源,399928.SZ,SZ
指数,399932,800消费,399932.SZ,SZ
指数,399933,800医卫,399933.SZ,SZ
指数,399934,800金地,399934.SZ,SZ
指数,399935,800信息,399935.SZ,SZ
指数,399959,军工指数,399959.SZ,SZ
指数,399965,800地产,399965.SZ,SZ
指数,399966,中证800证保,399966.SZ,SZ
指数,399967,中证军工,399967.SZ,SZ
指数,399970,中证移动互联(CSI),399970.CSI,CSI
指数,399970,中证移动互联,399970.SZ,SZ
指数,399971,中证传媒(CSI),399971.CSI,CSI
指数,399971,中证传媒,399971.SZ,SZ
指数,399972,300深市,399972.SZ,SZ
指数,399973,中证国防(CSI),399973.CSI,CSI
指数,399973,中证国防,399973.SZ,SZ
指数,399974,国企改革,399974.SZ,SZ
指数,399975,证券公司(CSI),399975.CSI,CSI
指数,399975,证券公司,399975.SZ,SZ
指数,399976,CS新能车(CSI),399976.CSI,CSI
指数,399976,CS新能车,399976.SZ,SZ
指数,399982,500等权,399982.SZ,SZ
指数,399983,地产等权(CSI),399983.CSI,CSI
指数,399983,地产等权,399983.SZ,SZ
指数,399986,中证银行(CSI),399986.CSI,CSI
指数,399986,中证银行,399986.SZ,SZ
指数,399987,中证酒(CSI),399987.CSI,CSI
指数,399987,中证酒,399987.SZ,SZ
指数,399989,中证医疗(CSI),399989.CSI,CSI
指数,399989,中证医疗,399989.SZ,SZ
指数,399990,煤炭等权,399990.SZ,SZ
指数,399991,一带一路,399991.SZ,SZ
指数,399992,CSWD并购,399992.SZ,SZ
指数,399993,CSWD生科,399993.SZ,SZ
指数,399994,信息安全,399994.SZ,SZ
指数,399995,基建工程,399995.SZ,SZ
指数,399996,中证智能家居,399996.SZ,SZ
指数,399997,中证白酒,399997.SZ,SZ
指数,399997CNY02,中证白酒净收益,399997CNY02.CSI,CSI
指数,399998,中证煤炭,399998.SZ,SZ
指数,410425,MSCI中国/房地产管理与开发,410425.MI,MI
指数,470006,创业板R(港币)(CNH),470006.CNI,CNI
指数,470007,创业板R(美元)(CNH),470007.CNI,CNI
指数,470026,深指ESGR,470026.CNI,CNI
指数,470027,100ESGR,470027.CNI,CNI
指数,470028,创指ESGR,470028.CNI,CNI
指数,470029,深指ESG领先R,470029.CNI,CNI
指数,470030,100ESG领先R,470030.CNI,CNI
指数,470031,创指ESG领先R,470031.CNI,CNI
指数,470032,深指ESG增强R,470032.CNI,CNI
指数,470033,100ESG增强R,470033.CNI,CNI
指数,470034,创指ESG增强R,470034.CNI,CNI
指数,470035,深证光伏R,470035.CNI,CNI
指数,470036,深证储能R,470036.CNI,CNI
指数,470037,深证高装R,470037.CNI,CNI
指数,470038,生物经济R,470038.CNI,CNI
指数,470039,创新材料R,470039.CNI,CNI
指数,470040,创业高装R,470040.CNI,CNI
指数,470041,创新消费R,470041.CNI,CNI
指数,470042,新材料50R,470042.CNI,CNI
指数,470043,新能装备R,470043.CNI,CNI
指数,470046,深证XRR,470046.CNI,CNI
指数,470047,数字文化R,470047.CNI,CNI
指数,470048,新型显示R,470048.CNI,CNI
指数,470049,深证数字交通R,470049.CNI,CNI
指数,470050,深证卫星导航R,470050.CNI,CNI
指数,470051,深证算力设施R,470051.CNI,CNI
指数,470052,深证数字安全R,470052.CNI,CNI
指数,470053,深证数据要素R,470053.CNI,CNI
指数,470054,深证智能电网R,470054.CNI,CNI
指数,470055,深证国企ESGR,470055.CNI,CNI
指数,470056,深证民企ESGR,470056.CNI,CNI
指数,470057,深证民企50R,470057.CNI,CNI
指数,470058,深证民企治理R,470058.CNI,CNI
指数,470059,深证民企科技R,470059.CNI,CNI
指数,470060,深证ESG成长R,470060.CNI,CNI
指数,470061,深证ESG价值R,470061.CNI,CNI
指数,470062,深红利300R,470062.CNI,CNI
指数,470063,深证回购R,470063.CNI,CNI
指数,470064,深证国企股东回报R,470064.CNI,CNI
指数,470065,深证优质信披R,470065.CNI,CNI
指数,470066,深证氢能R,470066.CNI,CNI
指数,470067,深证专利R,470067.CNI,CNI
指数,470068,创业专利R,470068.CNI,CNI
指数,470069,深证绿色制造R,470069.CNI,CNI
指数,470070,创业板人工智能R,470070.CNI,CNI
指数,470071,深证民企成长R,470071.CNI,CNI
指数,470072,深证民企价值R,470072.CNI,CNI
指数,470073,深证绿色农牧R,470073.CNI,CNI
指数,470074,深证智能穿戴R,470074.CNI,CNI
指数,470075,深证AIGCR,470075.CNI,CNI
指数,470076,深证绿色化工R,470076.CNI,CNI
指数,470077,深证绿色建材R,470077.CNI,CNI
指数,470080,科技50R,470080.CNI,CNI
指数,471001,深成地产R,471001.CNI,CNI
指数,471002,中小地产R,471002.CNI,CNI
指数,471004,创业板战略科技R,471004.CNI,CNI
指数,480001,湾创100R,480001.CNI,CNI
指数,480002,湾创100R(港币),480002.CNI,CNI
指数,480003,湾区综指R,480003.CNI,CNI
指数,480004,湾区综指R(港币),480004.CNI,CNI
指数,480007,湾区新兴R,480007.CNI,CNI
指数,480008,湾区新兴R(港币),480008.CNI,CNI
指数,480009,湾区制造R,480009.CNI,CNI
指数,480010,湾区制造R(港币),480010.CNI,CNI
指数,480011,湾区服务R,480011.CNI,CNI
指数,480012,湾区服务R(港币),480012.CNI,CNI
指数,480013,湾区医药R,480013.CNI,CNI
指数,480014,湾区医药R(港币),480014.CNI,CNI
指数,480015,疫苗生科R,480015.CNI,CNI
指数,480016,医疗健康R,480016.CNI,CNI
指数,480017,国证芯片R,480017.CNI,CNI
指数,480019,湾区海洋R,480019.CNI,CNI
指数,480020,湾区海洋R(港币),480020.CNI,CNI
指数,480021,碳中和50R,480021.CNI,CNI
指数,480023,南山50R,480023.CNI,CNI
指数,480024,南山50R(港币),480024.CNI,CNI
指数,480026,风光装备R,480026.CNI,CNI
指数,480027,新能源电池R,480027.CNI,CNI
指数,480028,龙头家电R,480028.CNI,CNI
指数,480030,消费电子R,480030.CNI,CNI
指数,480032,新能电池R,480032.CNI,CNI
指数,480033,自主科技R,480033.CNI,CNI
指数,480034,工业软件R,480034.CNI,CNI
指数,480035,化肥农药R,480035.CNI,CNI
指数,480036,创新龙头R,480036.CNI,CNI
指数,480037,创新龙头R(港币),480037.CNI,CNI
指数,480038,深圳高新R,480038.CNI,CNI
指数,480039,深圳高新R(港币),480039.CNI,CNI
指数,480043,工业金属R,480043.CNI,CNI
指数,480046,文化创意R,480046.CNI,CNI
指数,480047,文化创意R(港币),480047.CNI,CNI
指数,480048,国证建材R,480048.CNI,CNI
指数,480052,绿色金融R,480052.CNI,CNI
指数,480053,绿色金融R（港币）,480053.CNI,CNI
指数,480055,规模因子R,480055.CNI,CNI
指数,480056,价值因子R,480056.CNI,CNI
指数,480057,动量因子R,480057.CNI,CNI
指数,480058,绿色治理R,480058.CNI,CNI
指数,480059,航空出行R,480059.CNI,CNI
指数,480063,国证回购R,480063.CNI,CNI
指数,480065,帮扶100R,480065.CNI,CNI
指数,480068,蓝色100R,480068.CNI,CNI
指数,480069,蓝色100R(港币),480069.CNI,CNI
指数,480070,国证专利R,480070.CNI,CNI
指数,480071,机器人龙头R,480071.CNI,CNI
指数,480072,生物农业R,480072.CNI,CNI
指数,480073,生猪指数R,480073.CNI,CNI
指数,480075,数字交通R,480075.CNI,CNI
指数,480076,通用航空R,480076.CNI,CNI
指数,480077,充电设施R,480077.CNI,CNI
指数,480078,ESG基准R,480078.CNI,CNI
指数,480079,ESG领先R,480079.CNI,CNI
指数,480080,成长100R,480080.CNI,CNI
指数,480081,价值100R,480081.CNI,CNI
指数,480082,央国企低碳科技R,480082.CNI,CNI
指数,480083,央国企自主科技R,480083.CNI,CNI
指数,480092,自由现金流R,480092.CNI,CNI
指数,480150,单项冠军R,480150.CNI,CNI
指数,480532,国证青岛海洋R,480532.CNI,CNI
指数,483001,内地100R,483001.CNI,CNI
指数,483002,内地100R(港币),483002.CNI,CNI
指数,483003,内地科技50R,483003.CNI,CNI
指数,483004,内地科技50R(港币),483004.CNI,CNI
指数,483005,深港通综指R,483005.CNI,CNI
指数,483006,深港通综指R(港币),483006.CNI,CNI
指数,483007,深港通100R,483007.CNI,CNI
指数,483008,深港通100R(港币),483008.CNI,CNI
指数,483009,深港通手机产业链R,483009.CNI,CNI
指数,483010,深港通手机产业链R(港币),483010.CNI,CNI
指数,483011,深港通绿色优选R,483011.CNI,CNI
指数,483012,深港通绿色优选R(港币),483012.CNI,CNI
指数,483013,深港通能源R,483013.CNI,CNI
指数,483014,深港通能源R(港币),483014.CNI,CNI
指数,483015,深港通材料R,483015.CNI,CNI
指数,483016,深港通材料R(港币),483016.CNI,CNI
指数,483017,深港通工业R,483017.CNI,CNI
指数,483018,深港通工业R(港币),483018.CNI,CNI
指数,483019,深港通可选消费R,483019.CNI,CNI
指数,483020,深港通可选消费R(港币),483020.CNI,CNI
指数,483021,深港通主要消费R,483021.CNI,CNI
指数,483022,深港通主要消费R(港币),483022.CNI,CNI
指数,483023,深港通医药卫生R,483023.CNI,CNI
指数,483024,深港通医药卫生R(港币),483024.CNI,CNI
指数,483025,深港通金融R,483025.CNI,CNI
指数,483026,深港通金融R(港币),483026.CNI,CNI
指数,483027,深港通信息技术R,483027.CNI,CNI
指数,483028,深港通信息技术R(港币),483028.CNI,CNI
指数,483029,深港通电信业务R,483029.CNI,CNI
指数,483030,深港通电信业务R(港币),483030.CNI,CNI
指数,483031,深港通公用事业R,483031.CNI,CNI
指数,483032,深港通公用事业R(港币),483032.CNI,CNI
指数,483033,深港通通信服务R,483033.CNI,CNI
指数,483034,深港通通信服务R(港币),483034.CNI,CNI
指数,483035,深港通医疗R,483035.CNI,CNI
指数,483036,深港通医疗R(港币),483036.CNI,CNI
指数,483037,深港通食品零售R,483037.CNI,CNI
指数,483038,深港通食品零售R(港币),483038.CNI,CNI
指数,483039,深港通汽车R,483039.CNI,CNI
指数,483040,深港通汽车R(港币),483040.CNI,CNI
指数,483041,深港通服装纺织R,483041.CNI,CNI
指数,483042,深港通服装纺织R(港币),483042.CNI,CNI
指数,483043,深港通电脑硬件R,483043.CNI,CNI
指数,483044,深港通电脑硬件R(港币),483044.CNI,CNI
指数,483045,深港通消费服务R,483045.CNI,CNI
指数,483046,深港通消费服务R(港币),483046.CNI,CNI
指数,483047,深港通网络软件R,483047.CNI,CNI
指数,483048,深港通网络软件R(港币),483048.CNI,CNI
指数,483049,深港通耐用消费R,483049.CNI,CNI
指数,483050,深港通耐用消费R(港币),483050.CNI,CNI
指数,483051,深港通农牧渔R,483051.CNI,CNI
指数,483052,深港通农牧渔R(港币),483052.CNI,CNI
指数,483053,深港通非银R,483053.CNI,CNI
指数,483054,深港通非银R(港币),483054.CNI,CNI
指数,483055,深港通工业服务R,483055.CNI,CNI
指数,483056,深港通工业服务R(港币),483056.CNI,CNI
指数,483057,深港通电信服务R,483057.CNI,CNI
指数,483058,深港通电信服务R(港币),483058.CNI,CNI
指数,483059,深港通生科R,483059.CNI,CNI
指数,483060,深港通生科R(港币),483060.CNI,CNI
指数,483061,深港通基材R,483061.CNI,CNI
指数,483062,深港通基材R(港币),483062.CNI,CNI
指数,483063,深港通化工R,483063.CNI,CNI
指数,483064,深港通化工R(港币),483064.CNI,CNI
指数,483065,深港通食品饮料R,483065.CNI,CNI
指数,483066,深港通食品饮料R(港币),483066.CNI,CNI
指数,483067,深港通半导体R,483067.CNI,CNI
指数,483068,深港通半导体R(港币),483068.CNI,CNI
指数,483069,深港通工业品R,483069.CNI,CNI
指数,483070,深港通工业品R(港币),483070.CNI,CNI
指数,483071,深港通房地产R,483071.CNI,CNI
指数,483072,深港通房地产R(港币),483072.CNI,CNI
指数,483073,深港通零售R,483073.CNI,CNI
指数,483074,深港通零售R(港币),483074.CNI,CNI
指数,483075,深港通传媒R,483075.CNI,CNI
指数,483076,深港通传媒R(港币),483076.CNI,CNI
指数,483077,深港通运输R,483077.CNI,CNI
指数,483078,深港通运输R(港币),483078.CNI,CNI
指数,483079,深港通制药R,483079.CNI,CNI
指数,483080,深港通制药R(港币),483080.CNI,CNI
指数,483081,深港通银行R,483081.CNI,CNI
指数,483082,深港通银行R(港币),483082.CNI,CNI
指数,483083,深港通内房股R,483083.CNI,CNI
指数,483084,深港通内房股R(港币),483084.CNI,CNI
指数,483085,深港通节能R,483085.CNI,CNI
指数,483086,深港通节能R(港币),483086.CNI,CNI
指数,483087,深港通新能源车R,483087.CNI,CNI
指数,483088,深港通新能源车R(港币),483088.CNI,CNI
指数,483089,深港通大湾区R,483089.CNI,CNI
指数,483090,深港通大湾区R(港币),483090.CNI,CNI
指数,483091,深港通50R,483091.CNI,CNI
指数,483092,深港通50R(港币),483092.CNI,CNI
指数,483095,深港通数字经济R,483095.CNI,CNI
指数,483096,深港通数字经济R(港币),483096.CNI,CNI
指数,483101,内地生物科技R,483101.CNI,CNI
指数,483102,内地生物科技R(港币),483102.CNI,CNI
指数,483103,内地医疗器械R,483103.CNI,CNI
指数,483104,内地医疗器械R(港币),483104.CNI,CNI
指数,483105,内地消费电子R,483105.CNI,CNI
指数,483106,内地消费电子R(港币),483106.CNI,CNI
指数,483160,低碳科技R,483160.CNI,CNI
指数,483161,低碳科技R(港币),483161.CNI,CNI
指数,487001,港股50R,487001.CNI,CNI
指数,487002,港股50R（人民币）,487002.CNI,CNI
指数,487003,港股通50R,487003.CNI,CNI
指数,487004,港股通50R(人民币),487004.CNI,CNI
指数,487006,港股科技R,487006.CNI,CNI
指数,487007,港股科技R(人民币),487007.CNI,CNI
指数,487010,港股大中盘R,487010.CNI,CNI
指数,487011,港股大中盘R(人民币),487011.CNI,CNI
指数,487012,港股大盘R,487012.CNI,CNI
指数,487013,港股大盘R(人民币),487013.CNI,CNI
指数,487014,港股中盘R,487014.CNI,CNI
指数,487015,港股中盘R(人民币),487015.CNI,CNI
指数,487016,港股通红利低波R,487016.CNI,CNI
指数,487017,港股通红利低波R(人民币),487017.CNI,CNI
指数,487020,内房股R,487020.CNI,CNI
指数,487021,内房股R(人民币),487021.CNI,CNI
指数,487026,港股通新能源R,487026.CNI,CNI
指数,487027,港股通新能源R(人民币),487027.CNI,CNI
指数,487028,港股通内企ESGR,487028.CNI,CNI
指数,487029,港股通内企ESGR(人民币),487029.CNI,CNI
指数,487030,港股通内企ESG优选R,487030.CNI,CNI
指数,487031,港股通内企ESG优选R(人民币),487031.CNI,CNI
指数,489001,新华500R,489001.CNI,CNI
指数,489004,新华优选价值50R,489004.CNI,CNI
指数,489006,新华SHS新兴消费R,489006.CNI,CNI
指数,489007,新华SHS新兴消费R(港币),489007.CNI,CNI
指数,489011,青岛50R,489011.CNI,CNI
指数,489013,稀土产业链R,489013.CNI,CNI
指数,489015,智选策略100R,489015.CNI,CNI
指数,489016,红利价值R,489016.CNI,CNI
指数,489017,质量优势R,489017.CNI,CNI
指数,650000,MSCI澳大利亚大盘,650000.MI,MI
指数,650001,MSCI奥地利大盘,650001.MI,MI
指数,650002,MSCI比利时大盘,650002.MI,MI
指数,650003,MSCI加拿大大盘,650003.MI,MI
指数,650004,MSCI丹麦大盘,650004.MI,MI
指数,650005,MSCI欧澳远东大盘,650005.MI,MI
指数,650006,MSCI欧澳远东(除英国)大盘,650006.MI,MI
指数,650007,MSCI欧澳远东(除日本)大盘,650007.MI,MI
指数,650008,MSCI欧盟大盘,650008.MI,MI
指数,650009,MSCI欧盟+英国大盘,650009.MI,MI
指数,650010,MSCI欧洲大盘,650010.MI,MI
指数,650011,MSCI欧洲(除欧盟)大盘,650011.MI,MI
指数,650012,MSCI欧洲(除德国)大盘,650012.MI,MI
指数,650013,MSCI欧洲(除瑞士)大盘,650013.MI,MI
指数,650014,MSCI欧洲(除英国)大盘,650014.MI,MI
指数,650015,MSCI欧洲(除英国瑞士)大盘,650015.MI,MI
指数,650016,MSCI远东大盘,650016.MI,MI
指数,650017,MSCI芬兰大盘,650017.MI,MI
指数,650018,MSCI法国大盘,650018.MI,MI
指数,650019,MSCI德国大盘,650019.MI,MI
指数,650020,MSCI希腊大盘,650020.MI,MI
指数,650022,MSCI爱尔兰大盘,650022.MI,MI
指数,650023,MSCI意大利大盘,650023.MI,MI
指数,650024,MSCI日本大盘,650024.MI,MI
指数,650025,MSCIKOKUSAI大盘,650025.MI,MI
指数,650026,MSCI荷兰大盘,650026.MI,MI
指数,650028,MSCI北欧大盘,650028.MI,MI
指数,650029,MSCI北美大盘,650029.MI,MI
指数,650030,MSCI挪威大盘,650030.MI,MI
指数,650031,MSCI太平洋地区大盘,650031.MI,MI
指数,650032,MSCI太平洋地区(除日本)大盘,650032.MI,MI
指数,650033,MSCI葡萄牙大盘,650033.MI,MI
指数,650034,MSCI新加坡大盘,650034.MI,MI
指数,650035,MSCI西班牙大盘,650035.MI,MI
指数,650036,MSCI瑞典大盘,650036.MI,MI
指数,650037,MSCI瑞士大盘,650037.MI,MI
指数,650038,MSCI发达市场大盘,650038.MI,MI
指数,650039,MSCI英国大盘,650039.MI,MI
指数,650040,MSCI美国大盘,650040.MI,MI
指数,650041,MSCI发达市场(除澳)大盘,650041.MI,MI
指数,650042,MSCI发达市场(除欧盟)大盘,650042.MI,MI
指数,650043,MSCI发达市场(除欧洲)大盘,650043.MI,MI
指数,650044,MSCI发达市场(除英国)大盘,650044.MI,MI
指数,650045,MSCI发达市场(除美国)大盘,650045.MI,MI
指数,650046,MSCI美洲大盘,650046.MI,MI
指数,650047,MSCI亚洲大盘,650047.MI,MI
指数,650048,MSCI亚洲(除日本)大盘,650048.MI,MI
指数,650049,MSCI亚太地区大盘,650049.MI,MI
指数,650050,MSCI亚太地区(除日本)大盘,650050.MI,MI
指数,650051,MSCI欧洲全市场大盘,650051.MI,MI
指数,650052,MSCI欧洲全市场&中东大盘,650052.MI,MI
指数,650053,MSCI远东全市场大盘,650053.MI,MI
指数,650054,MSCI远东全市场(除日本)大盘,650054.MI,MI
指数,650055,MSCI太平洋全市场大盘,650055.MI,MI
指数,650056,MSCI太平洋全市场(除日本)大盘,650056.MI,MI
指数,650057,MSCI全球大盘,650057.MI,MI
指数,650058,MSCI全球(除澳)大盘,650058.MI,MI
指数,650059,MSCI全球(除欧盟)大盘,650059.MI,MI
指数,650060,MSCI全球(除欧洲)大盘,650060.MI,MI
指数,650061,MSCI全球(除日本)大盘,650061.MI,MI
指数,650062,MSCI全球(除瑞士)大盘,650062.MI,MI
指数,650063,MSCI全球(除英国)大盘,650063.MI,MI
指数,650064,MSCI全球(除美国)大盘,650064.MI,MI
指数,650065,MSCI阿根廷大盘,650065.MI,MI
指数,650066,MSCI巴西大盘,650066.MI,MI
指数,650067,MSCI金砖四国大盘,650067.MI,MI
指数,650068,MSCI智利大盘,650068.MI,MI
指数,650069,MSCI中国大盘(除A股)(美元),650069.MI,MI
指数,650070,MSCI哥伦比亚大盘,650070.MI,MI
指数,650071,MSCI捷克共和国大盘,650071.MI,MI
指数,650072,MSCI埃及大盘,650072.MI,MI
指数,650073,MSCI新兴市场大盘,650073.MI,MI
指数,650074,MSCI亚洲新兴市场大盘,650074.MI,MI
指数,650075,MSCI东欧新兴市场大盘,650075.MI,MI
指数,650076,MSCI欧非中东新兴市场大盘,650076.MI,MI
指数,650077,MSCI欧洲新兴市场大盘,650077.MI,MI
指数,650078,MSCI欧洲&中东新兴市场大盘,650078.MI,MI
指数,650079,MSCI远东新兴市场大盘,650079.MI,MI
指数,650080,MSCI拉美新兴市场大盘,650080.MI,MI
指数,650081,MSCI欧盟大盘,650081.MI,MI
指数,650082,MSCI金龙大盘,650082.MI,MI
指数,650083,MSCI匈牙利大盘,650083.MI,MI
指数,650084,MSCI印度大盘,650084.MI,MI
指数,650085,MSCI印度尼西亚大盘,650085.MI,MI
指数,650086,MSCI以色列大盘,650086.MI,MI
指数,650087,MSCI约旦大盘,650087.MI,MI
指数,650088,MSCI韩国大盘,650088.MI,MI
指数,650089,MSCI马来西亚大盘,650089.MI,MI
指数,650090,MSCI墨西哥大盘,650090.MI,MI
指数,650091,MSCI摩洛哥大盘,650091.MI,MI
指数,650092,MSCI巴基斯坦大盘,650092.MI,MI
指数,650093,MSCI秘鲁大盘,650093.MI,MI
指数,650094,MSCI菲律宾大盘,650094.MI,MI
指数,650095,MSCI波兰大盘,650095.MI,MI
指数,650096,MSCI俄罗斯大盘,650096.MI,MI
指数,650097,MSCI南非大盘,650097.MI,MI
指数,650098,MSCI东南亚大盘,650098.MI,MI
指数,650100,MSCI台湾大盘,650100.MI,MI
指数,650101,MSCI泰国大盘,650101.MI,MI
指数,650102,MSCI土耳其大盘,650102.MI,MI
指数,650104,MSCI中华大盘(美元),650104.MI,MI
指数,650105,MSCI澳大利亚大盘价值,650105.MI,MI
指数,650106,MSCI奥地利大盘价值,650106.MI,MI
指数,650107,MSCI比利时大盘价值,650107.MI,MI
指数,650108,MSCI加拿大大盘价值,650108.MI,MI
指数,650109,MSCI丹麦大盘价值,650109.MI,MI
指数,650110,MSCI欧澳远东大盘价值,650110.MI,MI
指数,650111,MSCI欧澳远东(除英国)大盘价值,650111.MI,MI
指数,650112,MSCI欧澳远东(除日本)大盘价值,650112.MI,MI
指数,650113,MSCI欧盟大盘价值,650113.MI,MI
指数,650114,MSCI欧盟+英国大盘价值,650114.MI,MI
指数,650115,MSCI欧洲大盘价值,650115.MI,MI
指数,650116,MSCI欧洲(除欧盟)大盘价值,650116.MI,MI
指数,650117,MSCI欧洲(除德国)大盘价值,650117.MI,MI
指数,650118,MSCI欧洲(除瑞士)大盘价值,650118.MI,MI
指数,650119,MSCI欧洲(除英国)大盘价值,650119.MI,MI
指数,650120,MSCI欧洲(除英国瑞士)大盘价值,650120.MI,MI
指数,650121,MSCI远东大盘价值,650121.MI,MI
指数,650122,MSCI芬兰大盘价值,650122.MI,MI
指数,650123,MSCI法国大盘价值,650123.MI,MI
指数,650124,MSCI德国大盘价值,650124.MI,MI
指数,650125,MSCI希腊大盘价值,650125.MI,MI
指数,650127,MSCI爱尔兰大盘价值,650127.MI,MI
指数,650128,MSCI意大利大盘价值,650128.MI,MI
指数,650129,MSCI日本大盘价值,650129.MI,MI
指数,650130,MSCIKOKUSAI大盘价值,650130.MI,MI
指数,650131,MSCI荷兰大盘价值,650131.MI,MI
指数,650133,MSCI北欧大盘价值,650133.MI,MI
指数,650134,MSCI北美大盘价值,650134.MI,MI
指数,650135,MSCI挪威大盘价值,650135.MI,MI
指数,650136,MSCI太平洋地区大盘价值,650136.MI,MI
指数,650137,MSCI太平洋地区(除日本)大盘价值,650137.MI,MI
指数,650138,MSCI葡萄牙大盘价值,650138.MI,MI
指数,650139,MSCI新加坡大盘价值,650139.MI,MI
指数,650140,MSCI西班牙大盘价值,650140.MI,MI
指数,650141,MSCI瑞典大盘价值,650141.MI,MI
指数,650142,MSCI瑞士大盘价值,650142.MI,MI
指数,650143,MSCI发达市场大盘价值,650143.MI,MI
指数,650144,MSCI英国大盘价值,650144.MI,MI
指数,650145,MSCI美国大盘价值,650145.MI,MI
指数,650146,MSCI发达市场(除澳)大盘价值,650146.MI,MI
指数,650147,MSCI发达市场(除欧盟)大盘价值,650147.MI,MI
指数,650148,MSCI发达市场(除欧洲)大盘价值,650148.MI,MI
指数,650149,MSCI发达市场(除英国)大盘价值,650149.MI,MI
指数,650150,MSCI发达市场(除美国)大盘价值,650150.MI,MI
指数,650151,MSCI美洲大盘价值,650151.MI,MI
指数,650152,MSCI亚洲大盘价值,650152.MI,MI
指数,650153,MSCI亚洲(除日本)大盘价值,650153.MI,MI
指数,650154,MSCI亚太地区大盘价值,650154.MI,MI
指数,650155,MSCI亚太地区(除日本)大盘价值,650155.MI,MI
指数,650156,MSCI欧洲全市场大盘价值,650156.MI,MI
指数,650157,MSCI欧洲全市场&中东大盘价值,650157.MI,MI
指数,650158,MSCI远东全市场大盘价值,650158.MI,MI
指数,650159,MSCI远东全市场(除日本)大盘价值,650159.MI,MI
指数,650160,MSCI太平洋全市场大盘价值,650160.MI,MI
指数,650161,MSCI太平洋全市场(除日本)大盘价值,650161.MI,MI
指数,650162,MSCI全球大盘价值,650162.MI,MI
指数,650163,MSCI全球(除澳)大盘价值,650163.MI,MI
指数,650164,MSCI全球(除欧盟)大盘价值,650164.MI,MI
指数,650165,MSCI全球(除欧洲)大盘价值,650165.MI,MI
指数,650166,MSCI全球(除日本)大盘价值,650166.MI,MI
指数,650167,MSCI全球(除瑞士)大盘价值,650167.MI,MI
指数,650168,MSCI全球(除英国)大盘价值,650168.MI,MI
指数,650169,MSCI全球(除美国)大盘价值,650169.MI,MI
指数,650171,MSCI巴西大盘价值,650171.MI,MI
指数,650172,MSCI金砖四国大盘价值,650172.MI,MI
指数,650173,MSCI智利大盘价值,650173.MI,MI
指数,650174,MSCI中国大盘价值,650174.MI,MI
指数,650175,MSCI哥伦比亚大盘价值,650175.MI,MI
指数,650176,MSCI捷克共和国大盘价值,650176.MI,MI
指数,650177,MSCI埃及大盘价值,650177.MI,MI
指数,650178,MSCI新兴市场大盘价值,650178.MI,MI
指数,650179,MSCI亚洲新兴市场大盘价值,650179.MI,MI
指数,650180,MSCI东欧新兴市场大盘价值,650180.MI,MI
指数,650181,MSCI欧非中东新兴市场大盘价值,650181.MI,MI
指数,650182,MSCI欧洲新兴市场大盘价值,650182.MI,MI
指数,650183,MSCI欧洲&中东新兴市场大盘价值,650183.MI,MI
指数,650184,MSCI远东新兴市场大盘价值,650184.MI,MI
指数,650185,MSCI拉美新兴市场大盘价值,650185.MI,MI
指数,650186,MSCI欧盟大盘价值,650186.MI,MI
指数,650187,MSCI金龙大盘价值,650187.MI,MI
指数,650188,MSCI匈牙利大盘价值,650188.MI,MI
指数,650189,MSCI印度大盘价值,650189.MI,MI
指数,650190,MSCI印度尼西亚大盘价值,650190.MI,MI
指数,650191,MSCI以色列大盘价值,650191.MI,MI
指数,650193,MSCI韩国大盘价值,650193.MI,MI
指数,650194,MSCI马来西亚大盘价值,650194.MI,MI
指数,650195,MSCI墨西哥大盘价值,650195.MI,MI
指数,650198,MSCI秘鲁大盘价值,650198.MI,MI
指数,650199,MSCI菲律宾大盘价值,650199.MI,MI
指数,650200,MSCI波兰大盘价值,650200.MI,MI
指数,650201,MSCI俄罗斯大盘价值,650201.MI,MI
指数,650202,MSCI南非大盘价值,650202.MI,MI
指数,650203,MSCI东南亚大盘价值,650203.MI,MI
指数,650205,MSCI台湾大盘价值,650205.MI,MI
指数,650206,MSCI泰国大盘价值,650206.MI,MI
指数,650207,MSCI土耳其大盘价值,650207.MI,MI
指数,650209,MSCI中华大盘价值,650209.MI,MI
指数,650210,MSCI澳大利亚大盘成长,650210.MI,MI
指数,650211,MSCI奥地利大盘成长,650211.MI,MI
指数,650212,MSCI比利时大盘成长,650212.MI,MI
指数,650213,MSCI加拿大大盘成长,650213.MI,MI
指数,650214,MSCI丹麦大盘成长,650214.MI,MI
指数,650215,MSCI欧澳远东大盘成长,650215.MI,MI
指数,650216,MSCI欧澳远东(除英国)大盘成长,650216.MI,MI
指数,650217,MSCI欧澳远东(除日本)大盘成长,650217.MI,MI
指数,650218,MSCI欧盟大盘成长,650218.MI,MI
指数,650219,MSCI欧盟+英国大盘成长,650219.MI,MI
指数,650220,MSCI欧洲大盘成长,650220.MI,MI
指数,650221,MSCI欧洲(除欧盟)大盘成长,650221.MI,MI
指数,650222,MSCI欧洲(除德国)大盘成长,650222.MI,MI
指数,650223,MSCI欧洲(除瑞士)大盘成长,650223.MI,MI
指数,650224,MSCI欧洲(除英国)大盘成长,650224.MI,MI
指数,650225,MSCI欧洲(除英国瑞士)大盘成长,650225.MI,MI
指数,650226,MSCI远东大盘成长,650226.MI,MI
指数,650227,MSCI芬兰大盘成长,650227.MI,MI
指数,650228,MSCI法国大盘成长,650228.MI,MI
指数,650229,MSCI德国大盘成长,650229.MI,MI
指数,650230,MSCI希腊大盘成长,650230.MI,MI
指数,650233,MSCI意大利大盘成长,650233.MI,MI
指数,650234,MSCI日本大盘成长,650234.MI,MI
指数,650235,MSCIKOKUSAI大盘成长,650235.MI,MI
指数,650236,MSCI荷兰大盘成长,650236.MI,MI
指数,650238,MSCI北欧大盘成长,650238.MI,MI
指数,650239,MSCI北美大盘成长,650239.MI,MI
指数,650240,MSCI挪威大盘成长,650240.MI,MI
指数,650241,MSCI太平洋地区大盘成长,650241.MI,MI
指数,650242,MSCI太平洋地区(除日本)大盘成长,650242.MI,MI
指数,650243,MSCI葡萄牙大盘成长,650243.MI,MI
指数,650244,MSCI新加坡大盘成长,650244.MI,MI
指数,650245,MSCI西班牙大盘成长,650245.MI,MI
指数,650246,MSCI瑞典大盘成长,650246.MI,MI
指数,650247,MSCI瑞士大盘成长,650247.MI,MI
指数,650248,MSCI发达市场大盘成长,650248.MI,MI
指数,650249,MSCI英国大盘成长,650249.MI,MI
指数,650250,MSCI美国大盘成长,650250.MI,MI
指数,650251,MSCI发达市场(除澳)大盘成长,650251.MI,MI
指数,650252,MSCI发达市场(除欧盟)大盘成长,650252.MI,MI
指数,650253,MSCI发达市场(除欧洲)大盘成长,650253.MI,MI
指数,650254,MSCI发达市场(除英国)大盘成长,650254.MI,MI
指数,650255,MSCI发达市场(除美国)大盘成长,650255.MI,MI
指数,650256,MSCI美洲大盘成长,650256.MI,MI
指数,650257,MSCI亚洲大盘成长,650257.MI,MI
指数,650258,MSCI亚洲(除日本)大盘成长,650258.MI,MI
指数,650259,MSCI亚太地区大盘成长,650259.MI,MI
指数,650260,MSCI亚太地区(除日本)大盘成长,650260.MI,MI
指数,650261,MSCI欧洲全市场大盘成长,650261.MI,MI
指数,650262,MSCI欧洲全市场&中东大盘成长,650262.MI,MI
指数,650263,MSCI远东全市场大盘成长,650263.MI,MI
指数,650264,MSCI远东全市场(除日本)大盘成长,650264.MI,MI
指数,650265,MSCI太平洋全市场大盘成长,650265.MI,MI
指数,650266,MSCI太平洋全市场(除日本)大盘成长,650266.MI,MI
指数,650267,MSCI全球大盘成长,650267.MI,MI
指数,650268,MSCI全球(除澳)大盘成长,650268.MI,MI
指数,650269,MSCI全球(除欧盟)大盘成长,650269.MI,MI
指数,650270,MSCI全球(除欧洲)大盘成长,650270.MI,MI
指数,650271,MSCI全球(除日本)大盘成长,650271.MI,MI
指数,650272,MSCI全球(除瑞士)大盘成长,650272.MI,MI
指数,650273,MSCI全球(除英国)大盘成长,650273.MI,MI
指数,650274,MSCI全球(除美国)大盘成长,650274.MI,MI
指数,650276,MSCI巴西大盘成长,650276.MI,MI
指数,650277,MSCI金砖四国大盘成长,650277.MI,MI
指数,650278,MSCI智利大盘成长,650278.MI,MI
指数,650279,MSCI中国大盘成长,650279.MI,MI
指数,650280,MSCI哥伦比亚大盘成长,650280.MI,MI
指数,650281,MSCI捷克共和国大盘成长,650281.MI,MI
指数,650282,MSCI埃及大盘成长,650282.MI,MI
指数,650283,MSCI新兴市场大盘成长,650283.MI,MI
指数,650284,MSCI亚洲新兴市场大盘成长,650284.MI,MI
指数,650285,MSCI东欧新兴市场大盘成长,650285.MI,MI
指数,650286,MSCI欧非中东新兴市场大盘成长,650286.MI,MI
指数,650287,MSCI欧洲新兴市场大盘成长,650287.MI,MI
指数,650288,MSCI欧洲&中东新兴市场大盘成长,650288.MI,MI
指数,650289,MSCI远东新兴市场大盘成长,650289.MI,MI
指数,650290,MSCI拉美新兴市场大盘成长,650290.MI,MI
指数,650291,MSCI欧盟大盘成长,650291.MI,MI
指数,650292,MSCI金龙大盘成长,650292.MI,MI
指数,650293,MSCI匈牙利大盘成长,650293.MI,MI
指数,650294,MSCI印度大盘成长,650294.MI,MI
指数,650295,MSCI印度尼西亚大盘成长,650295.MI,MI
指数,650296,MSCI以色列大盘成长,650296.MI,MI
指数,650298,MSCI韩国大盘成长,650298.MI,MI
指数,650299,MSCI马来西亚大盘成长,650299.MI,MI
指数,650300,MSCI墨西哥大盘成长,650300.MI,MI
指数,650303,MSCI秘鲁大盘成长,650303.MI,MI
指数,650304,MSCI菲律宾大盘成长,650304.MI,MI
指数,650305,MSCI波兰大盘成长,650305.MI,MI
指数,650306,MSCI俄罗斯大盘成长,650306.MI,MI
指数,650307,MSCI南非大盘成长,650307.MI,MI
指数,650308,MSCI东南亚大盘成长,650308.MI,MI
指数,650310,MSCI台湾大盘成长,650310.MI,MI
指数,650311,MSCI泰国大盘成长,650311.MI,MI
指数,650312,MSCI土耳其大盘成长,650312.MI,MI
指数,650314,MSCI中华大盘成长,650314.MI,MI
指数,652517,MSCI澳大利亚中盘,652517.MI,MI
指数,652518,MSCI奥地利中盘,652518.MI,MI
指数,652519,MSCI比利时中盘,652519.MI,MI
指数,652520,MSCI加拿大中盘,652520.MI,MI
指数,652521,MSCI丹麦中盘,652521.MI,MI
指数,652522,MSCI欧澳远东中盘,652522.MI,MI
指数,652523,MSCI欧澳远东(除英国)中盘,652523.MI,MI
指数,652524,MSCI欧澳远东(除日本)中盘,652524.MI,MI
指数,652525,MSCI欧盟中盘,652525.MI,MI
指数,652526,MSCI欧盟+英国中盘,652526.MI,MI
指数,652527,MSCI欧洲中盘,652527.MI,MI
指数,652528,MSCI欧洲(除欧盟)盘,652528.MI,MI
指数,652529,MSCI欧洲(除德国)中盘,652529.MI,MI
指数,652530,MSCI欧洲(除瑞士)中盘,652530.MI,MI
指数,652531,MSCI欧洲(除英国)中盘,652531.MI,MI
指数,652532,MSCI欧洲(除英国瑞士)中盘,652532.MI,MI
指数,652533,MSCI远东中盘,652533.MI,MI
指数,652534,MSCI芬兰中盘,652534.MI,MI
指数,652535,MSCI法国中盘,652535.MI,MI
指数,652536,MSCI德国中盘,652536.MI,MI
指数,652537,MSCI希腊中盘,652537.MI,MI
指数,652539,MSCI爱尔兰中盘,652539.MI,MI
指数,652540,MSCI意大利中盘,652540.MI,MI
指数,652541,MSCI日本中盘,652541.MI,MI
指数,652542,MSCIKOKUSAI中盘,652542.MI,MI
指数,652543,MSCI荷兰中盘,652543.MI,MI
指数,652544,MSCI新西兰中盘,652544.MI,MI
指数,652545,MSCI北欧中盘,652545.MI,MI
指数,652546,MSCI北美中盘,652546.MI,MI
指数,652547,MSCI挪威中盘,652547.MI,MI
指数,652548,MSCI太平洋地区中盘,652548.MI,MI
指数,652549,MSCI太平洋地区(除日本)中盘,652549.MI,MI
指数,652550,MSCI葡萄牙中盘,652550.MI,MI
指数,652551,MSCI新加坡中盘,652551.MI,MI
指数,652552,MSCI西班牙中盘,652552.MI,MI
指数,652553,MSCI瑞典中盘,652553.MI,MI
指数,652554,MSCI瑞士中盘,652554.MI,MI
指数,652555,MSCI发达市场中盘,652555.MI,MI
指数,652556,MSCI英国中盘,652556.MI,MI
指数,652557,MSCI美国中盘,652557.MI,MI
指数,652558,MSCI发达市场(除澳)中盘,652558.MI,MI
指数,652559,MSCI发达市场(除欧盟)中盘,652559.MI,MI
指数,652560,MSCI发达市场(除欧洲)中盘,652560.MI,MI
指数,652561,MSCI发达市场(除英国)中盘,652561.MI,MI
指数,652562,MSCI发达市场(除美国)中盘,652562.MI,MI
指数,652563,MSCI美洲中盘,652563.MI,MI
指数,652564,MSCI亚洲中盘,652564.MI,MI
指数,652565,MSCI亚洲(除日本)中盘,652565.MI,MI
指数,652566,MSCI亚太地区中盘,652566.MI,MI
指数,652567,MSCI亚太地区(除日本)中盘,652567.MI,MI
指数,652568,MSCI欧洲全市场中盘,652568.MI,MI
指数,652569,MSCI欧洲全市场&中东中盘,652569.MI,MI
指数,652570,MSCI远东全市场中盘,652570.MI,MI
指数,652571,MSCI远东全市场(除日本)中盘,652571.MI,MI
指数,652572,MSCI太平洋全市场中盘,652572.MI,MI
指数,652573,MSCI太平洋全市场(除日本)中盘,652573.MI,MI
指数,652574,MSCI全球中盘,652574.MI,MI
指数,652575,MSCI全球(除澳)中盘,652575.MI,MI
指数,652576,MSCI全球(除欧盟)中盘,652576.MI,MI
指数,652577,MSCI全球(除欧洲)中盘,652577.MI,MI
指数,652578,MSCI全球(除日本)中盘,652578.MI,MI
指数,652579,MSCI全球(除瑞士)中盘,652579.MI,MI
指数,652580,MSCI全球(除英国)中盘,652580.MI,MI
指数,652581,MSCI全球(除美国)中盘,652581.MI,MI
指数,652582,MSCI阿根廷中盘,652582.MI,MI
指数,652583,MSCI巴西中盘,652583.MI,MI
指数,652584,MSCI金砖四国中盘,652584.MI,MI
指数,652585,MSCI智利中盘,652585.MI,MI
指数,652586,MSCI中国中盘(除A股)(美元),652586.MI,MI
指数,652587,MSCI哥伦比亚中盘,652587.MI,MI
指数,652588,MSCI捷克共和国中盘,652588.MI,MI
指数,652589,MSCI埃及中盘,652589.MI,MI
指数,652590,MSCI新兴市场中盘,652590.MI,MI
指数,652591,MSCI亚洲新兴市场中盘,652591.MI,MI
指数,652592,MSCI东欧新兴市场中盘,652592.MI,MI
指数,652593,MSCI欧非中东新兴市场中盘,652593.MI,MI
指数,652594,MSCI欧洲新兴市场中盘,652594.MI,MI
指数,652595,MSCI欧洲&中东新兴市场中盘,652595.MI,MI
指数,652596,MSCI远东新兴市场中盘,652596.MI,MI
指数,652597,MSCI拉美新兴市场中盘,652597.MI,MI
指数,652598,MSCI欧盟中盘,652598.MI,MI
指数,652599,MSCI金龙中盘,652599.MI,MI
指数,652600,MSCI匈牙利中盘,652600.MI,MI
指数,652601,MSCI印度中盘,652601.MI,MI
指数,652602,MSCI印度尼西亚中盘,652602.MI,MI
指数,652603,MSCI以色列中盘,652603.MI,MI
指数,652604,MSCI约旦中盘,652604.MI,MI
指数,652605,MSCI韩国中盘,652605.MI,MI
指数,652606,MSCI马来西亚中盘,652606.MI,MI
指数,652607,MSCI墨西哥中盘,652607.MI,MI
指数,652608,MSCI摩洛哥中盘,652608.MI,MI
指数,652609,MSCI巴基斯坦中盘,652609.MI,MI
指数,652610,MSCI秘鲁中盘,652610.MI,MI
指数,652611,MSCI菲律宾中盘,652611.MI,MI
指数,652612,MSCI波兰中盘,652612.MI,MI
指数,652613,MSCI俄罗斯中盘,652613.MI,MI
指数,652614,MSCI南非中盘,652614.MI,MI
指数,652615,MSCI东南亚中盘,652615.MI,MI
指数,652617,MSCI台湾中盘,652617.MI,MI
指数,652618,MSCI泰国中盘,652618.MI,MI
指数,652619,MSCI土耳其中盘,652619.MI,MI
指数,652621,MSCI中华中盘(美元),652621.MI,MI
指数,652622,MSCI澳大利亚中盘价值,652622.MI,MI
指数,652623,MSCI奥地利中盘价值,652623.MI,MI
指数,652624,MSCI比利时中盘价值,652624.MI,MI
指数,652625,MSCI加拿大中盘价值,652625.MI,MI
指数,652626,MSCI丹麦中盘价值,652626.MI,MI
指数,652627,MSCI欧澳远东中盘价值,652627.MI,MI
指数,652628,MSCI欧澳远东(除英国)中盘价值,652628.MI,MI
指数,652629,MSCI欧澳远东(除日本)中盘价值,652629.MI,MI
指数,652630,MSCI欧盟中盘价值,652630.MI,MI
指数,652631,MSCI欧盟+英国中盘价值,652631.MI,MI
指数,652632,MSCI欧洲中盘价值,652632.MI,MI
指数,652633,MSCI欧洲(除欧盟)中盘价值,652633.MI,MI
指数,652634,MSCI欧洲(除德国)中盘价值,652634.MI,MI
指数,652635,MSCI欧洲(除瑞士)中盘价值,652635.MI,MI
指数,652636,MSCI欧洲(除英国)中盘价值,652636.MI,MI
指数,652637,MSCI欧洲(除英国瑞士)中盘价值,652637.MI,MI
指数,652638,MSCI远东中盘价值,652638.MI,MI
指数,652639,MSCI芬兰中盘价值,652639.MI,MI
指数,652640,MSCI法国中盘价值,652640.MI,MI
指数,652641,MSCI德国中盘价值,652641.MI,MI
指数,652642,MSCI希腊中盘价值,652642.MI,MI
指数,652645,MSCI意大利中盘价值,652645.MI,MI
指数,652646,MSCI日本中盘价值,652646.MI,MI
指数,652647,MSCIKOKUSAI中盘价值,652647.MI,MI
指数,652648,MSCI荷兰中盘价值,652648.MI,MI
指数,652649,MSCI新西兰中盘价值,652649.MI,MI
指数,652650,MSCI北欧中盘价值,652650.MI,MI
指数,652651,MSCI北美中盘价值,652651.MI,MI
指数,652652,MSCI挪威中盘价值,652652.MI,MI
指数,652653,MSCI太平洋地区中盘价值,652653.MI,MI
指数,652654,MSCI太平洋地区(除日本)中盘价值,652654.MI,MI
指数,652655,MSCI葡萄牙中盘价值,652655.MI,MI
指数,652656,MSCI新加坡中盘价值,652656.MI,MI
指数,652657,MSCI西班牙中盘价值,652657.MI,MI
指数,652658,MSCI瑞典中盘价值,652658.MI,MI
指数,652659,MSCI瑞士中盘价值,652659.MI,MI
指数,652660,MSCI发达市场中盘价值,652660.MI,MI
指数,652661,MSCI英国中盘价值,652661.MI,MI
指数,652662,MSCI美国中盘价值,652662.MI,MI
指数,652663,MSCI发达市场(除澳)中盘价值,652663.MI,MI
指数,652664,MSCI发达市场(除欧盟)中盘价值,652664.MI,MI
指数,652665,MSCI发达市场(除欧洲)中盘价值,652665.MI,MI
指数,652666,MSCI发达市场(除英国)中盘价值,652666.MI,MI
指数,652667,MSCI发达市场(除美国)中盘价值,652667.MI,MI
指数,652668,MSCI美洲中盘价值,652668.MI,MI
指数,652669,MSCI亚洲中盘价值,652669.MI,MI
指数,652670,MSCI亚洲(除日本)中盘价值,652670.MI,MI
指数,652671,MSCI亚太地区中盘价值,652671.MI,MI
指数,652672,MSCI亚太地区(除日本)中盘价值,652672.MI,MI
指数,652673,MSCI欧洲全市场中盘价值,652673.MI,MI
指数,652674,MSCI欧洲全市场&中东中盘价值,652674.MI,MI
指数,652675,MSCI远东全市场中盘价值,652675.MI,MI
指数,652676,MSCI远东全市场(除日本)中盘价值,652676.MI,MI
指数,652677,MSCI太平洋全市场中盘价值,652677.MI,MI
指数,652678,MSCI太平洋全市场(除日本)中盘价值,652678.MI,MI
指数,652679,MSCI全球中盘价值,652679.MI,MI
指数,652680,MSCI全球(除澳)中盘价值,652680.MI,MI
指数,652681,MSCI全球(除欧盟)中盘价值,652681.MI,MI
指数,652682,MSCI全球(除欧洲)中盘价值,652682.MI,MI
指数,652683,MSCI全球(除日本)中盘价值,652683.MI,MI
指数,652684,MSCI全球(除瑞士)中盘价值,652684.MI,MI
指数,652685,MSCI全球(除英国)中盘价值,652685.MI,MI
指数,652686,MSCI全球(除美国)中盘价值,652686.MI,MI
指数,652688,MSCI巴西中盘价值,652688.MI,MI
指数,652689,MSCI金砖四国中盘价值,652689.MI,MI
指数,652690,MSCI智利中盘价值,652690.MI,MI
指数,652691,MSCI中国中盘价值,652691.MI,MI
指数,652692,MSCI哥伦比亚中盘价值,652692.MI,MI
指数,652693,MSCI捷克共和国中盘价值,652693.MI,MI
指数,652694,MSCI埃及中盘价值,652694.MI,MI
指数,652695,MSCI新兴市场中盘价值,652695.MI,MI
指数,652696,MSCI亚洲新兴市场中盘价值,652696.MI,MI
指数,652697,MSCI东欧新兴市场中盘价值,652697.MI,MI
指数,652698,MSCI欧非中东新兴市场中盘价值,652698.MI,MI
指数,652699,MSCI欧洲新兴市场中盘价值,652699.MI,MI
指数,652700,MSCI欧洲&中东新兴市场中盘价值,652700.MI,MI
指数,652701,MSCI远东新兴市场中盘价值,652701.MI,MI
指数,652702,MSCI拉美新兴市场中盘价值,652702.MI,MI
指数,652703,MSCI欧盟中盘价值,652703.MI,MI
指数,652704,MSCI金龙中盘价值,652704.MI,MI
指数,652705,MSCI匈牙利中盘价值,652705.MI,MI
指数,652706,MSCI印度中盘价值,652706.MI,MI
指数,652707,MSCI印度尼西亚中盘价值,652707.MI,MI
指数,652708,MSCI以色列中盘价值,652708.MI,MI
指数,652710,MSCI韩国中盘价值,652710.MI,MI
指数,652711,MSCI马来西亚中盘价值,652711.MI,MI
指数,652712,MSCI墨西哥中盘价值,652712.MI,MI
指数,652715,MSCI秘鲁中盘价值,652715.MI,MI
指数,652716,MSCI菲律宾中盘价值,652716.MI,MI
指数,652717,MSCI波兰中盘价值,652717.MI,MI
指数,652718,MSCI俄罗斯中盘价值,652718.MI,MI
指数,652719,MSCI南非中盘价值,652719.MI,MI
指数,652720,MSCI东南亚中盘价值,652720.MI,MI
指数,652722,MSCI台湾中盘价值,652722.MI,MI
指数,652723,MSCI泰国中盘价值,652723.MI,MI
指数,652724,MSCI土耳其中盘价值,652724.MI,MI
指数,652726,MSCI中华中盘价值,652726.MI,MI
指数,652727,MSCI澳大利亚中盘成长,652727.MI,MI
指数,652728,MSCI奥地利中盘成长,652728.MI,MI
指数,652729,MSCI比利时中盘成长,652729.MI,MI
指数,652730,MSCI加拿大中盘成长,652730.MI,MI
指数,652731,MSCI丹麦中盘成长,652731.MI,MI
指数,652732,MSCI欧澳远东中盘成长,652732.MI,MI
指数,652733,MSCI欧澳远东(除英国)中盘成长,652733.MI,MI
指数,652734,MSCI欧澳远东(除日本)中盘成长,652734.MI,MI
指数,652735,MSCI欧盟中盘成长,652735.MI,MI
指数,652736,MSCI欧盟+英国中盘成长,652736.MI,MI
指数,652737,MSCI欧洲中盘成长,652737.MI,MI
指数,652738,MSCI欧洲(除欧盟)中盘成长,652738.MI,MI
指数,652739,MSCI欧洲(除德国)中盘成长,652739.MI,MI
指数,652740,MSCI欧洲(除瑞士)中盘成长,652740.MI,MI
指数,652741,MSCI欧洲(除英国)中盘成长,652741.MI,MI
指数,652742,MSCI欧洲(除英国瑞士)中盘成长,652742.MI,MI
指数,652743,MSCI远东中盘成长,652743.MI,MI
指数,652744,MSCI芬兰中盘成长,652744.MI,MI
指数,652745,MSCI法国中盘成长,652745.MI,MI
指数,652746,MSCI德国中盘成长,652746.MI,MI
指数,652747,MSCI希腊中盘成长,652747.MI,MI
指数,652749,MSCI爱尔兰中盘成长,652749.MI,MI
指数,652750,MSCI意大利中盘成长,652750.MI,MI
指数,652751,MSCI日本中盘成长,652751.MI,MI
指数,652752,MSCIKOKUSAI中盘成长,652752.MI,MI
指数,652753,MSCI荷兰中盘成长,652753.MI,MI
指数,652754,MSCI新西兰中盘成长,652754.MI,MI
指数,652755,MSCI北欧中盘成长,652755.MI,MI
指数,652756,MSCI北美中盘成长,652756.MI,MI
指数,652757,MSCI挪威中盘成长,652757.MI,MI
指数,652758,MSCI太平洋地区中盘成长,652758.MI,MI
指数,652759,MSCI太平洋地区(除日本)中盘成长,652759.MI,MI
指数,652760,MSCI葡萄牙中盘成长,652760.MI,MI
指数,652761,MSCI新加坡中盘成长,652761.MI,MI
指数,652762,MSCI西班牙中盘成长,652762.MI,MI
指数,652763,MSCI瑞典中盘成长,652763.MI,MI
指数,652764,MSCI瑞士中盘成长,652764.MI,MI
指数,652765,MSCI发达市场中盘成长,652765.MI,MI
指数,652766,MSCI英国中盘成长,652766.MI,MI
指数,652767,MSCI美国中盘成长,652767.MI,MI
指数,652768,MSCI发达市场(除澳)中盘成长,652768.MI,MI
指数,652769,MSCI发达市场(除欧盟)中盘成长,652769.MI,MI
指数,652770,MSCI发达市场(除欧洲)中盘成长,652770.MI,MI
指数,652771,MSCI发达市场(除英国)中盘成长,652771.MI,MI
指数,652772,MSCI发达市场(除美国)中盘成长,652772.MI,MI
指数,652773,MSCI美洲中盘成长,652773.MI,MI
指数,652774,MSCI亚洲中盘成长,652774.MI,MI
指数,652775,MSCI亚洲(除日本)中盘成长,652775.MI,MI
指数,652776,MSCI亚太地区中盘成长,652776.MI,MI
指数,652777,MSCI亚太地区(除日本)中盘成长,652777.MI,MI
指数,652778,MSCI欧洲全市场中盘成长,652778.MI,MI
指数,652779,MSCI欧洲全市场&中东中盘成长,652779.MI,MI
指数,652780,MSCI远东全市场中盘成长,652780.MI,MI
指数,652781,MSCI远东全市场(除日本)中盘成长,652781.MI,MI
指数,652782,MSCI太平洋全市场中盘成长,652782.MI,MI
指数,652783,MSCI太平洋全市场(除日本)中盘成长,652783.MI,MI
指数,652784,MSCI全球中盘成长,652784.MI,MI
指数,652785,MSCI全球(除澳)中盘成长,652785.MI,MI
指数,652786,MSCI全球(除欧盟)中盘成长,652786.MI,MI
指数,652787,MSCI全球(除欧洲)中盘成长,652787.MI,MI
指数,652788,MSCI全球(除日本)中盘成长,652788.MI,MI
指数,652789,MSCI全球(除瑞士)中盘成长,652789.MI,MI
指数,652790,MSCI全球(除英国)中盘成长,652790.MI,MI
指数,652791,MSCI全球(除美国)中盘成长,652791.MI,MI
指数,652793,MSCI巴西中盘成长,652793.MI,MI
指数,652794,MSCI金砖四国中盘成长,652794.MI,MI
指数,652795,MSCI智利中盘成长,652795.MI,MI
指数,652796,MSCI中国中盘成长,652796.MI,MI
指数,652797,MSCI哥伦比亚中盘成长,652797.MI,MI
指数,652798,MSCI捷克共和国中盘成长,652798.MI,MI
指数,652799,MSCI埃及中盘成长,652799.MI,MI
指数,652800,MSCI新兴市场中盘成长,652800.MI,MI
指数,652801,MSCI亚洲新兴市场中盘成长,652801.MI,MI
指数,652802,MSCI东欧新兴市场中盘成长,652802.MI,MI
指数,652803,MSCI欧非中东新兴市场中盘成长,652803.MI,MI
指数,652804,MSCI欧洲新兴市场中盘成长,652804.MI,MI
指数,652805,MSCI欧洲&中东新兴市场中盘成长,652805.MI,MI
指数,652806,MSCI远东新兴市场中盘成长,652806.MI,MI
指数,652807,MSCI拉美新兴市场中盘成长,652807.MI,MI
指数,652808,MSCI欧盟中盘成长,652808.MI,MI
指数,652809,MSCI金龙中盘成长,652809.MI,MI
指数,652810,MSCI匈牙利中盘成长,652810.MI,MI
指数,652811,MSCI印度中盘成长,652811.MI,MI
指数,652812,MSCI印度尼西亚中盘成长,652812.MI,MI
指数,652813,MSCI以色列中盘成长,652813.MI,MI
指数,652815,MSCI韩国中盘成长,652815.MI,MI
指数,652816,MSCI马来西亚中盘成长,652816.MI,MI
指数,652817,MSCI墨西哥中盘成长,652817.MI,MI
指数,652820,MSCI秘鲁中盘成长,652820.MI,MI
指数,652821,MSCI菲律宾中盘成长,652821.MI,MI
指数,652822,MSCI波兰中盘成长,652822.MI,MI
指数,652823,MSCI俄罗斯中盘成长,652823.MI,MI
指数,652824,MSCI南非中盘成长,652824.MI,MI
指数,652825,MSCI东南亚中盘成长,652825.MI,MI
指数,652827,MSCI台湾中盘成长,652827.MI,MI
指数,652828,MSCI泰国中盘成长,652828.MI,MI
指数,652829,MSCI土耳其中盘成长,652829.MI,MI
指数,652831,MSCI中华中盘成长,652831.MI,MI
指数,655057,MSCI中国小盘(除A股),655057.MI,MI
指数,655092,MSCI中华小盘,655092.MI,MI
指数,661630,MSCI澳大利亚中小盘,661630.MI,MI
指数,661631,MSCI奥地利中小盘,661631.MI,MI
指数,661632,MSCI比利时中小盘,661632.MI,MI
指数,661633,MSCI加拿大中小盘,661633.MI,MI
指数,661634,MSCI丹麦中小盘,661634.MI,MI
指数,661635,MSCI欧澳远东中小盘,661635.MI,MI
指数,661636,MSCI欧澳远东(除英国)中小盘,661636.MI,MI
指数,661637,MSCI欧澳远东(除日本)中小盘,661637.MI,MI
指数,661638,MSCI欧盟中小盘,661638.MI,MI
指数,661639,MSCI欧盟+英国中小盘,661639.MI,MI
指数,661640,MSCI欧洲中小盘,661640.MI,MI
指数,661641,MSCI欧洲(除欧盟)中小盘,661641.MI,MI
指数,661642,MSCI欧洲(除德国)中小盘,661642.MI,MI
指数,661643,MSCI欧洲(除瑞士)中小盘,661643.MI,MI
指数,661644,MSCI欧洲(除英国)中小盘,661644.MI,MI
指数,661645,MSCI欧洲(除英国瑞士)中小盘,661645.MI,MI
指数,661646,MSCI远东中小盘,661646.MI,MI
指数,661647,MSCI芬兰中小盘,661647.MI,MI
指数,661648,MSCI法国中小盘,661648.MI,MI
指数,661649,MSCI德国中小盘,661649.MI,MI
指数,661650,MSCI希腊中小盘,661650.MI,MI
指数,661652,MSCI爱尔兰中小盘,661652.MI,MI
指数,661653,MSCI意大利中小盘,661653.MI,MI
指数,661654,MSCI日本中小盘,661654.MI,MI
指数,661655,MSCIKOKUSAI中小盘,661655.MI,MI
指数,661656,MSCI荷兰中小盘,661656.MI,MI
指数,661657,MSCI新西兰中小盘,661657.MI,MI
指数,661658,MSCI北欧中小盘,661658.MI,MI
指数,661659,MSCI北美中小盘,661659.MI,MI
指数,661660,MSCI挪威中小盘,661660.MI,MI
指数,661661,MSCI太平洋地区中小盘,661661.MI,MI
指数,661662,MSCI太平洋地区(除日本)中小盘,661662.MI,MI
指数,661663,MSCI葡萄牙中小盘,661663.MI,MI
指数,661664,MSCI新加坡中小盘,661664.MI,MI
指数,661665,MSCI西班牙中小盘,661665.MI,MI
指数,661666,MSCI瑞典中小盘,661666.MI,MI
指数,661667,MSCI瑞士中小盘,661667.MI,MI
指数,661668,MSCI发达市场中小盘,661668.MI,MI
指数,661669,MSCI英国中小盘,661669.MI,MI
指数,661670,MSCI美国中小盘,661670.MI,MI
指数,661671,MSCI发达市场(除澳)中小盘,661671.MI,MI
指数,661672,MSCI发达市场(除欧盟)中小盘,661672.MI,MI
指数,661673,MSCI发达市场(除欧洲)中小盘,661673.MI,MI
指数,661674,MSCI发达市场(除英国)中小盘,661674.MI,MI
指数,661675,MSCI发达市场(除美国)中小盘,661675.MI,MI
指数,661676,MSCI美洲中小盘,661676.MI,MI
指数,661677,MSCI亚洲中小盘,661677.MI,MI
指数,661678,MSCI亚洲(除日本)中小盘,661678.MI,MI
指数,661679,MSCI亚太地区中小盘,661679.MI,MI
指数,661680,MSCI亚太地区(除日本)中小盘,661680.MI,MI
指数,661681,MSCI欧洲全市场中小盘,661681.MI,MI
指数,661682,MSCI欧洲全市场&中东中小盘,661682.MI,MI
指数,661683,MSCI远东全市场中小盘,661683.MI,MI
指数,661684,MSCI远东全市场(除日本)中小盘,661684.MI,MI
指数,661685,MSCI太平洋全市场中小盘,661685.MI,MI
指数,661686,MSCI太平洋全市场(除日本)中小盘,661686.MI,MI
指数,661687,MSCI全球中小盘,661687.MI,MI
指数,661688,MSCI全球(除澳)中小盘,661688.MI,MI
指数,661689,MSCI全球(除欧盟)中小盘,661689.MI,MI
指数,661690,MSCI全球(除欧洲)中小盘,661690.MI,MI
指数,661691,MSCI全球(除日本)中小盘,661691.MI,MI
指数,661692,MSCI全球(除瑞士)中小盘,661692.MI,MI
指数,661693,MSCI全球(除英国)中小盘,661693.MI,MI
指数,661694,MSCI全球(除美国)中小盘,661694.MI,MI
指数,661696,MSCI巴西中小盘,661696.MI,MI
指数,661697,MSCI金砖四国中小盘,661697.MI,MI
指数,661698,MSCI智利中小盘,661698.MI,MI
指数,661699,MSCI中国中小盘(除A股)(美元),661699.MI,MI
指数,661700,MSCI哥伦比亚中小盘,661700.MI,MI
指数,661701,MSCI捷克共和国中小盘,661701.MI,MI
指数,661702,MSCI埃及中小盘,661702.MI,MI
指数,661703,MSCI新兴市场中小盘,661703.MI,MI
指数,661704,MSCI亚洲新兴市场中小盘,661704.MI,MI
指数,661705,MSCI东欧新兴市场中小盘,661705.MI,MI
指数,661706,MSCI欧非中东新兴市场中小盘,661706.MI,MI
指数,661707,MSCI欧洲新兴市场中小盘,661707.MI,MI
指数,661708,MSCI欧洲&中东新兴市场中小盘,661708.MI,MI
指数,661709,MSCI远东新兴市场中小盘,661709.MI,MI
指数,661710,MSCI拉美新兴市场中小盘,661710.MI,MI
指数,661711,MSCI欧盟中小盘,661711.MI,MI
指数,661712,MSCI金龙中小盘,661712.MI,MI
指数,661713,MSCI匈牙利中小盘,661713.MI,MI
指数,661714,MSCI印度中小盘,661714.MI,MI
指数,661715,MSCI印度尼西亚中小盘,661715.MI,MI
指数,661716,MSCI以色列中小盘,661716.MI,MI
指数,661717,MSCI约旦中小盘,661717.MI,MI
指数,661718,MSCI韩国中小盘,661718.MI,MI
指数,661719,MSCI马来西亚中小盘,661719.MI,MI
指数,661720,MSCI墨西哥中小盘,661720.MI,MI
指数,661721,MSCI摩洛哥中小盘,661721.MI,MI
指数,661723,MSCI秘鲁中小盘,661723.MI,MI
指数,661724,MSCI菲律宾中小盘,661724.MI,MI
指数,661725,MSCI波兰中小盘,661725.MI,MI
指数,661726,MSCI俄罗斯中小盘,661726.MI,MI
指数,661727,MSCI南非中小盘,661727.MI,MI
指数,661728,MSCI东南亚中小盘,661728.MI,MI
指数,661730,MSCI台湾中小盘,661730.MI,MI
指数,661731,MSCI泰国中小盘,661731.MI,MI
指数,661732,MSCI土耳其中小盘,661732.MI,MI
指数,661734,MSCI中华中小盘,661734.MI,MI
指数,661735,MSCI澳大利亚中小盘价值,661735.MI,MI
指数,661736,MSCI奥地利中小盘价值,661736.MI,MI
指数,661737,MSCI比利时中小盘价值,661737.MI,MI
指数,661738,MSCI加拿大中小盘价值,661738.MI,MI
指数,661739,MSCI丹麦中小盘价值,661739.MI,MI
指数,661740,MSCI欧澳远东中小盘价值,661740.MI,MI
指数,661741,MSCI欧澳远东(除英国)中小盘价值,661741.MI,MI
指数,661742,MSCI欧澳远东(除日本)中小盘价值,661742.MI,MI
指数,661743,MSCI欧盟中小盘价值,661743.MI,MI
指数,661744,MSCI欧盟+英国中小盘价值,661744.MI,MI
指数,661745,MSCI欧洲中小盘价值,661745.MI,MI
指数,661746,MSCI欧洲(除欧盟)中小盘价值,661746.MI,MI
指数,661747,MSCI欧洲(除德国)中小盘价值,661747.MI,MI
指数,661748,MSCI欧洲(除瑞士)中小盘价值,661748.MI,MI
指数,661749,MSCI欧洲(除英国)中小盘价值,661749.MI,MI
指数,661750,MSCI欧洲(除英国瑞士)中小盘价值,661750.MI,MI
指数,661751,MSCI远东中小盘价值,661751.MI,MI
指数,661752,MSCI芬兰中小盘价值,661752.MI,MI
指数,661753,MSCI法国中小盘价值,661753.MI,MI
指数,661754,MSCI德国中小盘价值,661754.MI,MI
指数,661755,MSCI希腊中小盘价值,661755.MI,MI
指数,661757,MSCI爱尔兰中小盘价值,661757.MI,MI
指数,661758,MSCI意大利中小盘价值,661758.MI,MI
指数,661759,MSCI日本中小盘价值,661759.MI,MI
指数,661760,MSCIKOKUSAI中小盘价值,661760.MI,MI
指数,661761,MSCI荷兰中小盘价值,661761.MI,MI
指数,661762,MSCI新西兰中小盘价值,661762.MI,MI
指数,661763,MSCI北欧中小盘价值,661763.MI,MI
指数,661764,MSCI北美中小盘价值,661764.MI,MI
指数,661765,MSCI挪威中小盘价值,661765.MI,MI
指数,661766,MSCI太平洋地区中小盘价值,661766.MI,MI
指数,661767,MSCI太平洋地区(除日本)中小盘价值,661767.MI,MI
指数,661768,MSCI葡萄牙中小盘价值,661768.MI,MI
指数,661769,MSCI新加坡中小盘价值,661769.MI,MI
指数,661770,MSCI西班牙中小盘价值,661770.MI,MI
指数,661771,MSCI瑞典中小盘价值,661771.MI,MI
指数,661772,MSCI瑞士中小盘价值,661772.MI,MI
指数,661773,MSCI发达市场中小盘价值,661773.MI,MI
指数,661774,MSCI英国中小盘价值,661774.MI,MI
指数,661775,MSCI美国中小盘价值,661775.MI,MI
指数,661776,MSCI发达市场(除澳)中小盘价值,661776.MI,MI
指数,661777,MSCI发达市场(除欧盟)中小盘价值,661777.MI,MI
指数,661778,MSCI发达市场(除欧洲)中小盘价值,661778.MI,MI
指数,661779,MSCI发达市场(除英国)中小盘价值,661779.MI,MI
指数,661780,MSCI发达市场(除美国)中小盘价值,661780.MI,MI
指数,661781,MSCI美洲中小盘价值,661781.MI,MI
指数,661782,MSCI亚洲中小盘价值,661782.MI,MI
指数,661783,MSCI亚洲(除日本)中小盘价值,661783.MI,MI
指数,661784,MSCI亚太地区中小盘价值,661784.MI,MI
指数,661785,MSCI亚太地区(除日本)中小盘价值,661785.MI,MI
指数,661786,MSCI欧洲全市场中小盘价值,661786.MI,MI
指数,661787,MSCI欧洲全市场&中东中小盘价值,661787.MI,MI
指数,661788,MSCI远东全市场中小盘价值,661788.MI,MI
指数,661789,MSCI远东全市场(除日本)中小盘价值,661789.MI,MI
指数,661790,MSCI太平洋全市场中小盘价值,661790.MI,MI
指数,661791,MSCI太平洋全市场(除日本)中小盘价值,661791.MI,MI
指数,661792,MSCI全球中小盘价值,661792.MI,MI
指数,661793,MSCI全球(除澳)中小盘价值,661793.MI,MI
指数,661794,MSCI全球(除欧盟)中小盘价值,661794.MI,MI
指数,661795,MSCI全球(除欧洲)中小盘价值,661795.MI,MI
指数,661796,MSCI全球(除日本)中小盘价值,661796.MI,MI
指数,661797,MSCI全球(除瑞士)中小盘价值,661797.MI,MI
指数,661798,MSCI全球(除英国)中小盘价值,661798.MI,MI
指数,661799,MSCI全球(除美国)中小盘价值,661799.MI,MI
指数,661801,MSCI巴西中小盘价值,661801.MI,MI
指数,661802,MSCI金砖四国中小盘价值,661802.MI,MI
指数,661803,MSCI智利中小盘价值,661803.MI,MI
指数,661804,MSCI中国中小盘价值,661804.MI,MI
指数,661805,MSCI哥伦比亚中小盘价值,661805.MI,MI
指数,661806,MSCI捷克共和国中小盘价值,661806.MI,MI
指数,661807,MSCI埃及中小盘价值,661807.MI,MI
指数,661808,MSCI新兴市场中小盘价值,661808.MI,MI
指数,661809,MSCI亚洲新兴市场中小盘价值,661809.MI,MI
指数,661810,MSCI东欧新兴市场中小盘价值,661810.MI,MI
指数,661811,MSCI欧非中东新兴市场中小盘价值,661811.MI,MI
指数,661812,MSCI欧洲新兴市场中小盘价值,661812.MI,MI
指数,661813,MSCI欧洲&中东新兴市场中小盘价值,661813.MI,MI
指数,661814,MSCI远东新兴市场中小盘价值,661814.MI,MI
指数,661815,MSCI拉美新兴市场中小盘价值,661815.MI,MI
指数,661816,MSCI欧盟中小盘价值,661816.MI,MI
指数,661817,MSCI金龙中小盘价值,661817.MI,MI
指数,661818,MSCI匈牙利中小盘价值,661818.MI,MI
指数,661819,MSCI印度中小盘价值,661819.MI,MI
指数,661820,MSCI印度尼西亚中小盘价值,661820.MI,MI
指数,661821,MSCI以色列中小盘价值,661821.MI,MI
指数,661823,MSCI韩国中小盘价值,661823.MI,MI
指数,661824,MSCI马来西亚中小盘价值,661824.MI,MI
指数,661825,MSCI墨西哥中小盘价值,661825.MI,MI
指数,661828,MSCI秘鲁中小盘价值,661828.MI,MI
指数,661829,MSCI菲律宾中小盘价值,661829.MI,MI
指数,661830,MSCI波兰中小盘价值,661830.MI,MI
指数,661831,MSCI俄罗斯中小盘价值,661831.MI,MI
指数,661832,MSCI南非中小盘价值,661832.MI,MI
指数,661833,MSCI东南亚中小盘价值,661833.MI,MI
指数,661835,MSCI台湾中小盘价值,661835.MI,MI
指数,661836,MSCI泰国中小盘价值,661836.MI,MI
指数,661837,MSCI土耳其中小盘价值,661837.MI,MI
指数,661839,MSCI中华中小盘价值,661839.MI,MI
指数,661840,MSCI澳大利亚中小盘成长,661840.MI,MI
指数,661841,MSCI奥地利中小盘成长,661841.MI,MI
指数,661842,MSCI比利时中小盘成长,661842.MI,MI
指数,661843,MSCI加拿大中小盘成长,661843.MI,MI
指数,661844,MSCI丹麦中小盘成长,661844.MI,MI
指数,661845,MSCI欧澳远东中小盘成长,661845.MI,MI
指数,661846,MSCI欧澳远东(除英国)中小盘成长,661846.MI,MI
指数,661847,MSCI欧澳远东(除日本)中小盘成长,661847.MI,MI
指数,661848,MSCI欧盟中小盘成长,661848.MI,MI
指数,661849,MSCI欧盟+英国中小盘成长,661849.MI,MI
指数,661850,MSCI欧洲中小盘成长,661850.MI,MI
指数,661851,MSCI欧洲(除欧盟)中小盘成长,661851.MI,MI
指数,661852,MSCI欧洲(除德国)中小盘成长,661852.MI,MI
指数,661853,MSCI欧洲(除瑞士)中小盘成长,661853.MI,MI
指数,661854,MSCI欧洲(除英国)中小盘成长,661854.MI,MI
指数,661855,MSCI欧洲(除英国瑞士)中小盘成长,661855.MI,MI
指数,661856,MSCI远东中小盘成长,661856.MI,MI
指数,661857,MSCI芬兰中小盘成长,661857.MI,MI
指数,661858,MSCI法国中小盘成长,661858.MI,MI
指数,661859,MSCI德国中小盘成长,661859.MI,MI
指数,661860,MSCI希腊中小盘成长,661860.MI,MI
指数,661862,MSCI爱尔兰中小盘成长,661862.MI,MI
指数,661863,MSCI意大利中小盘成长,661863.MI,MI
指数,661864,MSCI日本中小盘成长,661864.MI,MI
指数,661865,MSCIKOKUSAI中小盘成长,661865.MI,MI
指数,661866,MSCI荷兰中小盘成长,661866.MI,MI
指数,661867,MSCI新西兰中小盘成长,661867.MI,MI
指数,661868,MSCI北欧中小盘成长,661868.MI,MI
指数,661869,MSCI北美中小盘成长,661869.MI,MI
指数,661870,MSCI挪威中小盘成长,661870.MI,MI
指数,661871,MSCI太平洋地区中小盘成长,661871.MI,MI
指数,661872,MSCI太平洋地区(除日本)中小盘成长,661872.MI,MI
指数,661873,MSCI葡萄牙中小盘成长,661873.MI,MI
指数,661874,MSCI新加坡中小盘成长,661874.MI,MI
指数,661875,MSCI西班牙中小盘成长,661875.MI,MI
指数,661876,MSCI瑞典中小盘成长,661876.MI,MI
指数,661877,MSCI瑞士中小盘成长,661877.MI,MI
指数,661878,MSCI发达市场中小盘成长,661878.MI,MI
指数,661879,MSCI英国中小盘成长,661879.MI,MI
指数,661880,MSCI美国中小盘成长,661880.MI,MI
指数,661881,MSCI发达市场(除澳)中小盘成长,661881.MI,MI
指数,661882,MSCI发达市场(除欧盟)中小盘成长,661882.MI,MI
指数,661883,MSCI发达市场(除欧洲)中小盘成长,661883.MI,MI
指数,661884,MSCI发达市场(除英国)中小盘成长,661884.MI,MI
指数,661885,MSCI发达市场(除美国)中小盘成长,661885.MI,MI
指数,661886,MSCI美洲中小盘成长,661886.MI,MI
指数,661887,MSCI亚洲中小盘成长,661887.MI,MI
指数,661888,MSCI亚洲(除日本)中小盘成长,661888.MI,MI
指数,661889,MSCI亚太地区中小盘成长,661889.MI,MI
指数,661890,MSCI亚太地区(除日本)中小盘成长,661890.MI,MI
指数,661891,MSCI欧洲全市场中小盘成长,661891.MI,MI
指数,661892,MSCI欧洲全市场&中东中小盘成长,661892.MI,MI
指数,661893,MSCI远东全市场中小盘成长,661893.MI,MI
指数,661894,MSCI远东全市场(除日本)中小盘成长,661894.MI,MI
指数,661895,MSCI太平洋全市场中小盘成长,661895.MI,MI
指数,661896,MSCI太平洋全市场(除日本)中小盘成长,661896.MI,MI
指数,661897,MSCI全球中小盘成长,661897.MI,MI
指数,661898,MSCI全球(除澳)中小盘成长,661898.MI,MI
指数,661899,MSCI全球(除欧盟)中小盘成长,661899.MI,MI
指数,661900,MSCI全球(除欧洲)中小盘成长,661900.MI,MI
指数,661901,MSCI全球(除日本)中小盘成长,661901.MI,MI
指数,661902,MSCI全球(除瑞士)中小盘成长,661902.MI,MI
指数,661903,MSCI全球(除英国)中小盘成长,661903.MI,MI
指数,661904,MSCI全球(除美国)中小盘成长,661904.MI,MI
指数,661906,MSCI巴西中小盘成长,661906.MI,MI
指数,661907,MSCI金砖四国中小盘成长,661907.MI,MI
指数,661908,MSCI智利中小盘成长,661908.MI,MI
指数,661909,MSCI中国中小盘成长,661909.MI,MI
指数,661910,MSCI哥伦比亚中小盘成长,661910.MI,MI
指数,661911,MSCI捷克共和国中小盘成长,661911.MI,MI
指数,661912,MSCI埃及中小盘成长,661912.MI,MI
指数,661913,MSCI新兴市场中小盘成长,661913.MI,MI
指数,661914,MSCI亚洲新兴市场中小盘成长,661914.MI,MI
指数,661915,MSCI东欧新兴市场中小盘成长,661915.MI,MI
指数,661916,MSCI欧非中东新兴市场中小盘成长,661916.MI,MI
指数,661917,MSCI欧洲新兴市场中小盘成长,661917.MI,MI
指数,661918,MSCI欧洲&中东新兴市场中小盘成长,661918.MI,MI
指数,661919,MSCI远东新兴市场中小盘成长,661919.MI,MI
指数,661920,MSCI拉美新兴市场中小盘成长,661920.MI,MI
指数,661921,MSCI欧盟中小盘成长,661921.MI,MI
指数,661922,MSCI金龙中小盘成长,661922.MI,MI
指数,661923,MSCI匈牙利中小盘成长,661923.MI,MI
指数,661924,MSCI印度中小盘成长,661924.MI,MI
指数,661925,MSCI印度尼西亚中小盘成长,661925.MI,MI
指数,661926,MSCI以色列中小盘成长,661926.MI,MI
指数,661928,MSCI韩国中小盘成长,661928.MI,MI
指数,661929,MSCI马来西亚中小盘成长,661929.MI,MI
指数,661930,MSCI墨西哥中小盘成长,661930.MI,MI
指数,661933,MSCI秘鲁中小盘成长,661933.MI,MI
指数,661934,MSCI菲律宾中小盘成长,661934.MI,MI
指数,661935,MSCI波兰中小盘成长,661935.MI,MI
指数,661936,MSCI俄罗斯中小盘成长,661936.MI,MI
指数,661937,MSCI南非中小盘成长,661937.MI,MI
指数,661938,MSCI东南亚中小盘成长,661938.MI,MI
指数,661940,MSCI台湾中小盘成长,661940.MI,MI
指数,661941,MSCI泰国中小盘成长,661941.MI,MI
指数,661942,MSCI土耳其中小盘成长,661942.MI,MI
指数,661944,MSCI中华中小盘成长,661944.MI,MI
指数,664147,MSCI澳大利亚可投资,664147.MI,MI
指数,664148,MSCI奥地利可投资,664148.MI,MI
指数,664149,MSCI比利时可投资,664149.MI,MI
指数,664150,MSCI加拿大可投资,664150.MI,MI
指数,664151,MSCI丹麦可投资,664151.MI,MI
指数,664152,MSCI欧澳远东可投资,664152.MI,MI
指数,664153,MSCI欧澳远东(除英国)可投资,664153.MI,MI
指数,664154,MSCI欧澳远东(除日本)可投资,664154.MI,MI
指数,664155,MSCI欧盟可投资,664155.MI,MI
指数,664156,MSCI欧盟+英国可投资,664156.MI,MI
指数,664157,MSCI欧洲可投资,664157.MI,MI
指数,664158,MSCI欧洲(除欧盟)可投资,664158.MI,MI
指数,664159,MSCI欧洲(除德国)可投资,664159.MI,MI
指数,664160,MSCI欧洲(除瑞士)可投资,664160.MI,MI
指数,664161,MSCI欧洲(除英国)可投资,664161.MI,MI
指数,664162,MSCI欧洲(除英国瑞士)可投资,664162.MI,MI
指数,664163,MSCI远东可投资,664163.MI,MI
指数,664164,MSCI芬兰可投资,664164.MI,MI
指数,664165,MSCI法国可投资,664165.MI,MI
指数,664166,MSCI德国可投资,664166.MI,MI
指数,664167,MSCI希腊可投资,664167.MI,MI
指数,664169,MSCI爱尔兰可投资,664169.MI,MI
指数,664170,MSCI意大利可投资,664170.MI,MI
指数,664171,MSCI日本可投资,664171.MI,MI
指数,664172,MSCIKOKUSAI可投资,664172.MI,MI
指数,664173,MSCI荷兰可投资,664173.MI,MI
指数,664174,MSCI新西兰可投资,664174.MI,MI
指数,664175,MSCI北欧国家可投资,664175.MI,MI
指数,664176,MSCI北美可投资,664176.MI,MI
指数,664177,MSCI挪威可投资,664177.MI,MI
指数,664178,MSCI太平洋地区可投资,664178.MI,MI
指数,664179,MSCI太平洋地区(除日本)可投资,664179.MI,MI
指数,664180,MSCI葡萄牙可投资,664180.MI,MI
指数,664181,MSCI新加坡可投资,664181.MI,MI
指数,664182,MSCI西班牙可投资,664182.MI,MI
指数,664183,MSCI瑞典可投资,664183.MI,MI
指数,664184,MSCI瑞士可投资,664184.MI,MI
指数,664185,MSCI发达市场可投资,664185.MI,MI
指数,664186,MSCI英国可投资,664186.MI,MI
指数,664187,MSCI美国可投资,664187.MI,MI
指数,664188,MSCI发达市场(除澳)可投资,664188.MI,MI
指数,664189,MSCI发达市场(除欧盟)可投资,664189.MI,MI
指数,664190,MSCI发达市场(除欧洲)可投资,664190.MI,MI
指数,664191,MSCI发达市场(除英国)可投资,664191.MI,MI
指数,664192,MSCI发达市场(除美国)可投资,664192.MI,MI
指数,664193,MSCI美洲可投资,664193.MI,MI
指数,664194,MSCI亚洲可投资,664194.MI,MI
指数,664195,MSCI亚洲(除日本)可投资,664195.MI,MI
指数,664196,MSCI亚太地区可投资,664196.MI,MI
指数,664197,MSCI亚太地区(除日本)可投资,664197.MI,MI
指数,664198,MSCI欧洲全市场可投资,664198.MI,MI
指数,664199,MSCI欧洲全市场&中东可投资,664199.MI,MI
指数,664200,MSCI远东全市场可投资,664200.MI,MI
指数,664201,MSCI远东全市场(除日本)可投资,664201.MI,MI
指数,664202,MSCI太平洋全市场可投资,664202.MI,MI
指数,664203,MSCI太平洋全市场(除日本)可投资,664203.MI,MI
指数,664204,MSCI全球可投资,664204.MI,MI
指数,664205,MSCI全球(除澳)可投资,664205.MI,MI
指数,664206,MSCI全球(除欧盟)可投资,664206.MI,MI
指数,664207,MSCI全球(除欧洲)可投资,664207.MI,MI
指数,664208,MSCI全球(除日本)可投资,664208.MI,MI
指数,664209,MSCI全球(除瑞士)可投资,664209.MI,MI
指数,664210,MSCI全球(除英国)可投资,664210.MI,MI
指数,664211,MSCI全球(除美国)可投资,664211.MI,MI
指数,664213,MSCI巴西可投资,664213.MI,MI
指数,664214,MSCI金砖四国可投资,664214.MI,MI
指数,664215,MSCI智利可投资,664215.MI,MI
指数,664216,MSCI中国可投资(除A股)(美元),664216.MI,MI
指数,664217,MSCI哥伦比亚可投资,664217.MI,MI
指数,664218,MSCI捷克共和国可投资,664218.MI,MI
指数,664219,MSCI埃及可投资,664219.MI,MI
指数,664220,MSCI新兴市场可投资,664220.MI,MI
指数,664221,MSCI亚洲新兴市场可投资,664221.MI,MI
指数,664222,MSCI东欧新兴市场可投资,664222.MI,MI
指数,664223,MSCI欧非中东新兴市场可投资,664223.MI,MI
指数,664224,MSCI欧洲新兴市场可投资,664224.MI,MI
指数,664225,MSCI欧洲&中东新兴市场可投资,664225.MI,MI
指数,664226,MSCI远东新兴市场可投资,664226.MI,MI
指数,664227,MSCI拉美新兴市场可投资,664227.MI,MI
指数,664228,MSCI欧盟可投资,664228.MI,MI
指数,664229,MSCI金龙可投资,664229.MI,MI
指数,664230,MSCI匈牙利可投资,664230.MI,MI
指数,664231,MSCI印度可投资,664231.MI,MI
指数,664232,MSCI印度尼西亚可投资,664232.MI,MI
指数,664233,MSCI以色列可投资,664233.MI,MI
指数,664234,MSCI约旦可投资,664234.MI,MI
指数,664235,MSCI韩国可投资,664235.MI,MI
指数,664236,MSCI马来西亚可投资,664236.MI,MI
指数,664237,MSCI墨西哥可投资,664237.MI,MI
指数,664238,MSCI摩洛哥可投资,664238.MI,MI
指数,664240,MSCI秘鲁可投资,664240.MI,MI
指数,664241,MSCI菲律宾可投资,664241.MI,MI
指数,664242,MSCI波兰可投资,664242.MI,MI
指数,664243,MSCI俄罗斯可投资,664243.MI,MI
指数,664244,MSCI南非可投资,664244.MI,MI
指数,664245,MSCI东南亚可投资,664245.MI,MI
指数,664247,MSCI台湾可投资,664247.MI,MI
指数,664248,MSCI泰国可投资,664248.MI,MI
指数,664249,MSCI土耳其可投资,664249.MI,MI
指数,664251,MSCI中华可投资,664251.MI,MI
指数,664252,MSCI澳大利亚可投资价值,664252.MI,MI
指数,664253,MSCI奥地利可投资价值,664253.MI,MI
指数,664254,MSCI比利时可投资价值,664254.MI,MI
指数,664255,MSCI加拿大可投资价值,664255.MI,MI
指数,664256,MSCI丹麦可投资价值,664256.MI,MI
指数,664257,MSCI欧澳远东可投资价值,664257.MI,MI
指数,664258,MSCI欧澳远东(除英国)可投资价值,664258.MI,MI
指数,664259,MSCI欧澳远东(除日本)可投资价值,664259.MI,MI
指数,664260,MSCI欧盟可投资价值,664260.MI,MI
指数,664261,MSCI欧盟+英国可投资价值,664261.MI,MI
指数,664262,MSCI欧洲可投资价值,664262.MI,MI
指数,664263,MSCI欧洲(除欧盟)可投资价值,664263.MI,MI
指数,664264,MSCI欧洲(除德国)可投资价值,664264.MI,MI
指数,664265,MSCI欧洲(除瑞士)可投资价值,664265.MI,MI
指数,664266,MSCI欧洲(除英国)可投资价值,664266.MI,MI
指数,664267,MSCI欧洲(除英国瑞士)可投资价值,664267.MI,MI
指数,664268,MSCI远东可投资价值,664268.MI,MI
指数,664269,MSCI芬兰可投资价值,664269.MI,MI
指数,664270,MSCI法国可投资价值,664270.MI,MI
指数,664271,MSCI德国可投资价值,664271.MI,MI
指数,664272,MSCI希腊可投资价值,664272.MI,MI
指数,664274,MSCI爱尔兰可投资价值,664274.MI,MI
指数,664275,MSCI意大利可投资价值,664275.MI,MI
指数,664276,MSCI日本可投资价值,664276.MI,MI
指数,664277,MSCIKOKUSAI可投资价值,664277.MI,MI
指数,664278,MSCI荷兰可投资价值,664278.MI,MI
指数,664279,MSCI新西兰可投资价值,664279.MI,MI
指数,664280,MSCI北欧国家可投资价值,664280.MI,MI
指数,664281,MSCI北美可投资价值,664281.MI,MI
指数,664282,MSCI挪威可投资价值,664282.MI,MI
指数,664283,MSCI太平洋地区可投资价值,664283.MI,MI
指数,664284,MSCI太平洋地区(除日本)可投资价值,664284.MI,MI
指数,664285,MSCI葡萄牙可投资价值,664285.MI,MI
指数,664286,MSCI新加坡可投资价值,664286.MI,MI
指数,664287,MSCI西班牙可投资价值,664287.MI,MI
指数,664288,MSCI瑞典可投资价值,664288.MI,MI
指数,664289,MSCI瑞士可投资价值,664289.MI,MI
指数,664290,MSCI发达市场可投资价值,664290.MI,MI
指数,664291,MSCI英国可投资价值,664291.MI,MI
指数,664292,MSCI美国可投资价值,664292.MI,MI
指数,664293,MSCI发达市场(除澳)可投资价值,664293.MI,MI
指数,664294,MSCI发达市场(除欧盟)可投资价值,664294.MI,MI
指数,664295,MSCI发达市场(除欧洲)可投资价值,664295.MI,MI
指数,664296,MSCI发达市场(除英国)可投资价值,664296.MI,MI
指数,664297,MSCI发达市场(除美国)可投资价值,664297.MI,MI
指数,664298,MSCI美洲可投资价值,664298.MI,MI
指数,664299,MSCI亚洲可投资价值,664299.MI,MI
指数,664300,MSCI亚洲(除日本)可投资价值,664300.MI,MI
指数,664301,MSCI亚太地区可投资价值,664301.MI,MI
指数,664302,MSCI亚太地区(除日本)可投资价值,664302.MI,MI
指数,664303,MSCI欧洲全市场可投资价值,664303.MI,MI
指数,664304,MSCI欧洲全市场&中东可投资价值,664304.MI,MI
指数,664305,MSCI远东全市场可投资价值,664305.MI,MI
指数,664306,MSCI远东全市场(除日本)可投资价值,664306.MI,MI
指数,664307,MSCI太平洋全市场可投资价值,664307.MI,MI
指数,664308,MSCI太平洋全市场(除日本)可投资价值,664308.MI,MI
指数,664309,MSCI全球可投资价值,664309.MI,MI
指数,664310,MSCI全球(除澳)可投资价值,664310.MI,MI
指数,664311,MSCI全球(除欧盟)可投资价值,664311.MI,MI
指数,664312,MSCI全球(除欧洲)可投资价值,664312.MI,MI
指数,664313,MSCI全球(除日本)可投资价值,664313.MI,MI
指数,664314,MSCI全球(除瑞士)可投资价值,664314.MI,MI
指数,664315,MSCI全球(除英国)可投资价值,664315.MI,MI
指数,664316,MSCI全球(除美国)可投资价值,664316.MI,MI
指数,664318,MSCI巴西可投资价值,664318.MI,MI
指数,664319,MSCI金砖四国可投资价值,664319.MI,MI
指数,664320,MSCI智利可投资价值,664320.MI,MI
指数,664321,MSCI中国可投资价值,664321.MI,MI
指数,664322,MSCI哥伦比亚可投资价值,664322.MI,MI
指数,664323,MSCI捷克共和国可投资价值,664323.MI,MI
指数,664324,MSCI埃及可投资价值,664324.MI,MI
指数,664325,MSCI新兴市场可投资价值,664325.MI,MI
指数,664326,MSCI亚洲新兴市场可投资价值,664326.MI,MI
指数,664327,MSCI东欧新兴市场可投资价值,664327.MI,MI
指数,664328,MSCI欧非中东新兴市场可投资价值,664328.MI,MI
指数,664329,MSCI欧洲新兴市场可投资价值,664329.MI,MI
指数,664330,MSCI欧洲&中东新兴市场可投资价值,664330.MI,MI
指数,664331,MSCI远东新兴市场可投资价值,664331.MI,MI
指数,664332,MSCI拉美新兴市场可投资价值,664332.MI,MI
指数,664333,MSCI欧盟可投资价值,664333.MI,MI
指数,664334,MSCI金龙可投资价值,664334.MI,MI
指数,664335,MSCI匈牙利可投资价值,664335.MI,MI
指数,664336,MSCI印度可投资价值,664336.MI,MI
指数,664337,MSCI印度尼西亚可投资价值,664337.MI,MI
指数,664338,MSCI以色列可投资价值,664338.MI,MI
指数,664340,MSCI韩国可投资价值,664340.MI,MI
指数,664341,MSCI马来西亚可投资价值,664341.MI,MI
指数,664342,MSCI墨西哥可投资价值,664342.MI,MI
指数,664345,MSCI秘鲁可投资价值,664345.MI,MI
指数,664346,MSCI菲律宾可投资价值,664346.MI,MI
指数,664347,MSCI波兰可投资价值,664347.MI,MI
指数,664348,MSCI俄罗斯可投资价值,664348.MI,MI
指数,664349,MSCI南非可投资价值,664349.MI,MI
指数,664350,MSCI东南亚可投资价值,664350.MI,MI
指数,664352,MSCI台湾可投资价值,664352.MI,MI
指数,664353,MSCI泰国可投资价值,664353.MI,MI
指数,664354,MSCI土耳其可投资价值,664354.MI,MI
指数,664356,MSCI中华可投资价值,664356.MI,MI
指数,664357,MSCI澳大利亚可投资成长,664357.MI,MI
指数,664358,MSCI奥地利可投资成长,664358.MI,MI
指数,664359,MSCI比利时可投资成长,664359.MI,MI
指数,664360,MSCI加拿大可投资成长,664360.MI,MI
指数,664361,MSCI丹麦可投资成长,664361.MI,MI
指数,664362,MSCI欧澳远东可投资成长,664362.MI,MI
指数,664363,MSCI欧澳远东(除英国)可投资成长,664363.MI,MI
指数,664364,MSCI欧澳远东(除日本)可投资成长,664364.MI,MI
指数,664365,MSCI欧盟可投资成长,664365.MI,MI
指数,664366,MSCI欧盟+英国可投资成长,664366.MI,MI
指数,664367,MSCI欧洲可投资成长,664367.MI,MI
指数,664368,MSCI欧洲(除欧盟)可投资成长,664368.MI,MI
指数,664369,MSCI欧洲(除德国)可投资成长,664369.MI,MI
指数,664370,MSCI欧洲(除瑞士)可投资成长,664370.MI,MI
指数,664371,MSCI欧洲(除英国)可投资成长,664371.MI,MI
指数,664372,MSCI欧洲(除英国瑞士)可投资成长,664372.MI,MI
指数,664373,MSCI远东可投资成长,664373.MI,MI
指数,664374,MSCI芬兰可投资成长,664374.MI,MI
指数,664375,MSCI法国可投资成长,664375.MI,MI
指数,664376,MSCI德国可投资成长,664376.MI,MI
指数,664377,MSCI希腊可投资成长,664377.MI,MI
指数,664379,MSCI爱尔兰可投资成长,664379.MI,MI
指数,664380,MSCI意大利可投资成长,664380.MI,MI
指数,664381,MSCI日本可投资成长,664381.MI,MI
指数,664382,MSCIKOKUSAI可投资成长,664382.MI,MI
指数,664383,MSCI荷兰可投资成长,664383.MI,MI
指数,664384,MSCI新西兰可投资成长,664384.MI,MI
指数,664385,MSCI北欧国家可投资成长,664385.MI,MI
指数,664386,MSCI北美可投资成长,664386.MI,MI
指数,664387,MSCI挪威可投资成长,664387.MI,MI
指数,664388,MSCI太平洋地区可投资成长,664388.MI,MI
指数,664389,MSCI太平洋地区(除日本)可投资成长,664389.MI,MI
指数,664390,MSCI葡萄牙可投资成长,664390.MI,MI
指数,664391,MSCI新加坡可投资成长,664391.MI,MI
指数,664392,MSCI西班牙可投资成长,664392.MI,MI
指数,664393,MSCI瑞典可投资成长,664393.MI,MI
指数,664394,MSCI瑞士可投资成长,664394.MI,MI
指数,664395,MSCI发达市场可投资成长,664395.MI,MI
指数,664396,MSCI英国可投资成长,664396.MI,MI
指数,664397,MSCI美国可投资成长,664397.MI,MI
指数,664398,MSCI发达市场(除澳)可投资成长,664398.MI,MI
指数,664399,MSCI发达市场(除欧盟)可投资成长,664399.MI,MI
指数,664400,MSCI发达市场(除欧洲)可投资成长,664400.MI,MI
指数,664401,MSCI发达市场(除英国)可投资成长,664401.MI,MI
指数,664402,MSCI发达市场(除美国)可投资成长,664402.MI,MI
指数,664403,MSCI美洲可投资成长,664403.MI,MI
指数,664404,MSCI亚洲可投资成长,664404.MI,MI
指数,664405,MSCI亚洲(除日本)可投资成长,664405.MI,MI
指数,664406,MSCI亚太地区可投资成长,664406.MI,MI
指数,664407,MSCI亚太地区(除日本)可投资成长,664407.MI,MI
指数,664408,MSCI欧洲全市场可投资成长,664408.MI,MI
指数,664409,MSCI欧洲全市场&中东可投资成长,664409.MI,MI
指数,664410,MSCI远东全市场可投资成长,664410.MI,MI
指数,664411,MSCI远东全市场(除日本)可投资成长,664411.MI,MI
指数,664412,MSCI太平洋全市场可投资成长,664412.MI,MI
指数,664413,MSCI太平洋全市场(除日本)可投资成长,664413.MI,MI
指数,664414,MSCI全球可投资成长,664414.MI,MI
指数,664415,MSCI全球(除澳)可投资成长,664415.MI,MI
指数,664416,MSCI全球(除欧盟)可投资成长,664416.MI,MI
指数,664417,MSCI全球(除欧洲)可投资成长,664417.MI,MI
指数,664418,MSCI全球(除日本)可投资成长,664418.MI,MI
指数,664419,MSCI全球(除瑞士)可投资成长,664419.MI,MI
指数,664420,MSCI全球(除英国)可投资成长,664420.MI,MI
指数,664421,MSCI全球(除美国)可投资成长,664421.MI,MI
指数,664423,MSCI巴西可投资成长,664423.MI,MI
指数,664424,MSCI金砖四国可投资成长,664424.MI,MI
指数,664425,MSCI智利可投资成长,664425.MI,MI
指数,664426,MSCI中国可投资成长,664426.MI,MI
指数,664427,MSCI哥伦比亚可投资成长,664427.MI,MI
指数,664428,MSCI捷克共和国可投资成长,664428.MI,MI
指数,664429,MSCI埃及可投资成长,664429.MI,MI
指数,664430,MSCI新兴市场可投资成长,664430.MI,MI
指数,664431,MSCI亚洲新兴市场可投资成长,664431.MI,MI
指数,664432,MSCI东欧新兴市场可投资成长,664432.MI,MI
指数,664433,MSCI欧非中东新兴市场可投资成长,664433.MI,MI
指数,664434,MSCI欧洲新兴市场可投资成长,664434.MI,MI
指数,664435,MSCI欧洲&中东新兴市场可投资成长,664435.MI,MI
指数,664436,MSCI远东新兴市场可投资成长,664436.MI,MI
指数,664437,MSCI拉美新兴市场可投资成长,664437.MI,MI
指数,664438,MSCI欧盟可投资成长,664438.MI,MI
指数,664439,MSCI金龙可投资成长,664439.MI,MI
指数,664440,MSCI匈牙利可投资成长,664440.MI,MI
指数,664441,MSCI印度可投资成长,664441.MI,MI
指数,664442,MSCI印度尼西亚可投资成长,664442.MI,MI
指数,664443,MSCI以色列可投资成长,664443.MI,MI
指数,664445,MSCI韩国可投资成长,664445.MI,MI
指数,664446,MSCI马来西亚可投资成长,664446.MI,MI
指数,664447,MSCI墨西哥可投资成长,664447.MI,MI
指数,664450,MSCI秘鲁可投资成长,664450.MI,MI
指数,664451,MSCI菲律宾可投资成长,664451.MI,MI
指数,664452,MSCI波兰可投资成长,664452.MI,MI
指数,664453,MSCI俄罗斯可投资成长,664453.MI,MI
指数,664454,MSCI南非可投资成长,664454.MI,MI
指数,664455,MSCI东南亚可投资成长,664455.MI,MI
指数,664457,MSCI台湾可投资成长,664457.MI,MI
指数,664458,MSCI泰国可投资成长,664458.MI,MI
指数,664459,MSCI土耳其可投资成长,664459.MI,MI
指数,664461,MSCI中华可投资成长,664461.MI,MI
指数,700004,MSCI亚洲APEX中盘50,700004.MI,MI
指数,700004L,MSCI亚洲APEX中盘50(Local),700004L.MI,MI
指数,700023,MSCI前沿及新兴市场,700023.MI,MI
指数,700023L,MSCI前沿及新兴市场(Local),700023L.MI,MI
指数,700033,MSCI全秘鲁,700033.MI,MI
指数,700033L,MSCI全秘鲁(Local),700033L.MI,MI
指数,700041,MSCI全球+前沿市场可投资,700041.MI,MI
指数,700041L,MSCI全球+前沿可投资市场(Local),700041L.MI,MI
指数,700044,MSCI俄罗斯ADR/GDR,700044.MI,MI
指数,700044L,MSCI俄罗斯ADR/GDR(Local),700044L.MI,MI
指数,700057,MSCI全秘鲁限权重,700057.MI,MI
指数,700057L,MSCI全秘鲁限权重(Local),700057L.MI,MI
指数,700071,MSCI牙买加,700071.MI,MI
指数,700071L,MSCI牙买加(Local),700071L.MI,MI
指数,700072,MSCI特里尼达和多巴哥,700072.MI,MI
指数,700072L,MSCI特里尼达和多巴哥(Local),700072L.MI,MI
指数,700073,MSCI加纳,700073.MI,MI
指数,700074,MSCI博茨瓦纳,700074.MI,MI
指数,700074L,MSCI博茨瓦纳(Local),700074L.MI,MI
指数,700098,MSCI东欧新兴市场(除俄),700098.MI,MI
指数,700098L,MSCI东欧新兴市场(除俄)(Local),700098L.MI,MI
指数,700270,MSCI阿拉伯境内(除沙特),700270.MI,MI
指数,700270L,MSCI阿拉伯境内(除沙特)(Local),700270L.MI,MI
指数,700396,MSCI孟加拉,700396.MI,MI
指数,700396L,MSCI孟加拉(Local),700396L.MI,MI
指数,700719,MSCI USA ESG LEADERS,700719.MI,MI
指数,700720,MSCI USA LARGE CAP ESG LEADERS,700720.MI,MI
指数,700721,MSCI USA MID CAP ESG LEADERS,700721.MI,MI
指数,700722,MSCI USA SMALL CAP ESG LEADERS,700722.MI,MI
指数,700723,MSCI USA SMID ESG LEADERS,700723.MI,MI
指数,700724,MSCI USA IMI ESG LEADERS,700724.MI,MI
指数,700725,MSCI USA BROAD ESG LEADERS,700725.MI,MI
指数,700726,MSCI USA ESG SELECT,700726.MI,MI
指数,700727,MSCI KLD 400 SOCIAL,700727.MI,MI
指数,701198,MSCI USA SRI,701198.MI,MI
指数,701263,MSCI USA EX CONTROVERSIAL WEAPONS,701263.MI,MI
指数,701519,MSCI新兴市场50,701519.MI,MI
指数,701519L,MSCI新兴市场50(Local),701519L.MI,MI
指数,701565,MSCI USA MID CAP SRI,701565.MI,MI
指数,701633,MSCI全球高股息收益率指数(美元),701633.MI,MI
指数,701685,MSCI USA LARGE CAP SRI,701685.MI,MI
指数,701697,MSCI USA LARGE CAP EX CONTROVERSIAL WEAPONS,701697.MI,MI
指数,701874,MSCI USA MID CAP EX CONTROVERSIAL WEAPONS,701874.MI,MI
指数,701990,MSCI中国风险加权(美元),701990.MI,MI
指数,701990L,MSCI中国风险加权(Local),701990L.MI,MI
指数,702033,MSCI中国价值加权(美元),702033.MI,MI
指数,702033L,MSCI中国价值加权(Local),702033L.MI,MI
指数,702168,MSCI WORLD WITH EM EXPOSURE,702168.MI,MI
指数,702169,MSCI WORLD ex ISRAEL WITH EM EXPOSURE,702169.MI,MI
指数,702170,MSCI新兴市场美国经济,702170.MI,MI
指数,702171,MSCI EUROPE WITH EM EXPOSURE,702171.MI,MI
指数,702172,MSCI EAFE WITH EM EXPOSURE,702172.MI,MI
指数,702259,MSCI前沿市场100,702259.MI,MI
指数,702259L,MSCI前沿市场100(Local),702259L.MI,MI
指数,702668,MSCI中国A50,702668.MI,MI
指数,702668L,MSCI中国A50(人民币),702668L.MI,MI
指数,702987,MSCI中国A股在岸等权重(美元),702987.MI,MI
指数,702987L,MSCI中国A股在岸等权重(人民币),702987L.MI,MI
指数,702988,MSCI中国A股在岸风险加权(美元),702988.MI,MI
指数,702988L,MSCI中国A股在岸风险加权(人民币),702988L.MI,MI
指数,702990,MSCI中国A股在岸价值加权(美元),702990.MI,MI
指数,702990L,MSCI中国A股在岸价值加权(人民币),702990L.MI,MI
指数,703277,MSCI中国A股在岸高股息(美元),703277.MI,MI
指数,703277L,MSCI中国A股在岸高股息(人民币),703277L.MI,MI
指数,703605,MSCI全爱尔兰指数(美元),703605.MI,MI
指数,703606,MSCI全爱尔兰上限指数(美元),703606.MI,MI
指数,703813,MSCI中国A股在岸动能(美元),703813.MI,MI
指数,703813L,MSCI中国A股在岸动能(人民币),703813L.MI,MI
指数,704843,MSCI中国A股国际实时(人民币),704843.CSI,CSI
指数,704843,MSCI中国A股国际(美元),704843.MI,MI
指数,704843L,MSCI中国A股国际(人民币),704843L.MI,MI
指数,704844,MSCI中国全指(美元),704844.MI,MI
指数,704844L,MSCI中国全指(Local),704844L.MI,MI
指数,705206,MSCI中国A股国际等权重(美元),705206.MI,MI
指数,705206L,MSCI中国A股国际等权重(人民币),705206L.MI,MI
指数,705269,MSCI中国A股国际大中小盘(美元),705269.MI,MI
指数,705269L,MSCI中国A股国际大中小盘(人民币),705269L.MI,MI
指数,705270,MSCI中国A股国际小盘(美元),705270.MI,MI
指数,705270L,MSCI中国A股国际小盘(人民币),705270L.MI,MI
指数,705271,MSCI中国全股大中小盘(美元),705271.MI,MI
指数,705271L,MSCI中国全股大中小盘(Local),705271L.MI,MI
指数,705272,MSCI中国全股小盘(美元),705272.MI,MI
指数,705272L,MSCI中国全股小盘(Local),705272L.MI,MI
指数,706393,MSCI USA EX FOSSIL FUELS,706393.MI,MI
指数,707574,MSCI USA LOW CARBON TARGET,707574.MI,MI
指数,707677,MSCI中国A股国际风险加权(美元),707677.MI,MI
指数,707677L,MSCI中国A股国际风险加权(人民币),707677L.MI,MI
指数,707717,MSCI中国A股国际公司质量(美元),707717.MI,MI
指数,707717L,MSCI中国A股国际质量指数,707717L.MI,MI
指数,707717LG,MSCI中国A股国际公司质量全收益(人民币),707717LG.MI,MI
指数,707918,MSCI中国A股国际低波实时(人民币),707918.CSI,CSI
指数,707918,MSCI中国A股国际低波(美元),707918.MI,MI
指数,707918L,MSCI中国A股国际低波(人民币),707918L.MI,MI
指数,707918LG,MSCI中国A股国际低波全收益(人民币),707918LG.MI,MI
指数,707920,MSCI中国A股国际动能(美元),707920.MI,MI
指数,707920L,MSCI中国A股国际动能(人民币),707920L.MI,MI
指数,709018,MSCI USA EX COAL,709018.MI,MI
指数,709601,MSCI USA LOW CARBON LEADERS,709601.MI,MI
指数,710364,MSCI USA WOMENS LEADERSHIP,710364.MI,MI
指数,710365,MSCI USA IMI WOMENS LEADERSHIP,710365.MI,MI
指数,710493,MSCI USA ESG FOCUS,710493.MI,MI
指数,711043,MSCI中国(含部分A股),711043.MI,MI
指数,711043L,MSCI中国(含部分A股)(人民币),711043L.MI,MI
指数,711044,MSCI中国大中小盘(含部分A股),711044.MI,MI
指数,711044L,MSCI中国大中小盘(含部分A股)(人民币),711044L.MI,MI
指数,711045,MSCI金龙(含部分A股),711045.MI,MI
指数,711045L,MSCI金龙(含部分A股)(人民币),711045L.MI,MI
指数,711046,MSCI金龙大中小盘(含部分A股),711046.MI,MI
指数,711046L,MSCI金龙大中小盘(含部分A股)(人民币),711046L.MI,MI
指数,711047,MSCI中华(含部分A股),711047.MI,MI
指数,711047L,MSCI中华(含部分A股)(人民币),711047L.MI,MI
指数,711048,MSCI中华大中小盘(含部分A股),711048.MI,MI
指数,711048L,MSCI中华大中小盘(含部分A股)(人民币),711048L.MI,MI
指数,711049,MSCI亚洲(日本除外)(含部分A股),711049.MI,MI
指数,711049L,MSCI亚洲(日本除外)(含部分A股)(人民币),711049L.MI,MI
指数,711050,MSCI亚洲(日本除外)大中小盘(含部分A股),711050.MI,MI
指数,711050L,MSCI亚洲(日本除外)大中小盘(含部分A股)(CNY),711050L.MI,MI
指数,711051,MSCI亚洲(含部分A股),711051.MI,MI
指数,711051L,MSCI亚洲(含部分A股)(人民币),711051L.MI,MI
指数,711052,MSCI亚洲大中小盘(含部分A股),711052.MI,MI
指数,711052L,MSCI亚洲大中小盘(含部分A股)(人民币),711052L.MI,MI
指数,711059,MSCI亚太(含部分A股),711059.MI,MI
指数,711059L,MSCI亚太(含部分A股)(人民币),711059L.MI,MI
指数,711060,MSCI亚太大中小盘(含部分A股),711060.MI,MI
指数,711060L,MSCI亚太大中小盘(含部分A股)(人民币),711060L.MI,MI
指数,711061,MSCI亚太(日本除外)(含部分A股),711061.MI,MI
指数,711061L,MSCI亚太(日本除外)(含部分A股)(人民币),711061L.MI,MI
指数,711062,MSCI亚太(日本除外)大中小盘(含部分A股),711062.MI,MI
指数,711062L,MSCI亚太(日本除外)大中小盘(含部分A股)(CNY),711062L.MI,MI
指数,711063,MSCI新兴市场(含部分A股),711063.MI,MI
指数,711063L,MSCI新兴市场(含部分A股)(人民币),711063L.MI,MI
指数,711064,MSCI新兴市场大中小盘(含部分A股),711064.MI,MI
指数,711064L,MSCI新兴市场大中小盘(含部分A股)(人民币),711064L.MI,MI
指数,711065,MSCI新兴市场亚洲(含部分A股),711065.MI,MI
指数,711065L,MSCI新兴市场亚洲(含部分A股)(人民币),711065L.MI,MI
指数,711066,MSCI新兴市场亚洲大中小盘(含部分A股),711066.MI,MI
指数,711066L,MSCI新兴市场亚洲大中小盘(含部分A股)(人民币),711066L.MI,MI
指数,711067,MSCI全球市场(含部分A股),711067.MI,MI
指数,711067L,MSCI全球市场(含部分A股)(人民币),711067L.MI,MI
指数,711068,MSCI全球市场大中小盘(含部分A股),711068.MI,MI
指数,711068L,MSCI全球市场大中小盘(含部分A股)(人民币),711068L.MI,MI
指数,711524,MSCI南下香港(美元),711524.MI,MI
指数,711524L,MSCI南下香港(Local),711524L.MI,MI
指数,712127,MSCI南下香港可投资市场,712127.MI,MI
指数,712127L,MSCI南下香港可投资市场(Local),712127L.MI,MI
指数,712129,MSCI沪港深(美元),712129.MI,MI
指数,712129L,MSCI沪港深(Local),712129L.MI,MI
指数,712137,MSCI沪港深可投资市场,712137.MI,MI
指数,712137L,MSCI沪港深可投资市场(Local),712137L.MI,MI
指数,712648,MSCI USA ESG UNIVERSAL,712648.MI,MI
指数,714032,MSCI香港价值增强指数,714032.MI,MI
指数,714032L,MSCI香港南向互联互通价值增强定制(Local),714032L.MI,MI
指数,714650,MSCI中国A股大盘暂行,714650.MI,MI
指数,714701,MSCI港股南向低波(美元),714701.MI,MI
指数,714701G,MSCI港股南向低波全收益(美元),714701G.MI,MI
指数,714701L,MSCI港股南向低波(港币),714701L.MI,MI
指数,714721,MSCI中国A股国际红利指数(美元),714721.MI,MI
指数,714721L,MSCI中国A股国际红利指数(人民币),714721L.MI,MI
指数,715952,MSCI USA LARGE CAP ESG UNIVERSAL,715952.MI,MI
指数,716057,MSCI USA SMALL CAP ESG UNIVERSAL,716057.MI,MI
指数,716566,MSCI中国A股国际通,716566.MI,MI
指数,716567,MSCI中国A股国际通实时(人民币),716567.CSI,CSI
指数,716567,MSCI中国A股国际通(美元),716567.MI,MI
指数,716567L,MSCI中国A股国际通(人民币),716567L.MI,MI
指数,718465,MSCI中国A股质优价值100,718465.MI,MI
指数,718465L,MSCI中国A股质优价值100(人民币),718465L.MI,MI
指数,718708,MSCI中国A股离岸汇率(美元),718708.MI,MI
指数,718709,MSCI中国A股大盘离岸汇率(美元),718709.MI,MI
指数,718710,MSCI中国A股中盘离岸汇率(美元),718710.MI,MI
指数,718711,MSCI中国A股(美元),718711.MI,MI
指数,718711L,MSCI中国A股人民币指数,718711L.MI,MI
指数,718711LG,MSCI中国A股全收益(人民币),718711LG.MI,MI
指数,718712,MSCI中国A股大盘(美元),718712.MI,MI
指数,718713,MSCI中国A股中盘(美元),718713.MI,MI
指数,718847,MSCI中国全股大盘,718847.MI,MI
指数,718848,MSCI中国全股中盘,718848.MI,MI
指数,718849,MSCI中国A股国际大盘,718849.MI,MI
指数,718850,MSCI中国A股国际中盘,718850.MI,MI
指数,718874,MSCI中国全股中小盘,718874.MI,MI
指数,718875,MSCI中国A股国际中小盘,718875.MI,MI
指数,718888,MSCI USA IMI LOW CARBON TARGET,718888.MI,MI
指数,719156,MSCI USA SMALL CAP LOW CARBON TARGET,719156.MI,MI
指数,719895,MSCI中国A股人民币消费指数,719895.MI,MI
指数,719895L,MSCI中国A股在岸/消费(人民币),719895L.MI,MI
指数,720496,MSCI中国A股低碳目标指数(美元),720496.MI,MI
指数,720915,MSCI中国A股在岸精选证券B,720915.MI,MI
指数,721606,MSCI中国A股低碳领袖指数(美元),721606.MI,MI
指数,721638,MSCI CHINA A RMB ESG UNIVERSAL,721638.MI,MI
指数,721638L,MSCI CHINA A RMB ESG UNIVERSAL(Local),721638L.MI,MI
指数,721812,MSCI中国A股国际通ESG通用(美元),721812.MI,MI
指数,721812L,MSCI中国A股国际通ESG通用(人民币),721812L.MI,MI
指数,727318,MSCI台湾20/35,727318.MI,MI
指数,727808,MSCI ACWI IMI Digital Economy,727808.MI,MI
指数,732722,MSCI中国A股气候变化(美元),732722.MI,MI
指数,733824,MSCI中国A股人民币气候变化指数(美元),733824.MI,MI
指数,735577,MSCI中国A50互联互通(美元),735577.MI,MI
指数,735577L,MSCI中国A50互联互通(离岸人民币),735577L.MI,MI
指数,735577LN,MSCI中国A50互联互通净收益(离岸人民币),735577LN.MI,MI
指数,735969,MSCI中国科技100,735969.MI,MI
指数,735971,MSCI中国A股在岸可投资市场科技,735971.MI,MI
指数,735973,MSCI中国全股票可投资市场科技,735973.MI,MI
指数,736023,MSCI中国A股国际科技100,736023.MI,MI
指数,736025,MSCI中国A股在岸科技100,736025.MI,MI
指数,746059,MSCI中国A50互联互通,746059.MI,MI
指数,746059G,MSCI中国A50互联互通全收益,746059G.MI,MI
指数,746059N,MSCI中国A50互联互通净收益,746059N.MI,MI
指数,750108,MSCI美国50指数,750108.MI,MI
指数,758918,MSCI亚太地区精选高股息,758918.MI,MI
指数,758918HKDN,MSCI亚太地区精选高股息净收益(港币),758918HKDN.MI,MI
指数,758918N,MSCI亚太地区精选高股息净收益,758918N.MI,MI
指数,760062,MSCI亚洲四小龙选股均值回归10%风险控制指数,760062.MI,MI
指数,761751,MSCI A股港股通红利低波精选指数,761751.MI,MI
指数,761751CNY,MSCI A股港股通红利低波精选人民币指数,761751CNY.MI,MI
指数,761751CNYG,MSCI A股港股通红利低波精选人民币全收益指数,761751CNYG.MI,MI
指数,777922,MSCI全球/消费信贷,777922.MI,MI
指数,777922L,MSCI全球/消费信贷(Local),777922L.MI,MI
指数,777923,MSCI新兴/消费信贷,777923.MI,MI
指数,777923L,MSCI新兴/消费信贷(Local),777923L.MI,MI
指数,777926,MSCI发达/消费信贷,777926.MI,MI
指数,777926L,MSCI发达/消费信贷(Local),777926L.MI,MI
指数,778045,MSCI全球/资本市场,778045.MI,MI
指数,778045L,MSCI全球/资本市场(Local),778045L.MI,MI
指数,778046,MSCI新兴/资本市场,778046.MI,MI
指数,778046L,MSCI新兴/资本市场(Local),778046L.MI,MI
指数,778047,MSCI欧盟/资本市场,778047.MI,MI
指数,778047L,MSCI欧盟/资本市场(Local),778047L.MI,MI
指数,778048,MSCI欧洲/资本市场,778048.MI,MI
指数,778048L,MSCI欧洲/资本市场(Local),778048L.MI,MI
指数,778049,MSCI发达/资本市场,778049.MI,MI
指数,778049L,MSCI发达/资本市场(Local),778049L.MI,MI
指数,778168,MSCI全球/互助储蓄与抵押信贷,778168.MI,MI
指数,778168L,MSCI全球/互助储蓄与抵押信贷(Local),778168L.MI,MI
指数,778169,MSCI新兴/互助储蓄与抵押信贷,778169.MI,MI
指数,778169L,MSCI新兴/互助储蓄与抵押信贷(Local),778169L.MI,MI
指数,778172,MSCI发达/互助储蓄与抵押信贷,778172.MI,MI
指数,778172L,MSCI发达/互助储蓄与抵押信贷(Local),778172L.MI,MI
指数,778291,MSCI全球/半导体产品与设备Ⅲ,778291.MI,MI
指数,778291L,MSCI全球/半导体产品与设备Ⅲ(Local),778291L.MI,MI
指数,778292,MSCI新兴/半导体产品与设备Ⅲ,778292.MI,MI
指数,778292L,MSCI新兴/半导体产品与设备Ⅲ(Local),778292L.MI,MI
指数,778293,MSCI欧盟/半导体产品与设备Ⅲ,778293.MI,MI
指数,778293L,MSCI欧盟/半导体产品与设备Ⅲ(Local),778293L.MI,MI
指数,778294,MSCI欧洲/半导体产品与设备Ⅲ,778294.MI,MI
指数,778294L,MSCI欧洲/半导体产品与设备Ⅲ(Local),778294L.MI,MI
指数,778295,MSCI发达/半导体产品与设备Ⅲ,778295.MI,MI
指数,778295L,MSCI发达/半导体产品与设备Ⅲ(Local),778295L.MI,MI
指数,778414,MSCI全球/半导体产品与设备Ⅱ,778414.MI,MI
指数,778414L,MSCI全球/半导体产品与设备Ⅱ(Local),778414L.MI,MI
指数,778415,MSCI新兴/半导体产品与设备Ⅱ,778415.MI,MI
指数,778415L,MSCI新兴/半导体产品与设备Ⅱ(Local),778415L.MI,MI
指数,778416,MSCI欧盟/半导体产品与设备Ⅱ,778416.MI,MI
指数,778416L,MSCI欧盟/半导体产品与设备Ⅱ(Local),778416L.MI,MI
指数,778417,MSCI欧洲/半导体产品与设备Ⅱ,778417.MI,MI
指数,778417L,MSCI欧洲/半导体产品与设备Ⅱ(Local),778417L.MI,MI
指数,778418,MSCI发达/半导体产品与设备Ⅱ,778418.MI,MI
指数,778418L,MSCI发达/半导体产品与设备Ⅱ(Local),778418L.MI,MI
指数,778463,MSCI中国/半导体产品与设备,778463.MI,MI
指数,801001,申万50,801001.SI,SI
指数,801002,申万中小,801002.SI,SI
指数,801003,申万A股,801003.SI,SI
指数,801005,申万创业,801005.SI,SI
指数,801007,申万宏源专精特新,801007.SI,SI
指数,801010,农林牧渔(申万),801010.SI,SI
指数,801012,农产品加工(申万),801012.SI,SI
指数,801014,饲料(申万),801014.SI,SI
指数,801015,渔业(申万),801015.SI,SI
指数,801016,种植业(申万),801016.SI,SI
指数,801017,养殖业(申万),801017.SI,SI
指数,801018,动物保健Ⅱ(申万),801018.SI,SI
指数,801019,农业综合Ⅱ(申万),801019.SI,SI
指数,801030,基础化工(申万),801030.SI,SI
指数,801032,化学纤维(申万),801032.SI,SI
指数,801033,化学原料(申万),801033.SI,SI
指数,801034,化学制品(申万),801034.SI,SI
指数,801036,塑料(申万),801036.SI,SI
指数,801037,橡胶(申万),801037.SI,SI
指数,801038,农化制品(申万),801038.SI,SI
指数,801039,非金属材料Ⅱ(申万),801039.SI,SI
指数,801040,钢铁(申万),801040.SI,SI
指数,801043,冶钢原料(申万),801043.SI,SI
指数,801044,普钢(申万),801044.SI,SI
指数,801045,特钢Ⅱ(申万),801045.SI,SI
指数,801050,有色金属(申万),801050.SI,SI
指数,801051,金属新材料(申万),801051.SI,SI
指数,801053,贵金属(申万),801053.SI,SI
指数,801054,小金属(申万),801054.SI,SI
指数,801055,工业金属(申万),801055.SI,SI
指数,801056,能源金属(申万),801056.SI,SI
指数,801072,通用设备(申万),801072.SI,SI
指数,801074,专用设备(申万),801074.SI,SI
指数,801076,轨交设备Ⅱ(申万),801076.SI,SI
指数,801077,工程机械(申万),801077.SI,SI
指数,801078,自动化设备(申万),801078.SI,SI
指数,801080,电子(申万),801080.SI,SI
指数,801081,半导体(申万),801081.SI,SI
指数,801082,其他电子Ⅱ(申万),801082.SI,SI
指数,801083,元件(申万),801083.SI,SI
指数,801084,光学光电子(申万),801084.SI,SI
指数,801085,消费电子(申万),801085.SI,SI
指数,801086,电子化学品Ⅱ(申万),801086.SI,SI
指数,801092,汽车服务(申万),801092.SI,SI
指数,801093,汽车零部件(申万),801093.SI,SI
指数,801095,乘用车(申万),801095.SI,SI
指数,801096,商用车(申万),801096.SI,SI
指数,801101,计算机设备(申万),801101.SI,SI
指数,801102,通信设备(申万),801102.SI,SI
指数,801103,IT服务Ⅱ(申万),801103.SI,SI
指数,801104,软件开发(申万),801104.SI,SI
指数,801110,家用电器(申万),801110.SI,SI
指数,801111,白色家电(申万),801111.SI,SI
指数,801112,黑色家电(申万),801112.SI,SI
指数,801113,小家电(申万),801113.SI,SI
指数,801114,厨卫电器(申万),801114.SI,SI
指数,801115,照明设备Ⅱ(申万),801115.SI,SI
指数,801116,家电零部件Ⅱ(申万),801116.SI,SI
指数,801117,其他家电Ⅱ(申万),801117.SI,SI
指数,801120,食品饮料(申万),801120.SI,SI
指数,801124,食品加工(申万),801124.SI,SI
指数,801125,白酒Ⅱ(申万),801125.SI,SI
指数,801126,非白酒(申万),801126.SI,SI
指数,801127,饮料乳品(申万),801127.SI,SI
指数,801128,休闲食品(申万),801128.SI,SI
指数,801129,调味发酵品Ⅱ(申万),801129.SI,SI
指数,801130,纺织服饰(申万),801130.SI,SI
指数,801131,纺织制造(申万),801131.SI,SI
指数,801132,服装家纺(申万),801132.SI,SI
指数,801133,饰品(申万),801133.SI,SI
指数,801140,轻工制造(申万),801140.SI,SI
指数,801141,包装印刷(申万),801141.SI,SI
指数,801142,家居用品(申万),801142.SI,SI
指数,801143,造纸(申万),801143.SI,SI
指数,801145,文娱用品(申万),801145.SI,SI
指数,801150,医药生物(申万),801150.SI,SI
指数,801151,化学制药(申万),801151.SI,SI
指数,801152,生物制品(申万),801152.SI,SI
指数,801153,医疗器械(申万),801153.SI,SI
指数,801154,医药商业(申万),801154.SI,SI
指数,801155,中药Ⅱ(申万),801155.SI,SI
指数,801156,医疗服务(申万),801156.SI,SI
指数,801160,公用事业(申万),801160.SI,SI
指数,801161,电力(申万),801161.SI,SI
指数,801163,燃气Ⅱ(申万),801163.SI,SI
指数,801170,交通运输(申万),801170.SI,SI
指数,801178,物流(申万),801178.SI,SI
指数,801179,铁路公路(申万),801179.SI,SI
指数,801180,房地产(申万),801180.SI,SI
指数,801181,房地产开发(申万),801181.SI,SI
指数,801183,房地产服务(申万),801183.SI,SI
指数,801191,多元金融(申万),801191.SI,SI
指数,801193,证券Ⅱ(申万),801193.SI,SI
指数,801194,保险Ⅱ(申万),801194.SI,SI
指数,801200,商贸零售(申万),801200.SI,SI
指数,801202,贸易Ⅱ(申万),801202.SI,SI
指数,801203,一般零售(申万),801203.SI,SI
指数,801204,专业连锁Ⅱ(申万),801204.SI,SI
指数,801206,互联网电商(申万),801206.SI,SI
指数,801207,旅游零售Ⅱ(申万),801207.SI,SI
指数,801210,社会服务(申万),801210.SI,SI
指数,801216,体育Ⅱ(申万),801216.SI,SI
指数,801217,本地生活服务Ⅱ(申万),801217.SI,SI
指数,801218,专业服务(申万),801218.SI,SI
指数,801219,酒店餐饮(申万),801219.SI,SI
指数,801223,通信服务(申万),801223.SI,SI
指数,801230,综合(申万),801230.SI,SI
指数,801231,综合Ⅱ(申万),801231.SI,SI
指数,801250,申万制造,801250.SI,SI
指数,801260,申万消费,801260.SI,SI
指数,801270,申万投资,801270.SI,SI
指数,801271,周期,801271.SI,SI
指数,801272,先进制造,801272.SI,SI
指数,801273,消费,801273.SI,SI
指数,801274,医药医疗,801274.SI,SI
指数,801275,科技(TMT),801275.SI,SI
指数,801276,金融地产,801276.SI,SI
指数,801280,申万服务,801280.SI,SI
指数,801300,申万300,801300.SI,SI
指数,801710,建筑材料(申万),801710.SI,SI
指数,801711,水泥(申万),801711.SI,SI
指数,801712,玻璃玻纤(申万),801712.SI,SI
指数,801713,装修建材(申万),801713.SI,SI
指数,801720,建筑装饰(申万),801720.SI,SI
指数,801721,房屋建设Ⅱ(申万),801721.SI,SI
指数,801722,装修装饰Ⅱ(申万),801722.SI,SI
指数,801723,基础建设(申万),801723.SI,SI
指数,801724,专业工程(申万),801724.SI,SI
指数,801726,工程咨询服务Ⅱ(申万),801726.SI,SI
指数,801730,电力设备(申万),801730.SI,SI
指数,801731,电机Ⅱ(申万),801731.SI,SI
指数,801733,其他电源设备Ⅱ(申万),801733.SI,SI
指数,801735,光伏设备(申万),801735.SI,SI
指数,801736,风电设备(申万),801736.SI,SI
指数,801737,电池(申万),801737.SI,SI
指数,801738,电网设备(申万),801738.SI,SI
指数,801740,国防军工(申万),801740.SI,SI
指数,801741,航天装备Ⅱ(申万),801741.SI,SI
指数,801742,航空装备Ⅱ(申万),801742.SI,SI
指数,801743,地面兵装Ⅱ(申万),801743.SI,SI
指数,801744,航海装备Ⅱ(申万),801744.SI,SI
指数,801745,军工电子Ⅱ(申万),801745.SI,SI
指数,801750,计算机(申万),801750.SI,SI
指数,801760,传媒(申万),801760.SI,SI
指数,801764,游戏Ⅱ(申万),801764.SI,SI
指数,801765,广告营销(申万),801765.SI,SI
指数,801766,影视院线(申万),801766.SI,SI
指数,801767,数字媒体(申万),801767.SI,SI
指数,801768,社交Ⅱ(申万),801768.SI,SI
指数,801769,出版(申万),801769.SI,SI
指数,801770,通信(申万),801770.SI,SI
指数,801780,银行(申万),801780.SI,SI
指数,801782,国有大型银行Ⅱ(申万),801782.SI,SI
指数,801783,股份制银行Ⅱ(申万),801783.SI,SI
指数,801784,城商行Ⅱ(申万),801784.SI,SI
指数,801785,农商行Ⅱ(申万),801785.SI,SI
指数,801786,其他银行Ⅱ(申万),801786.SI,SI
指数,801790,非银金融(申万),801790.SI,SI
指数,801811,大盘指数(申万),801811.SI,SI
指数,801812,中盘指数(申万),801812.SI,SI
指数,801813,小盘指数(申万),801813.SI,SI
指数,801821,高市盈率指数(申万),801821.SI,SI
指数,801822,中市盈率指数(申万),801822.SI,SI
指数,801823,低市盈率指数(申万),801823.SI,SI
指数,801831,高市净率指数(申万),801831.SI,SI
指数,801832,中市净率指数(申万),801832.SI,SI
指数,801833,低市净率指数(申万),801833.SI,SI
指数,801841,高价股指数(申万),801841.SI,SI
指数,801842,中价股指数(申万),801842.SI,SI
指数,801843,低价股指数(申万),801843.SI,SI
指数,801851,亏损股指数(申万),801851.SI,SI
指数,801852,微利股指数(申万),801852.SI,SI
指数,801853,绩优股指数(申万),801853.SI,SI
指数,801863,新股指数(申万),801863.SI,SI
指数,801880,汽车(申万),801880.SI,SI
指数,801881,摩托车及其他(申万),801881.SI,SI
指数,801890,机械设备(申万),801890.SI,SI
指数,801950,煤炭(申万),801950.SI,SI
指数,801951,煤炭开采(申万),801951.SI,SI
指数,801952,焦炭Ⅱ(申万),801952.SI,SI
指数,801960,石油石化(申万),801960.SI,SI
指数,801961,油气开采Ⅱ(申万),801961.SI,SI
指数,801962,油服工程(申万),801962.SI,SI
指数,801963,炼化及贸易(申万),801963.SI,SI
指数,801970,环保(申万),801970.SI,SI
指数,801971,环境治理(申万),801971.SI,SI
指数,801972,环保设备Ⅱ(申万),801972.SI,SI
指数,801980,美容护理(申万),801980.SI,SI
指数,801981,个护用品(申万),801981.SI,SI
指数,801982,化妆品(申万),801982.SI,SI
指数,801983,医疗美容(申万),801983.SI,SI
指数,801991,航空机场(申万),801991.SI,SI
指数,801992,航运港口(申万),801992.SI,SI
指数,801993,旅游及景区(申万),801993.SI,SI
指数,801994,教育(申万),801994.SI,SI
指数,801995,电视广播Ⅱ(申万),801995.SI,SI
指数,802601,申万宏源碳中和指数,802601.SI,SI
指数,802603,SWHY绿色金融,802603.SI,SI
指数,802604,SWHY养老金融,802604.SI,SI
指数,802605,SWHY数字金融,802605.SI,SI
指数,802606,SWHY反内卷,802606.SI,SI
指数,802607,SWHY一带一路,802607.SI,SI
指数,803614,SWHY红利增长,803614.SI,SI
指数,806001,申万三板做市,806001.SI,SI
指数,806010,申万新三板计算机,806010.SI,SI
指数,806020,申万新三板机械,806020.SI,SI
指数,806030,申万新三板化工,806030.SI,SI
指数,806040,申万新三板传媒,806040.SI,SI
指数,806050,申万新三板电气设备,806050.SI,SI
指数,806060,申万新三板电子,806060.SI,SI
指数,806070,申万新三板建筑装饰,806070.SI,SI
指数,806080,申万新三板医药生物,806080.SI,SI
指数,806090,申万新三板通信,806090.SI,SI
指数,806100,申万新三板农林牧渔,806100.SI,SI
指数,806110,申万新三板公用事业,806110.SI,SI
指数,806120,申万新三板休闲服务,806120.SI,SI
指数,806130,申万新三板有色金属,806130.SI,SI
指数,806140,申万新三板汽车,806140.SI,SI
指数,806150,申万新三板轻工制造,806150.SI,SI
指数,806160,申万新三板建筑材料,806160.SI,SI
指数,806170,申万新三板非银金融,806170.SI,SI
指数,806180,申万新三板食品饮料,806180.SI,SI
指数,806200,申万新三板交通运输,806200.SI,SI
指数,816000,标普中国A股300指数,816000.CI,CI
指数,816000G,标普中国A股300成长指数,816000G.CI,CI
指数,816000GTR,标普中国A股300成长总收益指数,816000GTR.CI,CI
指数,816000PG,标普中国A股300纯成长指数,816000PG.CI,CI
指数,816000PGTR,标普中国A股300纯成长总收益指数,816000PGTR.CI,CI
指数,816000PV,标普中国A股300纯价值指数,816000PV.CI,CI
指数,816000PVTR,标普中国A股300纯价值总收益指数,816000PVTR.CI,CI
指数,816000TR,标普中国A股300总收益指数,816000TR.CI,CI
指数,816000V,标普中国A股300价值指数,816000V.CI,CI
指数,816000VTR,标普中国A股300价值总收益指数,816000VTR.CI,CI
指数,816050,标普中国A股50指数,816050.CI,CI
指数,816050TR,标普中国A股50总收益指数,816050TR.CI,CI
指数,818100,标普中国A股100指数,818100.CI,CI
指数,818100TR,标普中国A股100总收益指数,818100TR.CI,CI
指数,830001,富时中国A200,830001.XI,XI
指数,830002,富时中国A全指,830002.XI,XI
指数,830003,富时中国A600,830003.XI,XI
指数,830004,富时中国A400,830004.XI,XI
指数,830005,富时中国A小盘股,830005.XI,XI
指数,830008,富时中国50,830008.XI,XI
指数,830009,富时中国A50,830009.XI,XI
指数,830068,富时投资(退市),830068.XI,XI
指数,830070,富时中国A200复合,830070.XI,XI
指数,830201,富时周期,830201.XI,XI
指数,830202,富时稳定,830202.XI,XI
指数,830203,富时成长,830203.XI,XI
指数,830211,富时200成长,830211.XI,XI
指数,830212,富时200价值,830212.XI,XI
指数,830213,富时600成长,830213.XI,XI
指数,830214,富时600价值,830214.XI,XI
指数,830221,富时红利150,830221.XI,XI
指数,830222,富时保险投资,830222.XI,XI
指数,830223,富时中国A股蓝筹价值100,830223.XI,XI
指数,830302,富时HKxH,830302.XI,XI
指数,8310000000,标普中国A股300能源指数,8310000000.CI,CI
指数,8310100000,标普中国A股300能源Ⅱ指数,8310100000.CI,CI
指数,8315000000,标普中国A股300原材料指数,8315000000.CI,CI
指数,8315100000,标普中国A股300原材料Ⅱ指数,8315100000.CI,CI
指数,8320000000,标普中国A股300工业品指数,8320000000.CI,CI
指数,8320100000,标普中国A股300资本品指数,8320100000.CI,CI
指数,8320200000,标普中国A股300商业服务指数,8320200000.CI,CI
指数,8320300000,标普中国A股300运输业指数,8320300000.CI,CI
指数,8325000000,标普中国A股300耐用消费指数,8325000000.CI,CI
指数,8325100000,标普中国A股300汽车汽配指数,8325100000.CI,CI
指数,8325200000,标普中国A股300耐用品指数,8325200000.CI,CI
指数,8325300000,标普中国A股300餐饮休闲指数,8325300000.CI,CI
指数,8325400000,标普中国A股300媒体指数,8325400000.CI,CI
指数,8325500000,标普中国A股300零售业指数,8325500000.CI,CI
指数,8330000000,标普中国A股300经常消费指数,8330000000.CI,CI
指数,8330200000,标普中国A股300食品饮料指数,8330200000.CI,CI
指数,8335000000,标普中国A股300健康护理指数,8335000000.CI,CI
指数,8335100000,标普中国A股300健康设备指数,8335100000.CI,CI
指数,8335200000,标普中国A股300制药生物技术和科学,8335200000.CI,CI
指数,8340000000,标普中国A股300金融业指数,8340000000.CI,CI
指数,834001,富时石气,834001.XI,XI
指数,8340200000,标普中国A股300多样金融指数,8340200000.CI,CI
指数,834053,富时产油,834053.XI,XI
指数,834100,富时基材,834100.XI,XI
指数,834135,富时化工,834135.XI,XI
指数,834173,富时林业,834173.XI,XI
指数,834175,富时钢材,834175.XI,XI
指数,834177,富时采矿,834177.XI,XI
指数,834200,富时工业,834200.XI,XI
指数,834235,富时建材,834235.XI,XI
指数,834271,富时航空,834271.XI,XI
指数,834272,富时轻工,834272.XI,XI
指数,834273,富时电子,834273.XI,XI
指数,834275,富时工程,834275.XI,XI
指数,834277,富时运输,834277.XI,XI
指数,834279,富时服务,834279.XI,XI
指数,834300,富时消品,834300.XI,XI
指数,834335,富时汽车,834335.XI,XI
指数,834353,富时饮料,834353.XI,XI
指数,834357,富时食品,834357.XI,XI
指数,834372,富时家用,834372.XI,XI
指数,834374,富时休闲,834374.XI,XI
指数,834376,富时个人,834376.XI,XI
指数,834378,富时烟草,834378.XI,XI
指数,834400,富时卫生,834400.XI,XI
指数,834454,富时中国A600医疗保健服务提供商指数,834454.XI,XI
指数,834455,富时中国A600医疗保健设备和服务指数,834455.XI,XI
指数,834457,富时制药,834457.XI,XI
指数,834500,富时消服,834500.XI,XI
指数,8345000000,标普中国A股300信息技术指数,8345000000.CI,CI
指数,8345100000,标普中国A股300软件服务指数,8345100000.CI,CI
指数,8345200000,标普中国A股300技术硬件指数,8345200000.CI,CI
指数,834533,富时药物,834533.XI,XI
指数,834538,富时中国A600消费者服务指数,834538.XI,XI
指数,834539,富时中国A600零售业指数,834539.XI,XI
指数,834555,富时媒体,834555.XI,XI
指数,834575,富时旅游,834575.XI,XI
指数,834600,富时电信,834600.XI,XI
指数,834655,富时中国A600电信服务提供商IV指数,834655.XI,XI
指数,834657,富时移动,834657.XI,XI
指数,834700,富时公用,834700.XI,XI
指数,834753,富时电力,834753.XI,XI
指数,834757,富时中国A600天然气水和多用途设施,834757.XI,XI
指数,834800,富时金融,834800.XI,XI
指数,834835,富时银行,834835.XI,XI
指数,834853,富时中国A600非人寿保险,834853.XI,XI
指数,834857,富时寿险,834857.XI,XI
指数,834873,富时房产,834873.XI,XI
指数,834878,富时中国A600金融和信贷指数,834878.XI,XI
指数,834879,富时中国A600投资银行业和经纪业指数,834879.XI,XI
指数,834898,富时产投,834898.XI,XI
指数,834899,非产投资,834899.XI,XI
指数,834900,富时科技,834900.XI,XI
指数,834953,富时软件,834953.XI,XI
指数,834957,富时硬件,834957.XI,XI
指数,8350000000,标普中国A股300电信服务指数,8350000000.CI,CI
指数,8350100000,标普中国A股300电信服务Ⅱ指数,8350100000.CI,CI
指数,8355000000,标普中国A股300公用事业指数,8355000000.CI,CI
指数,8355100000,标普中国A股300公用事业Ⅱ指数,8355100000.CI,CI
指数,8360000000,标普中国A股300房地产指数,8360000000.CI,CI
指数,848400,MSCI墨西哥,848400.MI,MI
指数,850111,种子(申万),850111.SI,SI
指数,850113,其他种植业(申万),850113.SI,SI
指数,850114,食用菌(申万),850114.SI,SI
指数,850122,水产养殖(申万),850122.SI,SI
指数,850135,食品及饲料添加剂(申万),850135.SI,SI
指数,850136,有机硅(申万),850136.SI,SI
指数,850137,胶黏剂及胶带(申万),850137.SI,SI
指数,850142,畜禽饲料(申万),850142.SI,SI
指数,850143,水产饲料(申万),850143.SI,SI
指数,850144,宠物食品(申万),850144.SI,SI
指数,850151,果蔬加工(申万),850151.SI,SI
指数,850152,粮油加工(申万),850152.SI,SI
指数,850154,其他农产品加工(申万),850154.SI,SI
指数,850172,生猪养殖(申万),850172.SI,SI
指数,850173,肉鸡养殖(申万),850173.SI,SI
指数,850174,其他养殖(申万),850174.SI,SI
指数,850181,动物保健Ⅲ(申万),850181.SI,SI
指数,850191,农业综合Ⅲ(申万),850191.SI,SI
指数,850232,汽车经销商(申万),850232.SI,SI
指数,850233,汽车综合服务(申万),850233.SI,SI
指数,850322,氯碱(申万),850322.SI,SI
指数,850323,无机盐(申万),850323.SI,SI
指数,850324,其他化学原料(申万),850324.SI,SI
指数,850325,煤化工(申万),850325.SI,SI
指数,850326,钛白粉(申万),850326.SI,SI
指数,850331,氮肥(申万),850331.SI,SI
指数,850332,磷肥及磷化工(申万),850332.SI,SI
指数,850333,农药(申万),850333.SI,SI
指数,850335,涂料油墨(申万),850335.SI,SI
指数,850337,民爆制品(申万),850337.SI,SI
指数,850338,纺织化学制品(申万),850338.SI,SI
指数,850339,其他化学制品(申万),850339.SI,SI
指数,850341,涤纶(申万),850341.SI,SI
指数,850343,粘胶(申万),850343.SI,SI
指数,850346,锦纶(申万),850346.SI,SI
指数,850351,其他塑料制品(申万),850351.SI,SI
指数,850353,改性塑料(申万),850353.SI,SI
指数,850354,合成树脂(申万),850354.SI,SI
指数,850355,膜材料(申万),850355.SI,SI
指数,850362,其他橡胶制品(申万),850362.SI,SI
指数,850363,炭黑(申万),850363.SI,SI
指数,850364,橡胶助剂(申万),850364.SI,SI
指数,850372,聚氨酯(申万),850372.SI,SI
指数,850381,复合肥(申万),850381.SI,SI
指数,850382,氟化工(申万),850382.SI,SI
指数,850412,特钢Ⅲ(申万),850412.SI,SI
指数,850431,铁矿石(申万),850431.SI,SI
指数,850432,冶钢辅料(申万),850432.SI,SI
指数,850441,长材(申万),850441.SI,SI
指数,850442,板材(申万),850442.SI,SI
指数,850443,钢铁管材(申万),850443.SI,SI
指数,850521,其他金属新材料(申万),850521.SI,SI
指数,850522,磁性材料(申万),850522.SI,SI
指数,850523,非金属材料Ⅲ(申万),850523.SI,SI
指数,850531,黄金(申万),850531.SI,SI
指数,850532,白银(申万),850532.SI,SI
指数,850544,其他小金属(申万),850544.SI,SI
指数,850545,钼(申万),850545.SI,SI
指数,850551,铝(申万),850551.SI,SI
指数,850552,铜(申万),850552.SI,SI
指数,850553,铅锌(申万),850553.SI,SI
指数,850561,钴(申万),850561.SI,SI
指数,850562,镍(申万),850562.SI,SI
指数,850614,其他建材(申万),850614.SI,SI
指数,850615,耐火材料(申万),850615.SI,SI
指数,850616,管材(申万),850616.SI,SI
指数,850617,防水材料(申万),850617.SI,SI
指数,850618,涂料(申万),850618.SI,SI
指数,850623,房屋建设Ⅲ(申万),850623.SI,SI
指数,850702,安防设备(申万),850702.SI,SI
指数,850703,其他计算机设备(申万),850703.SI,SI
指数,850711,机床工具(申万),850711.SI,SI
指数,850713,磨具磨料(申万),850713.SI,SI
指数,850715,制冷空调设备(申万),850715.SI,SI
指数,850716,其他通用设备(申万),850716.SI,SI
指数,850721,纺织服装设备(申万),850721.SI,SI
指数,850725,能源及重型设备(申万),850725.SI,SI
指数,850726,印刷包装机械(申万),850726.SI,SI
指数,850727,其他专用设备(申万),850727.SI,SI
指数,850728,楼宇设备(申万),850728.SI,SI
指数,850731,仪器仪表(申万),850731.SI,SI
指数,850741,电机Ⅲ(申万),850741.SI,SI
指数,850751,金属制品(申万),850751.SI,SI
指数,850771,工程机械整机(申万),850771.SI,SI
指数,850772,工程机械器件(申万),850772.SI,SI
指数,850781,机器人(申万),850781.SI,SI
指数,850782,工控设备(申万),850782.SI,SI
指数,850783,激光设备(申万),850783.SI,SI
指数,850784,其他自动化设备(申万),850784.SI,SI
指数,850812,分立器件(申万),850812.SI,SI
指数,850813,半导体材料(申万),850813.SI,SI
指数,850814,数字芯片设计(申万),850814.SI,SI
指数,850815,模拟芯片设计(申万),850815.SI,SI
指数,850816,集成电路制造(申万),850816.SI,SI
指数,850817,集成电路封测(申万),850817.SI,SI
指数,850818,半导体设备(申万),850818.SI,SI
指数,850822,印制电路板(申万),850822.SI,SI
指数,850823,被动元件(申万),850823.SI,SI
指数,850831,面板(申万),850831.SI,SI
指数,850832,LED(申万),850832.SI,SI
指数,850833,光学元件(申万),850833.SI,SI
指数,850841,其他电子Ⅲ(申万),850841.SI,SI
指数,850853,品牌消费电子(申万),850853.SI,SI
指数,850854,消费电子零部件及组装(申万),850854.SI,SI
指数,850861,电子化学品Ⅲ(申万),850861.SI,SI
指数,850912,商用载货车(申万),850912.SI,SI
指数,850913,商用载客车(申万),850913.SI,SI
指数,850922,车身附件及饰件(申万),850922.SI,SI
指数,850923,底盘与发动机系统(申万),850923.SI,SI
指数,850924,轮胎轮毂(申万),850924.SI,SI
指数,850925,其他汽车零部件(申万),850925.SI,SI
指数,850926,汽车电子电气系统(申万),850926.SI,SI
指数,850935,航海装备Ⅲ(申万),850935.SI,SI
指数,850936,轨交设备Ⅲ(申万),850936.SI,SI
指数,850951,电动乘用车(申万),850951.SI,SI
指数,850952,综合乘用车(申万),850952.SI,SI
指数,851024,通信网络设备及器件(申万),851024.SI,SI
指数,851025,通信线缆及配套(申万),851025.SI,SI
指数,851026,通信终端及配件(申万),851026.SI,SI
指数,851027,其他通信设备(申万),851027.SI,SI
指数,851041,垂直应用软件(申万),851041.SI,SI
指数,851042,横向通用软件(申万),851042.SI,SI
指数,851112,空调(申万),851112.SI,SI
指数,851116,冰洗(申万),851116.SI,SI
指数,851122,其他黑色家电(申万),851122.SI,SI
指数,851131,厨房小家电(申万),851131.SI,SI
指数,851132,清洁小家电(申万),851132.SI,SI
指数,851133,个护小家电(申万),851133.SI,SI
指数,851141,厨房电器(申万),851141.SI,SI
指数,851142,卫浴电器(申万),851142.SI,SI
指数,851151,照明设备Ⅲ(申万),851151.SI,SI
指数,851161,家电零部件Ⅲ(申万),851161.SI,SI
指数,851171,其他家电Ⅲ(申万),851171.SI,SI
指数,851232,啤酒(申万),851232.SI,SI
指数,851233,其他酒类(申万),851233.SI,SI
指数,851241,肉制品(申万),851241.SI,SI
指数,851242,调味发酵品Ⅲ(申万),851242.SI,SI
指数,851243,乳品(申万),851243.SI,SI
指数,851246,预加工食品(申万),851246.SI,SI
指数,851247,保健品(申万),851247.SI,SI
指数,851251,白酒Ⅲ(申万),851251.SI,SI
指数,851271,软饮料(申万),851271.SI,SI
指数,851281,零食(申万),851281.SI,SI
指数,851282,烘焙食品(申万),851282.SI,SI
指数,851283,熟食(申万),851283.SI,SI
指数,851312,棉纺(申万),851312.SI,SI
指数,851314,印染(申万),851314.SI,SI
指数,851315,辅料(申万),851315.SI,SI
指数,851316,其他纺织(申万),851316.SI,SI
指数,851317,纺织鞋类制造(申万),851317.SI,SI
指数,851325,鞋帽及其他(申万),851325.SI,SI
指数,851326,家纺(申万),851326.SI,SI
指数,851328,运动服装(申万),851328.SI,SI
指数,851329,非运动服装(申万),851329.SI,SI
指数,851331,钟表珠宝(申万),851331.SI,SI
指数,851332,多品类奢侈品(申万),851332.SI,SI
指数,851333,其他饰品(申万),851333.SI,SI
指数,851412,大宗用纸(申万),851412.SI,SI
指数,851413,特种纸(申万),851413.SI,SI
指数,851422,印刷(申万),851422.SI,SI
指数,851423,金属包装(申万),851423.SI,SI
指数,851424,塑料包装(申万),851424.SI,SI
指数,851425,纸包装(申万),851425.SI,SI
指数,851426,综合包装(申万),851426.SI,SI
指数,851436,瓷砖地板(申万),851436.SI,SI
指数,851437,成品家居(申万),851437.SI,SI
指数,851438,定制家居(申万),851438.SI,SI
指数,851439,卫浴制品(申万),851439.SI,SI
指数,851451,文化用品(申万),851451.SI,SI
指数,851452,娱乐用品(申万),851452.SI,SI
指数,851491,其他家居用品(申万),851491.SI,SI
指数,851511,原料药(申万),851511.SI,SI
指数,851512,化学制剂(申万),851512.SI,SI
指数,851521,中药Ⅲ(申万),851521.SI,SI
指数,851522,血液制品(申万),851522.SI,SI
指数,851523,疫苗(申万),851523.SI,SI
指数,851524,其他生物制品(申万),851524.SI,SI
指数,851532,医疗设备(申万),851532.SI,SI
指数,851533,医疗耗材(申万),851533.SI,SI
指数,851534,体外诊断(申万),851534.SI,SI
指数,851542,医药流通(申万),851542.SI,SI
指数,851543,线下药店(申万),851543.SI,SI
指数,851544,互联网药店(申万),851544.SI,SI
指数,851562,诊断服务(申万),851562.SI,SI
指数,851563,医疗研发外包(申万),851563.SI,SI
指数,851564,医院(申万),851564.SI,SI
指数,851565,其他医疗服务(申万),851565.SI,SI
指数,851610,电能综合服务(申万),851610.SI,SI
指数,851611,火力发电(申万),851611.SI,SI
指数,851612,水力发电(申万),851612.SI,SI
指数,851614,热力服务(申万),851614.SI,SI
指数,851616,光伏发电(申万),851616.SI,SI
指数,851617,风力发电(申万),851617.SI,SI
指数,851618,核力发电(申万),851618.SI,SI
指数,851619,其他能源发电(申万),851619.SI,SI
指数,851631,燃气Ⅲ(申万),851631.SI,SI
指数,851711,港口(申万),851711.SI,SI
指数,851721,公交(申万),851721.SI,SI
指数,851731,高速公路(申万),851731.SI,SI
指数,851741,航空运输(申万),851741.SI,SI
指数,851761,航运(申万),851761.SI,SI
指数,851771,铁路运输(申万),851771.SI,SI
指数,851782,原材料供应链服务(申万),851782.SI,SI
指数,851783,中间产品及消费品供应链服务(申万),851783.SI,SI
指数,851784,快递(申万),851784.SI,SI
指数,851785,跨境物流(申万),851785.SI,SI
指数,851786,仓储物流(申万),851786.SI,SI
指数,851787,公路货运(申万),851787.SI,SI
指数,851811,住宅开发(申万),851811.SI,SI
指数,851812,商业地产(申万),851812.SI,SI
指数,851813,产业地产(申万),851813.SI,SI
指数,851831,物业管理(申万),851831.SI,SI
指数,851832,房产租赁经纪(申万),851832.SI,SI
指数,851833,房地产综合服务(申万),851833.SI,SI
指数,851922,金融控股(申万),851922.SI,SI
指数,851923,期货(申万),851923.SI,SI
指数,851924,信托(申万),851924.SI,SI
指数,851925,租赁(申万),851925.SI,SI
指数,851926,金融信息服务(申万),851926.SI,SI
指数,851927,资产管理(申万),851927.SI,SI
指数,851928,其他多元金融(申万),851928.SI,SI
指数,851931,证券Ⅲ(申万),851931.SI,SI
指数,851941,保险Ⅲ(申万),851941.SI,SI
指数,852021,贸易Ⅲ(申万),852021.SI,SI
指数,852031,百货(申万),852031.SI,SI
指数,852032,超市(申万),852032.SI,SI
指数,852033,多业态零售(申万),852033.SI,SI
指数,852034,商业物业经营(申万),852034.SI,SI
指数,852041,专业连锁Ⅲ(申万),852041.SI,SI
指数,852061,综合电商(申万),852061.SI,SI
指数,852062,跨境电商(申万),852062.SI,SI
指数,852063,电商服务(申万),852063.SI,SI
指数,852071,旅游零售Ⅲ(申万),852071.SI,SI
指数,852111,人工景区(申万),852111.SI,SI
指数,852112,自然景区(申万),852112.SI,SI
指数,852121,酒店(申万),852121.SI,SI
指数,852131,旅游综合(申万),852131.SI,SI
指数,852161,体育Ⅲ(申万),852161.SI,SI
指数,852171,本地生活服务Ⅲ(申万),852171.SI,SI
指数,852181,人力资源服务(申万),852181.SI,SI
指数,852182,检测服务(申万),852182.SI,SI
指数,852183,会展服务(申万),852183.SI,SI
指数,852184,其他专业服务(申万),852184.SI,SI
指数,852212,电信运营商(申万),852212.SI,SI
指数,852213,通信工程及服务(申万),852213.SI,SI
指数,852214,通信应用增值服务(申万),852214.SI,SI
指数,852226,IT服务Ⅲ(申万),852226.SI,SI
指数,852311,综合Ⅲ(申万),852311.SI,SI
指数,857111,水泥制造(申万),857111.SI,SI
指数,857112,水泥制品(申万),857112.SI,SI
指数,857121,玻璃制造(申万),857121.SI,SI
指数,857122,玻纤制造(申万),857122.SI,SI
指数,857221,装修装饰Ⅲ(申万),857221.SI,SI
指数,857236,基建市政工程(申万),857236.SI,SI
指数,857241,钢结构(申万),857241.SI,SI
指数,857242,化学工程(申万),857242.SI,SI
指数,857243,国际工程(申万),857243.SI,SI
指数,857244,其他专业工程(申万),857244.SI,SI
指数,857251,园林工程(申万),857251.SI,SI
指数,857261,工程咨询服务Ⅲ(申万),857261.SI,SI
指数,857321,电网自动化设备(申万),857321.SI,SI
指数,857323,电工仪器仪表(申万),857323.SI,SI
指数,857334,火电设备(申万),857334.SI,SI
指数,857336,其他电源设备Ⅲ(申万),857336.SI,SI
指数,857344,线缆部件及其他(申万),857344.SI,SI
指数,857351,硅料硅片(申万),857351.SI,SI
指数,857352,光伏电池组件(申万),857352.SI,SI
指数,857353,逆变器(申万),857353.SI,SI
指数,857354,光伏辅材(申万),857354.SI,SI
指数,857355,光伏加工设备(申万),857355.SI,SI
指数,857361,风电整机(申万),857361.SI,SI
指数,857362,风电零部件(申万),857362.SI,SI
指数,857371,锂电池(申万),857371.SI,SI
指数,857372,电池化学品(申万),857372.SI,SI
指数,857373,锂电专用设备(申万),857373.SI,SI
指数,857374,燃料电池(申万),857374.SI,SI
指数,857375,蓄电池及其他电池(申万),857375.SI,SI
指数,857381,输变电设备(申万),857381.SI,SI
指数,857382,配电设备(申万),857382.SI,SI
指数,857411,航天装备Ⅲ(申万),857411.SI,SI
指数,857421,航空装备Ⅲ(申万),857421.SI,SI
指数,857431,地面兵装Ⅲ(申万),857431.SI,SI
指数,857451,军工电子Ⅲ(申万),857451.SI,SI
指数,857641,游戏Ⅲ(申万),857641.SI,SI
指数,857651,营销代理(申万),857651.SI,SI
指数,857652,广告媒体(申万),857652.SI,SI
指数,857661,影视动漫制作(申万),857661.SI,SI
指数,857662,院线(申万),857662.SI,SI
指数,857671,视频媒体(申万),857671.SI,SI
指数,857672,音频媒体(申万),857672.SI,SI
指数,857673,图片媒体(申万),857673.SI,SI
指数,857674,门户网站(申万),857674.SI,SI
指数,857675,文字媒体(申万),857675.SI,SI
指数,857676,其他数字媒体(申万),857676.SI,SI
指数,857681,社交Ⅲ(申万),857681.SI,SI
指数,857691,教育出版(申万),857691.SI,SI
指数,857692,大众出版(申万),857692.SI,SI
指数,857693,其他出版(申万),857693.SI,SI
指数,857821,国有大型银行Ⅲ(申万),857821.SI,SI
指数,857831,股份制银行Ⅲ(申万),857831.SI,SI
指数,857841,城商行Ⅲ(申万),857841.SI,SI
指数,857851,农商行Ⅲ(申万),857851.SI,SI
指数,857861,其他银行Ⅲ(申万),857861.SI,SI
指数,858811,其他运输设备(申万),858811.SI,SI
指数,858812,摩托车(申万),858812.SI,SI
指数,859511,动力煤(申万),859511.SI,SI
指数,859512,焦煤(申万),859512.SI,SI
指数,859521,焦炭Ⅲ(申万),859521.SI,SI
指数,859611,油气开采Ⅲ(申万),859611.SI,SI
指数,859621,油田服务(申万),859621.SI,SI
指数,859622,油气及炼化工程(申万),859622.SI,SI
指数,859631,炼油化工(申万),859631.SI,SI
指数,859632,油品石化贸易(申万),859632.SI,SI
指数,859633,其他石化(申万),859633.SI,SI
指数,859711,大气治理(申万),859711.SI,SI
指数,859712,水务及水治理(申万),859712.SI,SI
指数,859713,固废治理(申万),859713.SI,SI
指数,859714,综合环境治理(申万),859714.SI,SI
指数,859721,环保设备Ⅲ(申万),859721.SI,SI
指数,859811,生活用纸(申万),859811.SI,SI
指数,859812,洗护用品(申万),859812.SI,SI
指数,859821,化妆品制造及其他(申万),859821.SI,SI
指数,859822,品牌化妆品(申万),859822.SI,SI
指数,859831,医美耗材(申万),859831.SI,SI
指数,859832,医美服务(申万),859832.SI,SI
指数,859851,学历教育(申万),859851.SI,SI
指数,859852,培训教育(申万),859852.SI,SI
指数,859853,教育运营及其他(申万),859853.SI,SI
指数,859931,博彩(申万),859931.SI,SI
指数,859951,电视广播Ⅲ(申万),859951.SI,SI
指数,860001,长江全A,860001.CJ,CJ
指数,860800,MSCI菲律宾,860800.MI,MI
指数,861001,超大盘指数(长江),861001.CJ,CJ
指数,861002,大盘指数(长江),861002.CJ,CJ
指数,861003,中盘指数(长江),861003.CJ,CJ
指数,861004,小盘指数(长江),861004.CJ,CJ
指数,861005,超小盘指数(长江),861005.CJ,CJ
指数,861012,行业中性大盘(长江),861012.CJ,CJ
指数,861013,行业中性中盘(长江),861013.CJ,CJ
指数,861014,行业中性小盘(长江),861014.CJ,CJ
指数,861101,低估值指数(长江),861101.CJ,CJ
指数,861102,高估值指数(长江),861102.CJ,CJ
指数,861111,行业中性低估值(长江),861111.CJ,CJ
指数,861121,大盘低估值(长江),861121.CJ,CJ
指数,861122,大盘高估值(长江),861122.CJ,CJ
指数,861131,中盘低估值(长江),861131.CJ,CJ
指数,861132,中盘高估值(长江),861132.CJ,CJ
指数,861141,小盘低估值(长江),861141.CJ,CJ
指数,861142,小盘高估值(长江),861142.CJ,CJ
指数,861201,成长指数(长江),861201.CJ,CJ
指数,861202,低估值成长指数(长江),861202.CJ,CJ
指数,861203,盈利质量成长(长江),861203.CJ,CJ
指数,861204,双创成长(长江),861204.CJ,CJ
指数,861205,双创成长动量(长江),861205.CJ,CJ
指数,861206,双创成长反转(长江),861206.CJ,CJ
指数,861207,沪深300成长（长江）,861207.CJ,CJ
指数,861208,沪深300成长动量（长江）,861208.CJ,CJ
指数,861209,沪深300成长反转（长江）,861209.CJ,CJ
指数,861211,行业中性成长(长江),861211.CJ,CJ
指数,861221,大盘成长指数(长江),861221.CJ,CJ
指数,861231,中盘成长指数(长江),861231.CJ,CJ
指数,861241,小盘成长指数(长江),861241.CJ,CJ
指数,861301,高盈利质量指数(长江),861301.CJ,CJ
指数,861302,PB-ROE指数(长江),861302.CJ,CJ
指数,861303,价值稳健(长江),861303.CJ,CJ
指数,861304,价值潜力(长江),861304.CJ,CJ
指数,861305,盈利质量景气(长江),861305.CJ,CJ
指数,861306,价值景气(长江),861306.CJ,CJ
指数,861307,现金流质量50指数(长江),861307.CJ,CJ
指数,861308,现金流价值除金融(长江),861308.CJ,CJ
指数,861309,现金流价值(长江),861309.CJ,CJ
指数,861310,现金流成长(长江),861310.CJ,CJ
指数,861311,行业中性高盈利质量(长江),861311.CJ,CJ
指数,861312,行业中性PB-ROE(长江),861312.CJ,CJ
指数,861321,大盘高盈利质量(长江),861321.CJ,CJ
指数,861331,中盘高盈利质量(长江),861331.CJ,CJ
指数,861341,小盘高盈利质量(长江),861341.CJ,CJ
指数,861401,红利指数(长江),861401.CJ,CJ
指数,861402,潜在分红(长江),861402.CJ,CJ
指数,861403,能源红利（长江）,861403.CJ,CJ
指数,861404,原材料红利（长江）,861404.CJ,CJ
指数,861405,工业红利（长江）,861405.CJ,CJ
指数,861406,可选消费红利（长江）,861406.CJ,CJ
指数,861407,必选消费红利（长江）,861407.CJ,CJ
指数,861408,医疗红利（长江）,861408.CJ,CJ
指数,861409,金融红利（长江）,861409.CJ,CJ
指数,861410,信息技术与硬件红利（长江）,861410.CJ,CJ
指数,861411,行业中性红利(长江),861411.CJ,CJ
指数,861412,通讯业务红利（长江）,861412.CJ,CJ
指数,861413,公用事业及服务红利（长江）,861413.CJ,CJ
指数,861414,房地产及服务红利（长江）,861414.CJ,CJ
指数,861415,国企红利质量(长江),861415.CJ,CJ
指数,861416,红利低波(长江),861416.CJ,CJ
指数,861417,红利质量(长江),861417.CJ,CJ
指数,861421,大盘红利(长江),861421.CJ,CJ
指数,861501,低波指数（长江）,861501.CJ,CJ
指数,861502,高波指数（长江）,861502.CJ,CJ
指数,861511,行业中性低波（长江）,861511.CJ,CJ
指数,861512,行业中性高波（长江）,861512.CJ,CJ
指数,861521,大盘低波（长江）,861521.CJ,CJ
指数,861522,大盘高波（长江）,861522.CJ,CJ
指数,861531,中盘低波（长江）,861531.CJ,CJ
指数,861532,中盘高波（长江）,861532.CJ,CJ
指数,861541,小盘低波（长江）,861541.CJ,CJ
指数,861542,小盘高波（长江）,861542.CJ,CJ
指数,861601,动量指数（长江）,861601.CJ,CJ
指数,861611,行业中性动量（长江）,861611.CJ,CJ
指数,861621,大盘动量（长江）,861621.CJ,CJ
指数,861631,中盘动量（长江）,861631.CJ,CJ
指数,861641,小盘动量（长江）,861641.CJ,CJ
指数,861701,反转指数(长江),861701.CJ,CJ
指数,861711,行业中性反转(长江),861711.CJ,CJ
指数,861721,大盘反转(长江),861721.CJ,CJ
指数,861731,中盘反转(长江),861731.CJ,CJ
指数,861741,小盘反转(长江),861741.CJ,CJ
指数,861801,低贝塔指数(长江),861801.CJ,CJ
指数,861802,高贝塔指数(长江),861802.CJ,CJ
指数,861821,大盘低贝塔(长江),861821.CJ,CJ
指数,861822,大盘高贝塔(长江),861822.CJ,CJ
指数,861831,中盘低贝塔(长江),861831.CJ,CJ
指数,861832,中盘高贝塔(长江),861832.CJ,CJ
指数,861841,小盘低贝塔(长江),861841.CJ,CJ
指数,861842,小盘高贝塔(长江),861842.CJ,CJ
指数,862001,长江能源龙头,862001.CJ,CJ
指数,862002,长江原材料龙头,862002.CJ,CJ
指数,862003,长江工业龙头,862003.CJ,CJ
指数,862004,长江可选消费龙头,862004.CJ,CJ
指数,862005,长江必选消费龙头,862005.CJ,CJ
指数,862006,长江医疗龙头,862006.CJ,CJ
指数,862007,长江金融龙头,862007.CJ,CJ
指数,862008,长江信息技术与硬件龙头,862008.CJ,CJ
指数,862009,长江通讯业务龙头,862009.CJ,CJ
指数,862010,长江公用事业及服务龙头,862010.CJ,CJ
指数,862011,长江房地产及服务龙头,862011.CJ,CJ
指数,862100,医美（长江）,862100.CJ,CJ
指数,862200,数字货币（长江）,862200.CJ,CJ
指数,862201,东数西算（长江）,862201.CJ,CJ
指数,862300,专精特新（长江）,862300.CJ,CJ
指数,862301,专精特新精选（长江）,862301.CJ,CJ
指数,862302,新型烟草（长江）,862302.CJ,CJ
指数,862303,单项冠军(长江),862303.CJ,CJ
指数,862304,单项冠军精选(长江),862304.CJ,CJ
指数,862305,能效之星(长江),862305.CJ,CJ
指数,862311,专精特新50(长江),862311.CJ,CJ
指数,862321,专精特新100(长江),862321.CJ,CJ
指数,862331,专精特新150(长江),862331.CJ,CJ
指数,862400,碳中和(长江),862400.CJ,CJ
指数,862401,低碳领袖30(长江),862401.CJ,CJ
指数,862402,低碳领袖60(长江),862402.CJ,CJ
指数,862403,减排先锋(长江),862403.CJ,CJ
指数,862404,碳中性(长江),862404.CJ,CJ
指数,862500,300ESG领先(长江),862500.CJ,CJ
指数,862501,300环境领先(长江),862501.CJ,CJ
指数,862502,300社会领先(长江),862502.CJ,CJ
指数,862503,300治理领先(长江),862503.CJ,CJ
指数,862600,长三角（长江）,862600.CJ,CJ
指数,862601,珠三角（长江）,862601.CJ,CJ
指数,862602,京津冀（长江）,862602.CJ,CJ
指数,862603,川渝（长江）,862603.CJ,CJ
指数,862604,中部崛起（长江）,862604.CJ,CJ
指数,862605,乡村振兴全指（长江）,862605.CJ,CJ
指数,862606,央国企(长江),862606.CJ,CJ
指数,862610,长三角区域发展（长江）,862610.CJ,CJ
指数,862611,珠三角区域发展（长江）,862611.CJ,CJ
指数,862612,京津冀区域发展（长江）,862612.CJ,CJ
指数,862613,川渝区域发展（长江）,862613.CJ,CJ
指数,862614,中部崛起区域发展（长江）,862614.CJ,CJ
指数,862615,乡村振兴100（长江）,862615.CJ,CJ
指数,862616,央国企高质量发展(长江),862616.CJ,CJ
指数,862620,长三角区域发展领先（长江）,862620.CJ,CJ
指数,862621,珠三角区域发展领先（长江）,862621.CJ,CJ
指数,862622,京津冀区域发展领先（长江）,862622.CJ,CJ
指数,862623,川渝区域发展领先（长江）,862623.CJ,CJ
指数,862624,中部崛起区域发展领先（长江）,862624.CJ,CJ
指数,862626,央国企均衡发展(长江),862626.CJ,CJ
指数,862900,基金重仓(长江),862900.CJ,CJ
指数,862901,基金重仓50(长江),862901.CJ,CJ
指数,862902,基金重仓100(长江),862902.CJ,CJ
指数,862903,基金重仓200(长江),862903.CJ,CJ
指数,862904,基金(除量化)重仓(长江),862904.CJ,CJ
指数,862905,量化基金重仓(长江),862905.CJ,CJ
指数,862906,非基金重仓(长江),862906.CJ,CJ
指数,862907,北向重仓(长江),862907.CJ,CJ
指数,862908,沪股通重仓(长江),862908.CJ,CJ
指数,862909,深股通重仓(长江),862909.CJ,CJ
指数,862910,北向重仓50(长江),862910.CJ,CJ
指数,870200,MSCI新加坡自由,870200.MI,MI
指数,888888,富时中国A股自由现金流聚焦指数,888888.FI,FI
指数,888888R,富时中国A股自由现金流聚焦全收益指数,888888R.FI,FI
指数,890100,MSCI发达市场自由,890100.MI,MI
指数,890300,MSCI欧澳远东自由,890300.MI,MI
指数,890800,MSCI太平洋地区自由,890800.MI,MI
指数,890900,MSCI远东自由,890900.MI,MI
指数,891400,MSCI太平洋地区(除日本)自由,891400.MI,MI
指数,891800,MSCI新兴市场,891800.MI,MI
指数,891900,MSCI远东新兴市场,891900.MI,MI
指数,892000,MSCI拉美新兴市场,892000.MI,MI
指数,892100,MSCI远东全市场,892100.MI,MI
指数,892200,MSCI远东全市场(除日本),892200.MI,MI
指数,892400,MSCI全球,892400.MI,MI
指数,898300,MSCI太平洋全市场(除日本),898300.MI,MI
指数,899001,三板成指,899001.CSI,CSI
指数,899002,三板做市,899002.CSI,CSI
指数,899003,创新成指,899003.CSI,CSI
指数,899050,北证50,899050.BJ,BJ
指数,899050CNY01,北证50全收益,899050CNY01.CSI,CSI
指数,899050CNY02,北证50净收益,899050CNY02.CSI,CSI
指数,899301,三板龙头,899301.CSI,CSI
指数,899302,三板制造,899302.CSI,CSI
指数,899303,三板服务,899303.CSI,CSI
指数,899304,三板医药,899304.CSI,CSI
指数,899305,三板消费,899305.CSI,CSI
指数,899306,三板研发,899306.CSI,CSI
指数,899307,三板活跃,899307.CSI,CSI
指数,899600,MSCI欧澳和远东+新兴市场,899600.MI,MI
指数,899601,北证专精特新,899601.BJ,BJ
指数,899601CNY010,北证专精特新全收益,899601CNY010.BJ,BJ
指数,899601CNY020,北证专精特新净收益,899601CNY020.BJ,BJ
指数,899700,MSCI亚洲新兴市场,899700.MI,MI
指数,899800,MSCI亚洲(除日本),899800.MI,MI
指数,899901,MSCI全球(除美国),899901.MI,MI
指数,899902,MSCI美洲,899902.MI,MI
指数,899903,MSCI亚太地区(除日本),899903.MI,MI
指数,899904,MSCI全球(除日本),899904.MI,MI
指数,903200,MSCI阿根廷,903200.MI,MI
指数,903600,MSCI澳大利亚,903600.MI,MI
指数,904000,MSCI奥地利,904000.MI,MI
指数,905600,MSCI比利时,905600.MI,MI
指数,907600,MSCI巴西,907600.MI,MI
指数,912400,MSCI加拿大,912400.MI,MI
指数,914400,MSCI斯里兰卡,914400.MI,MI
指数,915200,MSCI智利,915200.MI,MI
指数,915800,MSCI台湾,915800.MI,MI
指数,917000,MSCI哥伦比亚,917000.MI,MI
指数,920000,MSCI捷克共和国,920000.MI,MI
指数,920800,MSCI丹麦,920800.MI,MI
指数,921188,300欧元对冲全收益,921188.CSI,CSI
指数,921260,互联互通A股投资全收益,921260.CSI,CSI
指数,921261,全球电子竞技(全),921261.CSI,CSI
指数,921262,全球电子竞技(全)HKD,921262.CSI,CSI
指数,921263,全球电子竞技(全)USD,921263.CSI,CSI
指数,921265,民企300全收益,921265.CSI,CSI
指数,921266,民企贡献全收益,921266.CSI,CSI
指数,921267,民企领先全收益,921267.CSI,CSI
指数,921268,持续发展全收益,921268.CSI,CSI
指数,921273,海南指数(全),921273.CSI,CSI
指数,921341,大湾区高质发展(全),921341.CSI,CSI
指数,921342,大湾区高质发展(全)HKD,921342.CSI,CSI
指数,921343,大湾区价值蓝筹(全),921343.CSI,CSI
指数,921344,大湾区价值蓝筹(全)HKD,921344.CSI,CSI
指数,921345,大湾区红利低波(全),921345.CSI,CSI
指数,921346,大湾区红利低波(全)HKD,921346.CSI,CSI
指数,921347,大湾区科技领先(全),921347.CSI,CSI
指数,921348,大湾区科技领先(全)HKD,921348.CSI,CSI
指数,921349,大湾区先进制造(全),921349.CSI,CSI
指数,921350,大湾区先进制造(全)HKD,921350.CSI,CSI
指数,921351,大湾区消费升级(全),921351.CSI,CSI
指数,921352,大湾区消费升级(全)HKD,921352.CSI,CSI
指数,921353,CS科技全收益,921353.CSI,CSI
指数,921354,CS消费全收益,921354.CSI,CSI
指数,921355,CS周期全收益,921355.CSI,CSI
指数,921356,民企创新全收益,921356.CSI,CSI
指数,921357,优选消费50(全),921357.CSI,CSI
指数,921358,优选消费50(全)HKD,921358.CSI,CSI
指数,921371,品牌消费100全收益,921371.CSI,CSI
指数,921372,浙江国资全收益,921372.CSI,CSI
指数,921373,股息龙头全收益,921373.CSI,CSI
指数,921375,300质量低波全收益,921375.CSI,CSI
指数,921376,泰康红利LV全收益,921376.CSI,CSI
指数,921377,经济成长全收益,921377.CSI,CSI
指数,921378,AH经济成长(全),921378.CSI,CSI
指数,921379,AH经济成长(全)HKD,921379.CSI,CSI
指数,921380,科技50全收益,921380.CSI,CSI
指数,921381,中证长三角全收益,921381.CSI,CSI
指数,921382,智选300ESG领先全收益,921382.CSI,CSI
指数,921383,CS医药50全收益,921383.CSI,CSI
指数,921384,300美元对冲2全收益,921384.CSI,CSI
指数,921385,500美元对冲2全收益,921385.CSI,CSI
指数,921386,1000美元对冲2全收益,921386.CSI,CSI
指数,921387,300瑞郎对冲全收益,921387.CSI,CSI
指数,921393,湖北指数全收益,921393.CSI,CSI
指数,921394,信息科技50全收益,921394.CSI,CSI
指数,921395,沪港深300(全),921395.CSI,CSI
指数,921396,沪港深300(全)HKD,921396.CSI,CSI
指数,921397,A股通50全收益,921397.CSI,CSI
指数,921398,A股通100全收益,921398.CSI,CSI
指数,921402,证券先锋全收益,921402.CSI,CSI
指数,921403,品牌工程全收益,921403.CSI,CSI
指数,921404,SHS品牌消费50(全),921404.CSI,CSI
指数,921405,SHS品牌消费50(全)HKD,921405.CSI,CSI
指数,921406,5G50全收益,921406.CSI,CSI
指数,921407,全球金矿(全),921407.CSI,CSI
指数,921408,全球金矿(全)USD,921408.CSI,CSI
指数,921409,SHS创新药(全),921409.CSI,CSI
指数,921410,SHS创新药(全)HKD,921410.CSI,CSI
指数,921412,证券公司30全收益,921412.CSI,CSI
指数,921440,创新药30全收益,921440.CSI,CSI
指数,921441,AI 50全收益,921441.CSI,CSI
指数,921442,SHS科技100(全),921442.CSI,CSI
指数,921443,SHS科技100(全)HKD,921443.CSI,CSI
指数,921446,东证红利低波全收益,921446.CSI,CSI
指数,921447,科技先锋全收益,921447.CSI,CSI
指数,921452,大湾区质量成长均衡(全),921452.CSI,CSI
指数,921453,大湾区质量成长均衡(全)HKD,921453.CSI,CSI
指数,921454,港股通消费(全),921454.CSI,CSI
指数,921455,港股通消费(全)CNY,921455.CSI,CSI
指数,921456,中国教育(全),921456.CSI,CSI
指数,921457,中国教育(全)HKD,921457.CSI,CSI
指数,921458,中国教育(全)USD,921458.CSI,CSI
指数,921459,中证800(全)USD,921459.SH,SH
指数,921460,中证1000(全)USD,921460.SH,SH
指数,921461,电子50全收益,921461.CSI,CSI
指数,921462,SHS中国教育(全)HKD,921462.CSI,CSI
指数,921463,300ESG全收益,921463.CSI,CSI
指数,921465,300ESG领先全收益,921465.CSI,CSI
指数,921466,300ESG价值全收益,921466.CSI,CSI
指数,921467,医药龙头全收益,921467.CSI,CSI
指数,921468,红利质量全收益,921468.CSI,CSI
指数,921469,云计算50全收益,921469.CSI,CSI
指数,921470,SHS云计算(全),921470.CSI,CSI
指数,921471,SHS云计算(全)HKD,921471.CSI,CSI
指数,921474,SHS地产龙头(全),921474.CSI,CSI
指数,921475,SHS地产龙头(全)HKD,921475.CSI,CSI
指数,921476,ESG120策略全收益,921476.CSI,CSI
指数,921477,华夏银行ESG全收益,921477.CSI,CSI
指数,921479,证券保险全收益,921479.CSI,CSI
指数,921480,线上消费全收益,921480.CSI,CSI
指数,921481,SHS线上消费(全),921481.CSI,CSI
指数,921482,SHS线上消费(全)HKD,921482.CSI,CSI
指数,921483,电子科技50全收益,921483.CSI,CSI
指数,921484,CS医药创新全收益,921484.CSI,CSI
指数,921487,SHS人工智能50(全),921487.CSI,CSI
指数,921488,SHS人工智能50(全)HKD,921488.CSI,CSI
指数,921489,A股通策略全收益,921489.CSI,CSI
指数,921491,5G 100全收益,921491.CSI,CSI
指数,921492,SHS 5G 100(全),921492.CSI,CSI
指数,921492HKD,SHS 5G 100(全)HKD,921492HKD.CSI,CSI
指数,921494,消费电子全收益,921494.CSI,CSI
指数,921495,工业互联全收益,921495.CSI,CSI
指数,921497,沪港深新基建(全),921497.CSI,CSI
指数,921497HKD,沪港深新基建(全)HKD,921497HKD.CSI,CSI
指数,921512,周期50全收益,921512.CSI,CSI
指数,921513,公共卫生全收益,921513.CSI,CSI
指数,921521,高装细分50全收益,921521.CSI,CSI
指数,921522,央企新动能全收益,921522.CSI,CSI
指数,921523,SHS动漫游戏(全),921523.CSI,CSI
指数,921523HKD,SHS动漫游戏(全)HKD,921523HKD.CSI,CSI
指数,921524,SHS科技龙头(全),921524.CSI,CSI
指数,921524HKD,SHS科技龙头(全)HKD,921524HKD.CSI,CSI
指数,921525,兴业证券ESG盈利100全收益,921525.CSI,CSI
指数,921526,企业核心竞争力50全收益,921526.CSI,CSI
指数,924600,MSCI芬兰,924600.MI,MI
指数,925000,MSCI法国,925000.MI,MI
指数,928000,MSCI德国,928000.MI,MI
指数,930000,MSCI希腊,930000.MI,MI
指数,930050,中证A50,930050.CSI,CSI
指数,930050CNY010,中证A50全收益,930050CNY010.CSI,CSI
指数,930050CNY020,中证A50净收益,930050CNY020.CSI,CSI
指数,930598,稀土产业,930598.CSI,CSI
指数,930599,中证高装,930599.CSI,CSI
指数,930601,中证软件,930601.CSI,CSI
指数,930604,中国互联网30,930604.CSI,CSI
指数,930605,中国互联网30(USD),930605.CSI,CSI
指数,930606,中证钢铁,930606.CSI,CSI
指数,930607,中证汽车,930607.CSI,CSI
指数,930608,中证基建,930608.CSI,CSI
指数,930611,中小国改,930611.CSI,CSI
指数,930612,混合改革,930612.CSI,CSI
指数,930613,非周民企,930613.CSI,CSI
指数,930614,环保50,930614.CSI,CSI
指数,930616,中证文体,930616.CSI,CSI
指数,930617,军工信息,930617.CSI,CSI
指数,930618,中证保险,930618.CSI,CSI
指数,930619,黄金采掘,930619.CSI,CSI
指数,930620,CSSW丝路,930620.CSI,CSI
指数,930621,CSSW高铁,930621.CSI,CSI
指数,930622,CSSW白酒,930622.CSI,CSI
指数,930625,SHS互联网,930625.CSI,CSI
指数,930626,沪港深内地保险,930626.CSI,CSI
指数,930627,SHS互联网(HKD),930627.CSI,CSI
指数,930628,沪港深内地保险HKD,930628.CSI,CSI
指数,930629,CSSW健康,930629.CSI,CSI
指数,930632,CS稀金属,930632.CSI,CSI
指数,930633,中证旅游,930633.CSI,CSI
指数,930634,CS土改农,930634.CSI,CSI
指数,930635,CS智慧农,930635.CSI,CSI
指数,930640,CSWD重组,930640.CSI,CSI
指数,930641,中证中药,930641.CSI,CSI
指数,930642,中证核电,930642.CSI,CSI
指数,930643,CS轻资产,930643.CSI,CSI
指数,930644,港股通中国内地(HKD),930644.CSI,CSI
指数,930645,港股通中国内地(CNY),930645.CSI,CSI
指数,930646,美股中国内地(USD),930646.CSI,CSI
指数,930647,美股中国内地(CNY),930647.CSI,CSI
指数,930648,CS智消费,930648.CSI,CSI
指数,930649,中证安防,930649.CSI,CSI
指数,930650,中证海洋,930650.CSI,CSI
指数,930651,CS计算机,930651.CSI,CSI
指数,930652,CS电子,930652.CSI,CSI
指数,930653,CS食品饮,930653.CSI,CSI
指数,930654,CS休闲娱,930654.CSI,CSI
指数,930655,500两倍,930655.CSI,CSI
指数,930656,500反向,930656.CSI,CSI
指数,930657,500反两,930657.CSI,CSI
指数,930660,CSSW体育,930660.CSI,CSI
指数,930661,CSSW互金,930661.CSI,CSI
指数,930662,CS现代农,930662.CSI,CSI
指数,930667,300精明,930667.CSI,CSI
指数,930668,300精明(HKD),930668.CSI,CSI
指数,930669,300精明(USD),930669.CSI,CSI
指数,930670,500商业,930670.CSI,CSI
指数,930671,500运输,930671.CSI,CSI
指数,930672,500资本品,930672.CSI,CSI
指数,930673,500房地产,930673.CSI,CSI
指数,930674,500零售,930674.CSI,CSI
指数,930675,500媒体,930675.CSI,CSI
指数,930676,500耐用,930676.CSI,CSI
指数,930677,500汽车汽配,930677.CSI,CSI
指数,930679,中证500电子,930679.CSI,CSI
指数,930680,中证500计算机,930680.CSI,CSI
指数,930681,中证500医药,930681.CSI,CSI
指数,930682,500食品饮料,930682.CSI,CSI
指数,930683,中证500电力设备,930683.CSI,CSI
指数,930684,500机械,930684.CSI,CSI
指数,930685,中证500建筑装饰,930685.CSI,CSI
指数,930686,中证500一般零售,930686.CSI,CSI
指数,930687,500纺织服装,930687.CSI,CSI
指数,930688,中证500家用电器,930688.CSI,CSI
指数,930689,500煤炭,930689.CSI,CSI
指数,930690,中证500硬件,930690.CSI,CSI
指数,930691,中证500化学药,930691.CSI,CSI
指数,930692,500化学制品,930692.CSI,CSI
指数,930693,500建筑材料,930693.CSI,CSI
指数,930694,500有色,930694.CSI,CSI
指数,930695,500农牧渔,930695.CSI,CSI
指数,930696,500饮料,930696.CSI,CSI
指数,930697,家用电器,930697.CSI,CSI
指数,930698,CS水利,930698.CSI,CSI
指数,930700,CS上海,930700.CSI,CSI
指数,930701,CS京津冀,930701.CSI,CSI
指数,930702,CS西部,930702.CSI,CSI
指数,930703,福建50,930703.CSI,CSI
指数,930704,CS广东,930704.CSI,CSI
指数,930706,中证水泥,930706.CSI,CSI
指数,930707,中证畜牧,930707.CSI,CSI
指数,930708,中证有色,930708.CSI,CSI
指数,930709,香港证券,930709.CSI,CSI
指数,930710,香港证券(CNY),930710.CSI,CSI
指数,930711,CS智穿戴,930711.CSI,CSI
指数,930712,CS物联网,930712.CSI,CSI
指数,930713,CS人工智,930713.CSI,CSI
指数,930715,CS朝阳88,930715.CSI,CSI
指数,930716,CS物流,930716.CSI,CSI
指数,930717,SHS中国教育,930717.CSI,CSI
指数,930718,CS航运,930718.CSI,CSI
指数,930719,CS精准医,930719.CSI,CSI
指数,930720,CS互医疗,930720.CSI,CSI
指数,930721,CS智汽车,930721.CSI,CSI
指数,930722,CS互平台,930722.CSI,CSI
指数,930723,沪港深F100,930723.CSI,CSI
指数,930724,沪港深F100(HKD),930724.CSI,CSI
指数,930725,CS车联网,930725.CSI,CSI
指数,930726,CS生医,930726.CSI,CSI
指数,930727,CS自贸区,930727.CSI,CSI
指数,930728,CS乐园,930728.CSI,CSI
指数,930732,CS中国造,930732.CSI,CSI
指数,930733,CS互联+,930733.CSI,CSI
指数,930734,360互联+,930734.CSI,CSI
指数,930735,海外中国内地(CNY),930735.CSI,CSI
指数,930736,海外中国内地(HKD),930736.CSI,CSI
指数,930737,海外中国内地(USD),930737.CSI,CSI
指数,930738,四川国改,930738.CSI,CSI
指数,930740,300红利低波,930740.CSI,CSI
指数,930741,CS航空,930741.CSI,CSI
指数,930742,中证电商,930742.CSI,CSI
指数,930743,中证生科,930743.CSI,CSI
指数,930745,CSWD数据,930745.CSI,CSI
指数,930746,港中小企,930746.CSI,CSI
指数,930747,港中小企(CNY),930747.CSI,CSI
指数,930748,沪深300USD,930748.CSI,CSI
指数,930749,沪深300USD(CNH),930749.CSI,CSI
指数,930750,中证500USD,930750.CSI,CSI
指数,930751,中证500USD(CNH),930751.CSI,CSI
指数,930752,中证500HKD,930752.CSI,CSI
指数,930753,中证500HKD(CNH),930753.CSI,CSI
指数,930754,民企成长USD,930754.CSI,CSI
指数,930755,民企成长USD(CNH),930755.CSI,CSI
指数,930756,环保USD,930756.CSI,CSI
指数,930757,环保USD(CNH),930757.CSI,CSI
指数,930758,凤凰50,930758.CSI,CSI
指数,930766,民企高装主题,930766.CSI,CSI
指数,930767,沪深300优选,930767.CSI,CSI
指数,930768,沪深300优选(HKD),930768.CSI,CSI
指数,930771,CS新能源,930771.CSI,CSI
指数,930772,100两倍,930772.CSI,CSI
指数,930773,100反向,930773.CSI,CSI
指数,930774,100反两,930774.CSI,CSI
指数,930776,CS增持,930776.CSI,CSI
指数,930777,CS定增,930777.CSI,CSI
指数,930781,中证影视,930781.CSI,CSI
指数,930782,500SNLV,930782.CSI,CSI
指数,930783,CS英大EI,930783.CSI,CSI
指数,930789,CSMA预期,930789.CSI,CSI
指数,930790,CS娱乐TI,930790.CSI,CSI
指数,930791,CS医药TI,930791.CSI,CSI
指数,930792,HK银行(HKD),930792.CSI,CSI
指数,930793,HK银行(CNY),930793.CSI,CSI
指数,930794,中美互联网(CNY),930794.CSI,CSI
指数,930795,中美互联网(USD),930795.CSI,CSI
指数,930796,全球中国互联网(CNY),930796.CSI,CSI
指数,930797,全球中国互联网(USD),930797.CSI,CSI
指数,930820,CS高端制,930820.CSI,CSI
指数,930821,中证VR,930821.CSI,CSI
指数,930836,沪港深高股息(CNY),930836.CSI,CSI
指数,930837,沪港深高股息(HKD),930837.CSI,CSI
指数,930838,CS高股息,930838.CSI,CSI
指数,930839,港股通高息精选,930839.CSI,CSI
指数,930840,港股通高息精选CNY,930840.CSI,CSI
指数,930841,2025 退休,930841.CSI,CSI
指数,930842,2035 退休,930842.CSI,CSI
指数,930843,2045 退休,930843.CSI,CSI
指数,930844,企业年金,930844.CSI,CSI
指数,930845,CS供给侧,930845.CSI,CSI
指数,930846,300SNLV,930846.CSI,CSI
指数,930847,800SNLV,930847.CSI,CSI
指数,930848,1000SNLV,930848.CSI,CSI
指数,930850,智能制造,930850.CSI,CSI
指数,930851,云计算,930851.CSI,CSI
指数,930852,量子通信,930852.CSI,CSI
指数,930853,海绵城市,930853.CSI,CSI
指数,930854,水环境,930854.CSI,CSI
指数,930855,CS质量成长,930855.CSI,CSI
指数,930856,HK质量(HKD),930856.CSI,CSI
指数,930857,HK质量(CNY),930857.CSI,CSI
指数,930858,沪港深质量(CNY),930858.CSI,CSI
指数,930859,沪港深质量(HKD),930859.CSI,CSI
指数,930860,盈利质量,930860.CSI,CSI
指数,930861,香港EQ(HKD),930861.CSI,CSI
指数,930862,香港EQ(CNY),930862.CSI,CSI
指数,930863,沪港深EQ(CNY),930863.CSI,CSI
指数,930864,沪港深EQ(HKD),930864.CSI,CSI
指数,930867,目标2055,930867.CSI,CSI
指数,930868,目标2035,930868.CSI,CSI
指数,930869,目标2045,930869.CSI,CSI
指数,930875,空天军工,930875.CSI,CSI
指数,930876,香港彩娱(HKD),930876.CSI,CSI
指数,930877,香港彩娱(CNY),930877.CSI,CSI
指数,930878,中国质量成长(CNY),930878.CSI,CSI
指数,930879,中国质量成长(USD),930879.CSI,CSI
指数,930880,中国盈利质量(CNY),930880.CSI,CSI
指数,930881,中国盈利质量(USD),930881.CSI,CSI
指数,930882,CS珠三角,930882.CSI,CSI
指数,930883,创新驱动,930883.CSI,CSI
指数,930884,300创新,930884.CSI,CSI
指数,930885,500创新,930885.CSI,CSI
指数,930887,300DRC,930887.CSI,CSI
指数,930888,500DRC,930888.CSI,CSI
指数,930899,全球消费50(CNY),930899.CSI,CSI
指数,930899CNY10,全球消费50人民币中间价,930899CNY10.CSI,CSI
指数,930899CNY11,全球消费50人民币中间价(全),930899CNY11.CSI,CSI
指数,930900,全球消费50(USD),930900.CSI,CSI
指数,930901,动漫游戏,930901.CSI,CSI
指数,930902,中证数据,930902.CSI,CSI
指数,930903,中证A股,930903.CSI,CSI
指数,930907,香港海外高股息(HKD),930907.CSI,CSI
指数,930908,香港海外高股息(CNY),930908.CSI,CSI
指数,930910,农牧渔,930910.CSI,CSI
指数,930911,化学原料,930911.CSI,CSI
指数,930914,港股通高股息(HKD),930914.CSI,CSI
指数,930914CNY220,港股通高股息(净)CNY,930914CNY220.CSI,CSI
指数,930915,港股通高股息(CNY),930915.CSI,CSI
指数,930917,SHS高股息(CNY),930917.CSI,CSI
指数,930918,SHS高股息(HKD),930918.CSI,CSI
指数,930923,港中国中小(HKD),930923.CSI,CSI
指数,930924,港中国中小(CNY),930924.CSI,CSI
指数,930925,沪港深保险,930925.CSI,CSI
指数,930926,沪港深保险HKD,930926.CSI,CSI
指数,930927,CR基石,930927.CSI,CSI
指数,930928,CR新动能,930928.CSI,CSI
指数,930929,中证MARP,930929.CSI,CSI
指数,930930,港股综合(HKD),930930.CSI,CSI
指数,930931,港股通50(HKD),930931.CSI,CSI
指数,930932,港股通内地证券,930932.CSI,CSI
指数,930933,港股综合(CNY),930933.CSI,CSI
指数,930934,港股通50(CNY),930934.CSI,CSI
指数,930935,港股通内地证券CNY,930935.CSI,CSI
指数,930937,稳健成长,930937.CSI,CSI
指数,930938,500成长估值,930938.CSI,CSI
指数,930939,500质量成长,930939.CSI,CSI
指数,930942,300动态对冲,930942.CSI,CSI
指数,930943,500动态对冲,930943.CSI,CSI
指数,930944,1000动态对冲,930944.CSI,CSI
指数,930945,香港新股(HKD),930945.CSI,CSI
指数,930946,香港新股(CNY),930946.CSI,CSI
指数,930949,价值回报,930949.CSI,CSI
指数,930955,红利低波100,930955.CSI,CSI
指数,930956,绿色投资,930956.CSI,CSI
指数,930957,港股通中国100,930957.CSI,CSI
指数,930958,港股通中国100CNY,930958.CSI,CSI
指数,930959,港股通海外50,930959.CSI,CSI
指数,930960,港股通能源C,930960.CSI,CSI
指数,930961,港股通材料C,930961.CSI,CSI
指数,930962,港股通工业C,930962.CSI,CSI
指数,930964,港股通消费C,930964.CSI,CSI
指数,930965,港股通医药C,930965.CSI,CSI
指数,930966,港股通金融C,930966.CSI,CSI
指数,930967,港股通信息C,930967.CSI,CSI
指数,930968,港股通通信C,930968.CSI,CSI
指数,930969,港股通公用C,930969.CSI,CSI
指数,930970,港股通能源CCNY,930970.CSI,CSI
指数,930971,港股通材料CCNY,930971.CSI,CSI
指数,930972,港股通工业CCNY,930972.CSI,CSI
指数,930974,港股通消费CCNY,930974.CSI,CSI
指数,930975,港股通医药CCNY,930975.CSI,CSI
指数,930976,港股通金融CCNY,930976.CSI,CSI
指数,930977,港股通信息CCNY,930977.CSI,CSI
指数,930978,港股通通信CCNY,930978.CSI,CSI
指数,930979,港股通公用CCNY,930979.CSI,CSI
指数,930980,港股通海外50CNY,930980.CSI,CSI
指数,930981,东北指数,930981.CSI,CSI
指数,930985,500LBLV,930985.CSI,CSI
指数,930986,金融科技,930986.CSI,CSI
指数,930987,安徽发展,930987.CSI,CSI
指数,930992,沪港深红利低波(CNY),930992.CSI,CSI
指数,930993,沪港深红利低波(HKD),930993.CSI,CSI
指数,930997,新能源车,930997.CSI,CSI
指数,930998,港股通大湾区,930998.CSI,CSI
指数,930999,SHS大湾区(CNY),930999.CSI,CSI
指数,931000,大湾区,931000.CSI,CSI
指数,931001,港股通大湾区CNY,931001.CSI,CSI
指数,931002,SHS大湾区(HKD),931002.CSI,CSI
指数,931004,女性消费,931004.CSI,CSI
指数,931005,母婴消费,931005.CSI,CSI
指数,931006,老年消费,931006.CSI,CSI
指数,931008,汽车指数,931008.CSI,CSI
指数,931009,建筑材料,931009.CSI,CSI
指数,931013,消费低波,931013.CSI,CSI
指数,931014,成长低波,931014.CSI,CSI
指数,931019,香港汽车,931019.CSI,CSI
指数,931019CNY100,香港汽车人民币中间价,931019CNY100.CSI,CSI
指数,931019CNY110,香港汽车人民币中间价(全),931019CNY110.CSI,CSI
指数,931019CNY200,香港汽车CNY,931019CNY200.CSI,CSI
指数,931019CNY210,香港汽车(全)CNY,931019CNY210.CSI,CSI
指数,931019HKD210,香港汽车(全),931019HKD210.CSI,CSI
指数,931020,装配建筑,931020.CSI,CSI
指数,931021,家电龙头,931021.CSI,CSI
指数,931022,大气治理,931022.CSI,CSI
指数,931023,北京50,931023.CSI,CSI
指数,931024,港股通非银,931024.CSI,CSI
指数,931025,港股通地产,931025.CSI,CSI
指数,931026,港股通TMT,931026.CSI,CSI
指数,931027,港股通大消费,931027.CSI,CSI
指数,931028,港股通非银CNY,931028.CSI,CSI
指数,931029,港股通地产CNY,931029.CSI,CSI
指数,931030,港股通 TMTCNY,931030.CSI,CSI
指数,931031,港股通大消费CNY,931031.CSI,CSI
指数,931032,复兴100,931032.CSI,CSI
指数,931033,杭州湾区,931033.CSI,CSI
指数,931034,南方2025,931034.CSI,CSI
指数,931035,南方2035,931035.CSI,CSI
指数,931036,南方2045,931036.CSI,CSI
指数,931037,绿色领先,931037.CSI,CSI
指数,931038,A100AH,931038.CSI,CSI
指数,931039,银行AH,931039.CSI,CSI
指数,931040,证券AH,931040.CSI,CSI
指数,931041,证保AH,931041.CSI,CSI
指数,931042,能源AH,931042.CSI,CSI
指数,931043,央企AH,931043.CSI,CSI
指数,931044,国企AH,931044.CSI,CSI
指数,931045,A100AH(HKD),931045.CSI,CSI
指数,931046,银行AH(HKD),931046.CSI,CSI
指数,931047,证券AH(HKD),931047.CSI,CSI
指数,931048,证保AH(HKD),931048.CSI,CSI
指数,931049,能源AH(HKD),931049.CSI,CSI
指数,931050,央企AH(HKD),931050.CSI,CSI
指数,931051,国企AH(HKD),931051.CSI,CSI
指数,931052,国信价值,931052.CSI,CSI
指数,931053,高股息策略,931053.CSI,CSI
指数,931054,财务稳健,931054.CSI,CSI
指数,931055,稳健低波,931055.CSI,CSI
指数,931057,股权激励,931057.CSI,CSI
指数,931058,竞争优势,931058.CSI,CSI
指数,931061,时钟配置,931061.CSI,CSI
指数,931062,质量低波,931062.CSI,CSI
指数,931063,创始经营,931063.CSI,CSI
指数,931066,军工龙头,931066.CSI,CSI
指数,931067,绩优策略,931067.CSI,CSI
指数,931068,消费龙头,931068.CSI,CSI
指数,931069,中金300,931069.CSI,CSI
指数,931071,人工智能,931071.CSI,CSI
指数,931072,全球中国互联网(HKD),931072.CSI,CSI
指数,931073,CSIHK1,931073.CSI,CSI
指数,931074,CSIHK2,931074.CSI,CSI
指数,931075,CSIHK3,931075.CSI,CSI
指数,931076,CSIHK4,931076.CSI,CSI
指数,931077,CSIHK5,931077.CSI,CSI
指数,931079,5G通信,931079.CSI,CSI
指数,931079CNY020,5G通信净收益,931079CNY020.CSI,CSI
指数,931082,A500现金流,931082.CSI,CSI
指数,931082CNY010,A500现金流全收益,931082CNY010.CSI,CSI
指数,931082CNY020,A500现金流净收益,931082CNY020.CSI,CSI
指数,931083,全球电子游戏(CNY),931083.CSI,CSI
指数,931084,全球电子游戏(HKD),931084.CSI,CSI
指数,931085,全球电子游戏(USD),931085.CSI,CSI
指数,931087,科技龙头,931087.CSI,CSI
指数,931088,180ESG,931088.CSI,CSI
指数,931088CNY01,180ESG全收益,931088CNY01.CSI,CSI
指数,931090,海外中国能源(CNY),931090.CSI,CSI
指数,931091,海外中国材料(CNY),931091.CSI,CSI
指数,931092,海外中国工业(CNY),931092.CSI,CSI
指数,931093,海外中国可选(CNY),931093.CSI,CSI
指数,931094,海外中国消费(CNY),931094.CSI,CSI
指数,931096,海外中国金融(CNY),931096.CSI,CSI
指数,931097,海外中国信息(CNY),931097.CSI,CSI
指数,931098,海外中国通信,931098.CSI,CSI
指数,931099,海外中国公用(CNY),931099.CSI,CSI
指数,931100,海外中国能源(HKD),931100.CSI,CSI
指数,931101,海外中国材料(HKD),931101.CSI,CSI
指数,931102,海外中国工业(HKD),931102.CSI,CSI
指数,931103,海外中国可选(HKD),931103.CSI,CSI
指数,931104,海外中国消费(HKD),931104.CSI,CSI
指数,931106,海外中国金融(HKD),931106.CSI,CSI
指数,931107,海外中国信息(HKD),931107.CSI,CSI
指数,931108,海外中国电信(HKD),931108.CSI,CSI
指数,931109,海外中国公用(HKD),931109.CSI,CSI
指数,931110,海外中国能源(USD),931110.CSI,CSI
指数,931111,海外中国材料(USD),931111.CSI,CSI
指数,931112,海外中国工业(USD),931112.CSI,CSI
指数,931113,海外中国可选(USD),931113.CSI,CSI
指数,931114,海外中国消费(USD),931114.CSI,CSI
指数,931116,海外中国金融(USD),931116.CSI,CSI
指数,931117,海外中国信息(USD),931117.CSI,CSI
指数,931118,海外中国电信(USD),931118.CSI,CSI
指数,931119,海外中国公用(USD),931119.CSI,CSI
指数,931120,中国互联网1040(CNY),931120.CSI,CSI
指数,931121,中国互联网1040(USD),931121.CSI,CSI
指数,931122,中国互联网1040(EUR),931122.CSI,CSI
指数,931127,浙江新动能,931127.CSI,CSI
指数,931128,浙江新动能USD,931128.CSI,CSI
指数,931129,盈利估值,931129.CSI,CSI
指数,931130,红利成长低波,931130.CSI,CSI
指数,931131,乡村振兴,931131.CSI,CSI
指数,931131CNY01,乡村振兴全收益,931131CNY01.CSI,CSI
指数,931132,诚通央企红利,931132.CSI,CSI
指数,931132CNY01,诚通央企红利全收益,931132CNY01.CSI,CSI
指数,931132CNY02,诚通央企红利净收益,931132CNY02.CSI,CSI
指数,931133,经济蓝筹,931133.CSI,CSI
指数,931134,AH经济蓝筹,931134.CSI,CSI
指数,931135,AH经济蓝筹HKD,931135.CSI,CSI
指数,931136,深圳科技,931136.CSI,CSI
指数,931137,深圳科技HKD,931137.CSI,CSI
指数,931138,高息低波,931138.CSI,CSI
指数,931139,CS消费50,931139.CSI,CSI
指数,931140,医药50,931140.CSI,CSI
指数,931141,CS长三角,931141.CSI,CSI
指数,931142,东证竞争,931142.CSI,CSI
指数,931143,CS红利配置,931143.CSI,CSI
指数,931144,通信技术,931144.CSI,CSI
指数,931148,ESG80全收益,931148.CSI,CSI
指数,931149,环境质量,931149.CSI,CSI
指数,931150,绿色质量,931150.CSI,CSI
指数,931151,光伏产业,931151.CSI,CSI
指数,931152,CS创新药,931152.CSI,CSI
指数,931152USD200,CS创新药USD,931152USD200.CSI,CSI
指数,931152USD210,CS创新药(全)USD,931152USD210.CSI,CSI
指数,931152USD220,CS创新药(净)USD,931152USD220.CSI,CSI
指数,931155,300质量成长,931155.CSI,CSI
指数,931156,800质量成长,931156.CSI,CSI
指数,931157,SHS红利成长LV,931157.CSI,CSI
指数,931158,SHS红利成长LVHKD,931158.CSI,CSI
指数,931159,创新100,931159.CSI,CSI
指数,931160,通信设备,931160.CSI,CSI
指数,931163,浙江100,931163.CSI,CSI
指数,931165,新兴科技100,931165.CSI,CSI
指数,931166,医药健康100,931166.CSI,CSI
指数,931167,先进制造100,931167.CSI,CSI
指数,931168,绿色价值100,931168.CSI,CSI
指数,931169,证券30,931169.CSI,CSI
指数,931170,民企龙头,931170.CSI,CSI
指数,931176,台州综指,931176.CSI,CSI
指数,931177,全球台州综指(人民币),931177.CSI,CSI
指数,931178,全球台州综指(美元),931178.CSI,CSI
指数,931179,台州制造30,931179.CSI,CSI
指数,931180,易方达2030,931180.CSI,CSI
指数,931181,易方达2040,931181.CSI,CSI
指数,931182,易方达2050,931182.CSI,CSI
指数,931183,易方达2060,931183.CSI,CSI
指数,931185,易方达中等,931185.CSI,CSI
指数,931186,中证科技,931186.CSI,CSI
指数,931187,科技100,931187.CSI,CSI
指数,931188,300欧元对冲,931188.CSI,CSI
指数,931224,港股通休闲消费,931224.CSI,CSI
指数,931224CNY100,港股通休闲消费人民币中间价,931224CNY100.CSI,CSI
指数,931224CNY110,港股通休闲消费人民币中间价(全),931224CNY110.CSI,CSI
指数,931224CNY200,港股通休闲消费CNY,931224CNY200.CSI,CSI
指数,931224CNY210,港股通休闲消费(全)CNY,931224CNY210.CSI,CSI
指数,931224HKD210,港股通休闲消费(全),931224HKD210.CSI,CSI
指数,931225,农银乡村振兴,931225.CSI,CSI
指数,931225CNY01,农银乡村振兴全收益,931225CNY01.CSI,CSI
指数,931226,1000质量成长,931226.CSI,CSI
指数,931226CNY010,1000质量成长全收益,931226CNY010.CSI,CSI
指数,931226CNY020,1000质量成长净收益,931226CNY020.CSI,CSI
指数,931227,国泰海通ESG股债联动,931227.CSI,CSI
指数,931228,亚洲新兴市场科技,931228.CSI,CSI
指数,931229,中证氢能,931229.CSI,CSI
指数,931229CNY01,中证氢能全收益,931229CNY01.CSI,CSI
指数,931230,汽车零部件,931230.CSI,CSI
指数,931230CNY010,汽车零部件全收益,931230CNY010.CSI,CSI
指数,931231,央企红利50,931231.CSI,CSI
指数,931231CNY01,央企红利50全收益,931231CNY01.CSI,CSI
指数,931231CNY02,央企红利50净收益,931231CNY02.CSI,CSI
指数,931232,朝阳100,931232.CSI,CSI
指数,931232CNY010,朝阳100全收益,931232CNY010.CSI,CSI
指数,931232CNY020,朝阳100净收益,931232CNY020.CSI,CSI
指数,931233,港股通央企红利,931233.CSI,CSI
指数,931233CNY100,港股通央企红利人民币中间价,931233CNY100.CSI,CSI
指数,931233CNY110,港股通央企红利人民币中间价(全),931233CNY110.CSI,CSI
指数,931233HKD210,港股通央企红利(全),931233HKD210.CSI,CSI
指数,931234,长三角示范区50,931234.CSI,CSI
指数,931234CNY01,长三角示范区50全收益,931234CNY01.CSI,CSI
指数,931235,中证电信,931235.CSI,CSI
指数,931235CNY01,中证电信全收益,931235CNY01.CSI,CSI
指数,931237,CS贵金属,931237.CSI,CSI
指数,931237CNY010,CS贵金属全收益,931237CNY010.CSI,CSI
指数,931237CNY020,CS贵金属净收益,931237CNY020.CSI,CSI
指数,931238,SSH黄金股票,931238.CSI,CSI
指数,931238CNY210,SSH黄金股票(全),931238CNY210.CSI,CSI
指数,931238HKD200,SSH黄金股票HKD,931238HKD200.CSI,CSI
指数,931238HKD210,SSH黄金股票(全)HKD,931238HKD210.CSI,CSI
指数,931238USD200,SSH黄金股票USD,931238USD200.CSI,CSI
指数,931238USD210,SSH黄金股票(全)USD,931238USD210.CSI,CSI
指数,931239,港股通汽车,931239.CSI,CSI
指数,931239CNY100,港股通汽车人民币中间价,931239CNY100.CSI,CSI
指数,931239CNY110,港股通汽车人民币中间价(全),931239CNY110.CSI,CSI
指数,931239CNY200,港股通汽车CNY,931239CNY200.CSI,CSI
指数,931239CNY210,港股通汽车(全)CNY,931239CNY210.CSI,CSI
指数,931239HKD210,港股通汽车(全),931239HKD210.CSI,CSI
指数,931241,家居家电,931241.CSI,CSI
指数,931241CNY01,家居家电全收益,931241CNY01.CSI,CSI
指数,931242,央企ESG50,931242.CSI,CSI
指数,931242CNY01,央企ESG50全收益,931242CNY01.CSI,CSI
指数,931243,诚通央企ESG,931243.CSI,CSI
指数,931243CNY01,诚通央企ESG全收益,931243CNY01.CSI,CSI
指数,931244,信达央企质量50,931244.CSI,CSI
指数,931244CNY010,信达央企质量50全收益,931244CNY010.CSI,CSI
指数,931245,央企基建,931245.CSI,CSI
指数,931245CNY01,央企基建全收益,931245CNY01.CSI,CSI
指数,931246,商用飞机,931246.CSI,CSI
指数,931246CNY01,商用飞机全收益,931246CNY01.CSI,CSI
指数,931247,中证信创,931247.CSI,CSI
指数,931247CNY01,中证信创全收益,931247CNY01.CSI,CSI
指数,931248,油气资源,931248.CSI,CSI
指数,931248CNY010,油气资源全收益,931248CNY010.CSI,CSI
指数,931248CNY020,油气资源净收益,931248CNY020.CSI,CSI
指数,931249,沪深港内地100,931249.CSI,CSI
指数,931249CNY210,沪深港内地100(全),931249CNY210.CSI,CSI
指数,931249HKD200,沪深港内地100HKD,931249HKD200.CSI,CSI
指数,931249HKD210,沪深港内地100(全)HKD,931249HKD210.CSI,CSI
指数,931249USD200,沪深港内地100USD,931249USD200.CSI,CSI
指数,931249USD210,沪深港内地100(全)USD,931249USD210.CSI,CSI
指数,931250,港股通创新药,931250.CSI,CSI
指数,931250CNY100,港股通创新药人民币中间价,931250CNY100.CSI,CSI
指数,931250CNY110,港股通创新药人民币中间价(全),931250CNY110.CSI,CSI
指数,931250HKD210,港股通创新药(全),931250HKD210.CSI,CSI
指数,931251,国新央企ESG成长100,931251.CSI,CSI
指数,931251CNY01,国新央企ESG成长100全收益,931251CNY01.CSI,CSI
指数,931252,汽车电子产业,931252.CSI,CSI
指数,931252CNY010,汽车电子产业全收益,931252CNY010.CSI,CSI
指数,931253,证券时报ESG百强,931253.CSI,CSI
指数,931253CNY010,证券时报ESG百强全收益,931253CNY010.CSI,CSI
指数,931254,央企高装,931254.CSI,CSI
指数,931254CNY01,央企高装全收益,931254CNY01.CSI,CSI
指数,931257,SSH贵金属,931257.CSI,CSI
指数,931257CNY210,SSH贵金属(全),931257CNY210.CSI,CSI
指数,931257HKD200,SSH贵金属HKD,931257HKD200.CSI,CSI
指数,931257HKD210,SSH贵金属(全)HKD,931257HKD210.CSI,CSI
指数,931257USD200,SSH贵金属USD,931257USD200.CSI,CSI
指数,931257USD210,SSH贵金属(全)USD,931257USD210.CSI,CSI
指数,931258,东证价值,931258.CSI,CSI
指数,931258CNY010,东证价值全收益,931258CNY010.CSI,CSI
指数,931258CNY020,东证价值净收益,931258CNY020.CSI,CSI
指数,931260,互联互通A股投资,931260.CSI,CSI
指数,931261,全球电子竞技,931261.CSI,CSI
指数,931262,全球电子竞技HKD,931262.CSI,CSI
指数,931263,全球电子竞技USD,931263.CSI,CSI
指数,931265,民企300,931265.CSI,CSI
指数,931266,民企贡献,931266.CSI,CSI
指数,931267,民企领先,931267.CSI,CSI
指数,931268,持续发展,931268.CSI,CSI
指数,931269,港股通30,931269.CSI,CSI
指数,931269CNY200,港股通30CNY,931269CNY200.CSI,CSI
指数,931269CNY210,港股通30(全)CNY,931269CNY210.CSI,CSI
指数,931269HKD210,港股通30(全),931269HKD210.CSI,CSI
指数,931271,通信设备主题,931271.CSI,CSI
指数,931271CNY010,通信设备主题全收益,931271CNY010.CSI,CSI
指数,931272,华夏银行绿色经济,931272.CSI,CSI
指数,931273,海南指数,931273.CSI,CSI
指数,931341,大湾区高质发展,931341.CSI,CSI
指数,931342,大湾区高质发展HKD,931342.CSI,CSI
指数,931343,大湾区价值蓝筹,931343.CSI,CSI
指数,931344,大湾区价值蓝筹HKD,931344.CSI,CSI
指数,931345,大湾区红利低波,931345.CSI,CSI
指数,931346,大湾区红利低波HKD,931346.CSI,CSI
指数,931347,大湾区科技领先,931347.CSI,CSI
指数,931348,大湾区科技领先HKD,931348.CSI,CSI
指数,931349,大湾区先进制造,931349.CSI,CSI
指数,931350,大湾区先进制造HKD,931350.CSI,CSI
指数,931351,大湾区消费升级,931351.CSI,CSI
指数,931352,大湾区消费升级HKD,931352.CSI,CSI
指数,931353,CS科技,931353.CSI,CSI
指数,931354,CS消费,931354.CSI,CSI
指数,931355,CS周期,931355.CSI,CSI
指数,931356,民企创新,931356.CSI,CSI
指数,931357,优选消费50,931357.CSI,CSI
指数,931358,优选消费50HKD,931358.CSI,CSI
指数,931359,沪深300AUD(CNH),931359.CSI,CSI
指数,931371,品牌消费100,931371.CSI,CSI
指数,931372,浙江国资,931372.CSI,CSI
指数,931373,股息龙头,931373.CSI,CSI
指数,931375,300质量低波,931375.CSI,CSI
指数,931376,泰康红利LV,931376.CSI,CSI
指数,931377,经济成长,931377.CSI,CSI
指数,931378,AH经济成长,931378.CSI,CSI
指数,931379,AH经济成长HKD,931379.CSI,CSI
指数,931380,科技50,931380.CSI,CSI
指数,931381,中证长三角,931381.CSI,CSI
指数,931382,智选300ESG领先,931382.CSI,CSI
指数,931383,CS医药50,931383.CSI,CSI
指数,931384,300美元对冲2,931384.CSI,CSI
指数,931385,500美元对冲2,931385.CSI,CSI
指数,931386,1000美元对冲2,931386.CSI,CSI
指数,931387,300瑞郎对冲,931387.CSI,CSI
指数,931389,300波控3,931389.CSI,CSI
指数,931390,500波控3,931390.CSI,CSI
指数,931391,红利波控3,931391.CSI,CSI
指数,931393,湖北指数,931393.CSI,CSI
指数,931394,信息科技50,931394.CSI,CSI
指数,931395,沪港深300,931395.CSI,CSI
指数,931396,沪港深300HKD,931396.CSI,CSI
指数,931397,A股通50,931397.CSI,CSI
指数,931398,A股通100,931398.CSI,CSI
指数,931399,中信债股稳健,931399.CSI,CSI
指数,931400,中信债股进取,931400.CSI,CSI
指数,931401,香港30,931401.CSI,CSI
指数,931401CNY200,香港30CNY,931401CNY200.CSI,CSI
指数,931401CNY210,香港30(全)CNY,931401CNY210.CSI,CSI
指数,931401HKD210,香港30(全),931401HKD210.CSI,CSI
指数,931402,证券先锋,931402.CSI,CSI
指数,931403,品牌工程,931403.CSI,CSI
指数,931404,SHS品牌消费50,931404.CSI,CSI
指数,931405,SHS品牌消费50HKD,931405.CSI,CSI
指数,931406,5G 50,931406.CSI,CSI
指数,931407,全球金矿,931407.CSI,CSI
指数,931408,全球金矿USD,931408.CSI,CSI
指数,931409,SHS创新药,931409.CSI,CSI
指数,931410,SHS创新药HKD,931410.CSI,CSI
指数,931412,证券公司30,931412.CSI,CSI
指数,931413,全球金矿主题,931413.CSI,CSI
指数,931413CNY210,全球金矿主题(全),931413CNY210.CSI,CSI
指数,931413HKD200,全球金矿主题HKD,931413HKD200.CSI,CSI
指数,931413HKD210,全球金矿主题(全)HKD,931413HKD210.CSI,CSI
指数,931413USD200,全球金矿主题USD,931413USD200.CSI,CSI
指数,931413USD210,全球金矿主题(全)USD,931413USD210.CSI,CSI
指数,931440,创新药30,931440.CSI,CSI
指数,931441,AI50,931441.CSI,CSI
指数,931442,SHS科技100,931442.CSI,CSI
指数,931443,SHS科技100HKD,931443.CSI,CSI
指数,931446,东证红利低波,931446.CSI,CSI
指数,931447,科技先锋,931447.CSI,CSI
指数,931448,平安恒定风险,931448.CSI,CSI
指数,931450,新能车主题,931450.CSI,CSI
指数,931450CNY010,新能车主题全收益,931450CNY010.CSI,CSI
指数,931450CNY020,新能车主题净收益,931450CNY020.CSI,CSI
指数,931451,五矿金属矿业,931451.CSI,CSI
指数,931451CNY010,五矿金属矿业全收益,931451CNY010.CSI,CSI
指数,931451CNY020,五矿金属矿业净收益,931451CNY020.CSI,CSI
指数,931452,大湾区质量成长均衡,931452.CSI,CSI
指数,931453,大湾区质量成长均衡HKD,931453.CSI,CSI
指数,931454,港股通消费,931454.CSI,CSI
指数,931454CNY100,港股通消费人民币中间价,931454CNY100.CSI,CSI
指数,931454CNY110,港股通消费人民币中间价(全),931454CNY110.CSI,CSI
指数,931454CNY120,港股通消费人民币中间价(净),931454CNY120.CSI,CSI
指数,931455,港股通消费CNY,931455.CSI,CSI
指数,931456,中国教育,931456.CSI,CSI
指数,931457,中国教育HKD,931457.CSI,CSI
指数,931458,中国教育USD,931458.CSI,CSI
指数,931459,中证800USD,931459.CSI,CSI
指数,931460,中证1000USD,931460.CSI,CSI
指数,931461,电子50,931461.CSI,CSI
指数,931462,SHS中国教育HKD,931462.CSI,CSI
指数,931463,300 ESG,931463.CSI,CSI
指数,931465,300 ESG领先,931465.CSI,CSI
指数,931466,300 ESG价值,931466.CSI,CSI
指数,931467,医药龙头,931467.CSI,CSI
指数,931468,红利质量,931468.CSI,CSI
指数,931469,云计算50,931469.CSI,CSI
指数,931470,SHS云计算,931470.CSI,CSI
指数,931471,SHS云计算HKD,931471.CSI,CSI
指数,931473,民企50,931473.CSI,CSI
指数,931473CNY010,民企50全收益,931473CNY010.CSI,CSI
指数,931474,SHS地产龙头,931474.CSI,CSI
指数,931475,SHS地产龙头(HKD),931475.CSI,CSI
指数,931476,ESG120策略,931476.CSI,CSI
指数,931477,华夏银行ESG,931477.CSI,CSI
指数,931479,证券保险,931479.CSI,CSI
指数,931480,线上消费,931480.CSI,CSI
指数,931481,SHS线上消费,931481.CSI,CSI
指数,931482,SHS线上消费HKD,931482.CSI,CSI
指数,931483,电子科技50,931483.CSI,CSI
指数,931484,CS医药创新,931484.CSI,CSI
指数,931487,SHS人工智能50,931487.CSI,CSI
指数,931488,SHS人工智能50HKD,931488.CSI,CSI
指数,931489,A股通策略,931489.CSI,CSI
指数,931491,5G 100,931491.CSI,CSI
指数,931492,SHS 5G 100,931492.CSI,CSI
指数,931492HKD,SHS5G100HKD,931492HKD.CSI,CSI
指数,931493,精选市场金矿,931493.CSI,CSI
指数,931493CNY210,精选市场金矿(全),931493CNY210.CSI,CSI
指数,931493HKD200,精选市场金矿HKD,931493HKD200.CSI,CSI
指数,931493HKD210,精选市场金矿(全)HKD,931493HKD210.CSI,CSI
指数,931493USD200,精选市场金矿USD,931493USD200.CSI,CSI
指数,931493USD210,精选市场金矿(全)USD,931493USD210.CSI,CSI
指数,931494,消费电子,931494.CSI,CSI
指数,931495,工业互联,931495.CSI,CSI
指数,931497,沪港深新基建,931497.CSI,CSI
指数,931497HKD,沪港深新基建HKD,931497HKD.CSI,CSI
指数,931498,行业潜力,931498.CSI,CSI
指数,931498CNY01,行业潜力全收益,931498CNY01.CSI,CSI
指数,931512,周期50,931512.CSI,CSI
指数,931513,公共卫生,931513.CSI,CSI
指数,931521,高装细分50,931521.CSI,CSI
指数,931522,央企新动能,931522.CSI,CSI
指数,931523,SHS动漫游戏,931523.CSI,CSI
指数,931523HKD,SHS动漫游戏HKD,931523HKD.CSI,CSI
指数,931524,SHS科技龙头,931524.CSI,CSI
指数,931524HKD,SHS科技龙头HKD,931524HKD.CSI,CSI
指数,931525,兴业证券ESG盈利100,931525.CSI,CSI
指数,931526,企业核心竞争力50,931526.CSI,CSI
指数,931528,光伏设备行业,931528.CSI,CSI
指数,931528CNY010,光伏设备行业全收益,931528CNY010.CSI,CSI
指数,931529,国企数字经济,931529.CSI,CSI
指数,931529CNY010,国企数字经济全收益,931529CNY010.CSI,CSI
指数,931530,内地企业能源,931530.CSI,CSI
指数,931530CNY01,内地企业能源(全),931530CNY01.CSI,CSI
指数,931530HKD00,内地企业能源HKD,931530HKD00.CSI,CSI
指数,931530HKD01,内地企业能源(全)HKD,931530HKD01.CSI,CSI
指数,931530USD00,内地企业能源USD,931530USD00.CSI,CSI
指数,931530USD01,内地企业能源(全)USD,931530USD01.CSI,CSI
指数,931531,内地企业材料,931531.CSI,CSI
指数,931531CNY01,内地企业材料(全),931531CNY01.CSI,CSI
指数,931531HKD00,内地企业材料HKD,931531HKD00.CSI,CSI
指数,931531HKD01,内地企业材料(全)HKD,931531HKD01.CSI,CSI
指数,931531USD00,内地企业材料USD,931531USD00.CSI,CSI
指数,931531USD01,内地企业材料(全)USD,931531USD01.CSI,CSI
指数,931532,内地企业工业,931532.CSI,CSI
指数,931532CNY01,内地企业工业(全),931532CNY01.CSI,CSI
指数,931532HKD00,内地企业工业HKD,931532HKD00.CSI,CSI
指数,931532HKD01,内地企业工业(全)HKD,931532HKD01.CSI,CSI
指数,931532USD00,内地企业工业USD,931532USD00.CSI,CSI
指数,931532USD01,内地企业工业(全)USD,931532USD01.CSI,CSI
指数,931533,内地企业可选,931533.CSI,CSI
指数,931533CNY01,内地企业可选(全),931533CNY01.CSI,CSI
指数,931533HKD00,内地企业可选HKD,931533HKD00.CSI,CSI
指数,931533HKD01,内地企业可选(全)HKD,931533HKD01.CSI,CSI
指数,931533USD00,内地企业可选(USD),931533USD00.CSI,CSI
指数,931533USD01,内地企业可选(全)USD,931533USD01.CSI,CSI
指数,931534,内地企业消费,931534.CSI,CSI
指数,931534CNY01,内地企业消费(全),931534CNY01.CSI,CSI
指数,931534HKD00,内地企业消费HKD,931534HKD00.CSI,CSI
指数,931534HKD01,内地企业消费(全)HKD,931534HKD01.CSI,CSI
指数,931534USD00,内地企业消费(USD),931534USD00.CSI,CSI
指数,931534USD01,内地企业消费(全)USD,931534USD01.CSI,CSI
指数,931535,内地企业医药,931535.CSI,CSI
指数,931535CNY01,内地企业医药(全),931535CNY01.CSI,CSI
指数,931535HKD00,内地企业医药HKD,931535HKD00.CSI,CSI
指数,931535HKD01,内地企业医药(全)HKD,931535HKD01.CSI,CSI
指数,931535USD00,内地企业医药(USD),931535USD00.CSI,CSI
指数,931535USD01,内地企业医药(全)USD,931535USD01.CSI,CSI
指数,931536,内地企业金融,931536.CSI,CSI
指数,931536CNY01,内地企业金融(全),931536CNY01.CSI,CSI
指数,931536HKD00,内地企业金融HKD,931536HKD00.CSI,CSI
指数,931536HKD01,内地企业金融(全)HKD,931536HKD01.CSI,CSI
指数,931536USD00,内地企业金融USD,931536USD00.CSI,CSI
指数,931536USD01,内地企业金融(全)USD,931536USD01.CSI,CSI
指数,931537,内地企业信息,931537.CSI,CSI
指数,931537CNY01,内地企业信息(全),931537CNY01.CSI,CSI
指数,931537HKD00,内地企业信息HKD,931537HKD00.CSI,CSI
指数,931537HKD01,内地企业信息(全)HKD,931537HKD01.CSI,CSI
指数,931537USD00,内地企业信息USD,931537USD00.CSI,CSI
指数,931537USD01,内地企业信息(全)USD,931537USD01.CSI,CSI
指数,931538,内地企业通信,931538.CSI,CSI
指数,931538CNY01,内地企业电信(全),931538CNY01.CSI,CSI
指数,931538HKD00,内地企业电信HKD,931538HKD00.CSI,CSI
指数,931538HKD01,内地企业电信(全)HKD,931538HKD01.CSI,CSI
指数,931538USD00,内地企业电信USD,931538USD00.CSI,CSI
指数,931538USD01,内地企业电信(全)USD,931538USD01.CSI,CSI
指数,931539,内地企业公用,931539.CSI,CSI
指数,931539CNY01,内地企业公用(全),931539CNY01.CSI,CSI
指数,931539HKD00,内地企业公用HKD,931539HKD00.CSI,CSI
指数,931539HKD01,内地企业公用(全)HKD,931539HKD01.CSI,CSI
指数,931539USD00,内地企业公用USD,931539USD00.CSI,CSI
指数,931539USD01,内地企业公用(全)USD,931539USD01.CSI,CSI
指数,931540,中国1000能源(CNY),931540.CSI,CSI
指数,931540CNY01,中国1000能源(全)CNY,931540CNY01.CSI,CSI
指数,931540HKD00,中国1000能源HKD,931540HKD00.CSI,CSI
指数,931540HKD01,中国1000能源(全)HKD,931540HKD01.CSI,CSI
指数,931540USD00,中国1000能源(USD),931540USD00.CSI,CSI
指数,931540USD01,中国1000能源(全)USD,931540USD01.CSI,CSI
指数,931541,中国1000材料(CNY),931541.CSI,CSI
指数,931541CNY01,中国1000材料(全)CNY,931541CNY01.CSI,CSI
指数,931541HKD00,中国1000材料HKD,931541HKD00.CSI,CSI
指数,931541HKD01,中国1000材料(全)HKD,931541HKD01.CSI,CSI
指数,931541USD00,中国1000材料(USD),931541USD00.CSI,CSI
指数,931541USD01,中国1000材料(全)USD,931541USD01.CSI,CSI
指数,931542,中国1000工业(CNY),931542.CSI,CSI
指数,931542CNY01,中国1000工业(全)CNY,931542CNY01.CSI,CSI
指数,931542HKD00,中国1000工业HKD,931542HKD00.CSI,CSI
指数,931542HKD01,中国1000工业(全)HKD,931542HKD01.CSI,CSI
指数,931542USD00,中国1000工业(USD),931542USD00.CSI,CSI
指数,931542USD01,中国1000工业(全)USD,931542USD01.CSI,CSI
指数,931543,中国1000可选(CNY),931543.CSI,CSI
指数,931543CNY01,中国1000可选(全)CNY,931543CNY01.CSI,CSI
指数,931543HKD00,中国1000可选HKD,931543HKD00.CSI,CSI
指数,931543HKD01,中国1000可选(全)HKD,931543HKD01.CSI,CSI
指数,931543USD00,中国1000可选(USD),931543USD00.CSI,CSI
指数,931543USD01,中国1000可选(全)USD,931543USD01.CSI,CSI
指数,931544,中国1000消费(CNY),931544.CSI,CSI
指数,931544CNY01,中国1000消费(全)CNY,931544CNY01.CSI,CSI
指数,931544HKD00,中国1000消费HKD,931544HKD00.CSI,CSI
指数,931544HKD01,中国1000消费(全)HKD,931544HKD01.CSI,CSI
指数,931544USD00,中国1000消费(USD),931544USD00.CSI,CSI
指数,931544USD01,中国1000消费(全)USD,931544USD01.CSI,CSI
指数,931545,中国1000医药(CNY),931545.CSI,CSI
指数,931545CNY01,中国1000医药(全)CNY,931545CNY01.CSI,CSI
指数,931545HKD00,中国1000医药HKD,931545HKD00.CSI,CSI
指数,931545HKD01,中国1000医药(全)HKD,931545HKD01.CSI,CSI
指数,931545USD00,中国1000医药(USD),931545USD00.CSI,CSI
指数,931545USD01,中国1000医药(全)USD,931545USD01.CSI,CSI
指数,931546,中国1000金融(CNY),931546.CSI,CSI
指数,931546CNY01,中国1000金融(全)CNY,931546CNY01.CSI,CSI
指数,931546HKD00,中国1000金融HKD,931546HKD00.CSI,CSI
指数,931546HKD01,中国1000金融(全)HKD,931546HKD01.CSI,CSI
指数,931546USD00,中国1000金融(USD),931546USD00.CSI,CSI
指数,931546USD01,中国1000金融(全)USD,931546USD01.CSI,CSI
指数,931547,中国1000信息(CNY),931547.CSI,CSI
指数,931547CNY01,中国1000信息(全)CNY,931547CNY01.CSI,CSI
指数,931547HKD00,中国1000信息HKD,931547HKD00.CSI,CSI
指数,931547HKD01,中国1000信息(全)HKD,931547HKD01.CSI,CSI
指数,931547USD00,中国1000信息(USD),931547USD00.CSI,CSI
指数,931547USD01,中国1000信息(全)USD,931547USD01.CSI,CSI
指数,931548,中国1000通信,931548.CSI,CSI
指数,931548CNY01,中国1000电信(全)CNY,931548CNY01.CSI,CSI
指数,931548HKD00,中国1000电信HKD,931548HKD00.CSI,CSI
指数,931548HKD01,中国1000电信(全)HKD,931548HKD01.CSI,CSI
指数,931548USD00,中国1000电信(USD),931548USD00.CSI,CSI
指数,931548USD01,中国1000电信(全)USD,931548USD01.CSI,CSI
指数,931549,中国1000公用(CNY),931549.CSI,CSI
指数,931549CNY01,中国1000公用(全)CNY,931549CNY01.CSI,CSI
指数,931549HKD00,中国1000公用HKD,931549HKD00.CSI,CSI
指数,931549HKD01,中国1000公用(全)HKD,931549HKD01.CSI,CSI
指数,931549USD00,中国1000公用(USD),931549USD00.CSI,CSI
指数,931549USD01,中国1000公用(全)USD,931549USD01.CSI,CSI
指数,931550,内地企业动量,931550.CSI,CSI
指数,931550CNY01,内地企业动量(全),931550CNY01.CSI,CSI
指数,931550HKD00,内地企业动量HKD,931550HKD00.CSI,CSI
指数,931550HKD01,内地企业动量(全)HKD,931550HKD01.CSI,CSI
指数,931550USD00,内地企业动量USD,931550USD00.CSI,CSI
指数,931550USD01,内地企业动量(全)USD,931550USD01.CSI,CSI
指数,931551,内地企业ERC,931551.CSI,CSI
指数,931551CNY01,内地企业ERC(全),931551CNY01.CSI,CSI
指数,931551HKD00,内地企业ERCHKD,931551HKD00.CSI,CSI
指数,931551HKD01,内地企业ERC(全)HKD,931551HKD01.CSI,CSI
指数,931551USD00,内地企业ERCUSD,931551USD00.CSI,CSI
指数,931551USD01,内地企业ERC(全)USD,931551USD01.CSI,CSI
指数,931554,长江保护,931554.CSI,CSI
指数,931554CNY01,长江保护(全),931554CNY01.CSI,CSI
指数,931554HKD00,长江保护HKD,931554HKD00.CSI,CSI
指数,931554HKD01,长江保护(全)HKD,931554HKD01.CSI,CSI
指数,931555,新能电池,931555.CSI,CSI
指数,931555CNY01,新能电池全收益,931555CNY01.CSI,CSI
指数,931557,苏锡常指,931557.CSI,CSI
指数,931557CNY01,苏锡常指全收益,931557CNY01.CSI,CSI
指数,931558,无锡指数,931558.CSI,CSI
指数,931558CNY01,无锡指数全收益,931558CNY01.CSI,CSI
指数,931559,苏银理财长三角,931559.CSI,CSI
指数,931559CNY01,苏银理财长三角全收益,931559CNY01.CSI,CSI
指数,931573,港股通科技,931573.CSI,CSI
指数,931573CNY00,港股通科技CNY,931573CNY00.CSI,CSI
指数,931573CNY01,港股通科技(全)CNY,931573CNY01.CSI,CSI
指数,931573CNY100,港股通科技人民币中间价,931573CNY100.CSI,CSI
指数,931573CNY110,港股通科技人民币中间价(全),931573CNY110.CSI,CSI
指数,931573CNY120,港股通科技人民币中间价(净),931573CNY120.CSI,CSI
指数,931573HKD01,港股通科技(全),931573HKD01.CSI,CSI
指数,931574,港股科技(HKD),931574.CSI,CSI
指数,931574CNY00,港股科技(CNY),931574CNY00.CSI,CSI
指数,931574CNY01,港股科技全收益(CNY),931574CNY01.CSI,CSI
指数,931574HKD01,港股科技全收益(HKD),931574HKD01.CSI,CSI
指数,931575,SHS物联网,931575.CSI,CSI
指数,931575CNY01,SHS物联网全收益,931575CNY01.CSI,CSI
指数,931575HKD00,SHS物联网HKD,931575HKD00.CSI,CSI
指数,931575HKD01,SHS物联网(全)HKD,931575HKD01.CSI,CSI
指数,931579,东证优势成长,931579.CSI,CSI
指数,931579CNY01,东证优势成长全收益,931579CNY01.CSI,CSI
指数,931580,SHS游戏传媒,931580.CSI,CSI
指数,931580CNY01,SHS游戏传媒(全),931580CNY01.CSI,CSI
指数,931580HKD00,SHS游戏传媒(HKD),931580HKD00.CSI,CSI
指数,931580HKD01,SHS游戏传媒(全)HKD,931580HKD01.CSI,CSI
指数,931581,周期稳健成长50,931581.CSI,CSI
指数,931581CNY01,周期稳健成长50全收益,931581CNY01.CSI,CSI
指数,931582,数字经济,931582.CSI,CSI
指数,931582CNY01,数字经济全收益,931582CNY01.CSI,CSI
指数,931583,SHS数字经济,931583.CSI,CSI
指数,931583CNY01,SHS数字经济(全),931583CNY01.CSI,CSI
指数,931583HKD00,SHS数字经济HKD,931583HKD00.CSI,CSI
指数,931583HKD01,SHS数字经济(全)HKD,931583HKD01.CSI,CSI
指数,931585,卫星导航,931585.CSI,CSI
指数,931585CNY01,卫星导航全收益,931585CNY01.CSI,CSI
指数,931586,300价值稳健,931586.CSI,CSI
指数,931586CNY01,300价值稳健全收益,931586CNY01.CSI,CSI
指数,931587,500价值稳健,931587.CSI,CSI
指数,931587CNY01,500价值稳健全收益,931587CNY01.CSI,CSI
指数,931588,1000价值稳健,931588.CSI,CSI
指数,931588CNY01,1000价值稳健全收益,931588CNY01.CSI,CSI
指数,931589,300成长创新,931589.CSI,CSI
指数,931589CNY01,300成长创新全收益,931589CNY01.CSI,CSI
指数,931590,500成长创新,931590.CSI,CSI
指数,931590CNY01,500成长创新全收益,931590CNY01.CSI,CSI
指数,931591,1000成长创新,931591.CSI,CSI
指数,931591CNY01,1000成长创新全收益,931591CNY01.CSI,CSI
指数,931592,医疗科技,931592.CSI,CSI
指数,931592CNY01,医疗科技全收益,931592CNY01.CSI,CSI
指数,931593,科技领先,931593.CSI,CSI
指数,931593CNY01,科技领先全收益,931593CNY01.CSI,CSI
指数,931594,卫星产业,931594.CSI,CSI
指数,931594CNY01,卫星产业全收益,931594CNY01.CSI,CSI
指数,931595,CSSW通胀防御,931595.CSI,CSI
指数,931595CNY01,CSSW通胀防御全收益,931595CNY01.CSI,CSI
指数,931596,SHS张江50,931596.CSI,CSI
指数,931596CNY01,SHS张江50(全),931596CNY01.CSI,CSI
指数,931596HKD00,SHS张江50HKD,931596HKD00.CSI,CSI
指数,931596HKD01,SHS张江50(全)HKD,931596HKD01.CSI,CSI
指数,931597,全球张江综指,931597.CSI,CSI
指数,931597CNY01,全球张江综指(全),931597CNY01.CSI,CSI
指数,931597HKD00,全球张江综指HKD,931597HKD00.CSI,CSI
指数,931597HKD01,全球张江综指(全)HKD,931597HKD01.CSI,CSI
指数,931597USD00,全球张江综指USD,931597USD00.CSI,CSI
指数,931597USD01,全球张江综指(全)USD,931597USD01.CSI,CSI
指数,931598,中银证券300ESG,931598.CSI,CSI
指数,931598CNY01,中银证券300ESG(全),931598CNY01.CSI,CSI
指数,931599,湖南50,931599.CSI,CSI
指数,931599CNY010,湖南50全收益,931599CNY010.CSI,CSI
指数,931599CNY020,湖南50净收益,931599CNY020.CSI,CSI
指数,931637,港股通互联网,931637.CSI,CSI
指数,931637CNY00,港股通互联网CNY,931637CNY00.CSI,CSI
指数,931637CNY01,港股通互联网(全)CNY,931637CNY01.CSI,CSI
指数,931637CNY100,港股通互联网人民币中间价,931637CNY100.CSI,CSI
指数,931637CNY110,港股通互联网人民币中间价(全),931637CNY110.CSI,CSI
指数,931637HKD01,港股通互联网(全),931637HKD01.CSI,CSI
指数,931638,港股互联网,931638.CSI,CSI
指数,931638CNY00,港股互联网CNY,931638CNY00.CSI,CSI
指数,931638CNY01,港股互联网(全)CNY,931638CNY01.CSI,CSI
指数,931638HKD01,港股互联网(全),931638HKD01.CSI,CSI
指数,931639,创新药优势成长50,931639.CSI,CSI
指数,931639CNY01,创新药优势成长50全收益,931639CNY01.CSI,CSI
指数,931643,科创创业50,931643.CSI,CSI
指数,931643CNY01,科创创业50全收益,931643CNY01.CSI,CSI
指数,931644,800红利,931644.CSI,CSI
指数,931644CNY010,800红利全收益,931644CNY010.CSI,CSI
指数,931644CNY020,800红利净收益,931644CNY020.CSI,CSI
指数,931645,1000红利,931645.CSI,CSI
指数,931645CNY010,1000红利全收益,931645CNY010.CSI,CSI
指数,931645CNY020,1000红利净收益,931645CNY020.CSI,CSI
指数,931646,SHS新消费,931646.CSI,CSI
指数,931646CNY01,SHS新消费(全),931646CNY01.CSI,CSI
指数,931646HKD00,SHS新消费HKD,931646HKD00.CSI,CSI
指数,931646HKD01,SHS新消费(全)HKD,931646HKD01.CSI,CSI
指数,931647,兴银理财均衡300,931647.CSI,CSI
指数,931647CNY01,兴银理财均衡300全收益,931647CNY01.CSI,CSI
指数,931648,500ESG,931648.CSI,CSI
指数,931648CNY01,500ESG全收益,931648CNY01.CSI,CSI
指数,931648CNY02,500ESG净收益,931648CNY02.CSI,CSI
指数,931649,500ESG领先,931649.CSI,CSI
指数,931649CNY01,500ESG领先全收益,931649CNY01.CSI,CSI
指数,931649CNY02,500ESG领先净收益,931649CNY02.CSI,CSI
指数,931650,800ESG,931650.CSI,CSI
指数,931650CNY01,800ESG全收益,931650CNY01.CSI,CSI
指数,931650CNY02,800ESG净收益,931650CNY02.CSI,CSI
指数,931651,800ESG领先,931651.CSI,CSI
指数,931651CNY01,800ESG领先全收益,931651CNY01.CSI,CSI
指数,931651CNY02,800ESG领先净收益,931651CNY02.CSI,CSI
指数,931652,厦门指数,931652.CSI,CSI
指数,931652CNY01,厦门指数全收益,931652CNY01.CSI,CSI
指数,931656,全球算力,931656.CSI,CSI
指数,931656CNY210,全球算力(全),931656CNY210.CSI,CSI
指数,931656HKD200,全球算力HKD,931656HKD200.CSI,CSI
指数,931656HKD210,全球算力(全)HKD,931656HKD210.CSI,CSI
指数,931656USD200,全球算力USD,931656USD200.CSI,CSI
指数,931656USD210,全球算力(全)USD,931656USD210.CSI,CSI
指数,931657,精选市场算力,931657.CSI,CSI
指数,931657CNY200,精选市场算力CNY,931657CNY200.CSI,CSI
指数,931657CNY210,精选市场算力(全)CNY,931657CNY210.CSI,CSI
指数,931657HKD200,精选市场算力HKD,931657HKD200.CSI,CSI
指数,931657HKD210,精选市场算力(全)HKD,931657HKD210.CSI,CSI
指数,931657USD210,精选市场算力(全),931657USD210.CSI,CSI
指数,931660,中证东盟80,931660.CSI,CSI
指数,931660CNY01,中证东盟80全收益,931660CNY01.CSI,CSI
指数,931660USD00,中证东盟80美元指数,931660USD00.CSI,CSI
指数,931660USD01,中证东盟80美元全收益,931660USD01.CSI,CSI
指数,931661,500ESG价值,931661.CSI,CSI
指数,931661CNY01,500ESG价值全收益,931661CNY01.CSI,CSI
指数,931662,800ESG价值,931662.CSI,CSI
指数,931662CNY01,800ESG价值全收益,931662CNY01.CSI,CSI
指数,931663,SHS消费龙头,931663.CSI,CSI
指数,931663CNY01,SHS消费龙头(全),931663CNY01.CSI,CSI
指数,931663HKD00,SHS消费龙头HKD,931663HKD00.CSI,CSI
指数,931663HKD01,SHS消费龙头(全)HKD,931663HKD01.CSI,CSI
指数,931664,动力电池,931664.CSI,CSI
指数,931664CNY01,动力电池全收益,931664CNY01.CSI,CSI
指数,931665,CS常州,931665.CSI,CSI
指数,931665CNY01,CS常州全收益,931665CNY01.CSI,CSI
指数,931666,宁波综指,931666.CSI,CSI
指数,931666CNY01,宁波综指全收益,931666CNY01.CSI,CSI
指数,931669,精选市场生物科技,931669.CSI,CSI
指数,931669CNY200,精选市场生物科技CNY,931669CNY200.CSI,CSI
指数,931669CNY210,精选市场生物科技(全)CNY,931669CNY210.CSI,CSI
指数,931669HKD200,精选市场生物科技HKD,931669HKD200.CSI,CSI
指数,931669HKD210,精选市场生物科技(全)HKD,931669HKD210.CSI,CSI
指数,931669USD210,精选市场生物科技(全),931669USD210.CSI,CSI
指数,931670,医疗50,931670.CSI,CSI
指数,931670CNY01,医疗50全收益,931670CNY01.CSI,CSI
指数,931671,新能源车优势30,931671.CSI,CSI
指数,931671CNY01,新能源车优势30全收益,931671CNY01.CSI,CSI
指数,931672,风电产业,931672.CSI,CSI
指数,931672CNY01,风电产业全收益,931672CNY01.CSI,CSI
指数,931673,SHS风电产业,931673.CSI,CSI
指数,931673CNY01,SHS风电产业(全),931673CNY01.CSI,CSI
指数,931673HKD00,SHS风电产业HKD,931673HKD00.CSI,CSI
指数,931673HKD01,SHS风电产业(全)HKD,931673HKD01.CSI,CSI
指数,931678,目标保守,931678.CSI,CSI
指数,931679,目标稳健,931679.CSI,CSI
指数,931680,目标平衡,931680.CSI,CSI
指数,931681,目标积极,931681.CSI,CSI
指数,931682,酒主题,931682.CSI,CSI
指数,931682CNY01,酒主题全收益,931682CNY01.CSI,CSI
指数,931683,SHS酒主题,931683.CSI,CSI
指数,931683CNY01,SHS酒主题全收益,931683CNY01.CSI,CSI
指数,931683HKD00,SHS酒主题HKD,931683HKD00.CSI,CSI
指数,931683HKD01,SHS酒主题(全)HKD,931683HKD01.CSI,CSI
指数,931684,300价值策略,931684.CSI,CSI
指数,931684CNY010,300价值策略全收益,931684CNY010.CSI,CSI
指数,931684CNY020,300价值策略净收益,931684CNY020.CSI,CSI
指数,931685,300成长策略,931685.CSI,CSI
指数,931685CNY010,300成长策略全收益,931685CNY010.CSI,CSI
指数,931685CNY020,300成长策略净收益,931685CNY020.CSI,CSI
指数,931686,1000 ESG领先,931686.CSI,CSI
指数,931686CNY010,1000 ESG领先全收益,931686CNY010.CSI,CSI
指数,931687,证券时报价值100,931687.CSI,CSI
指数,931687CNY01,证券时报价值100全收益,931687CNY01.CSI,CSI
指数,931688,中证算力,931688.CSI,CSI
指数,931688CNY010,中证算力全收益,931688CNY010.CSI,CSI
指数,931695,成渝经济圈,931695.CSI,CSI
指数,931695CNY01,成渝经济圈全收益,931695CNY01.CSI,CSI
指数,931696,科技50策略,931696.CSI,CSI
指数,931696CNY01,科技50策略全收益,931696CNY01.CSI,CSI
指数,931697,消费50策略,931697.CSI,CSI
指数,931697CNY01,消费50策略全收益,931697CNY01.CSI,CSI
指数,931698,医药50策略,931698.CSI,CSI
指数,931698CNY01,医药50策略全收益,931698CNY01.CSI,CSI
指数,931717,宁波制造,931717.CSI,CSI
指数,931717CNY01,宁波制造全收益,931717CNY01.CSI,CSI
指数,931718,高端造质量成长50,931718.CSI,CSI
指数,931718CNY01,高端造质量成长50(全),931718CNY01.CSI,CSI
指数,931719,CS电池,931719.CSI,CSI
指数,931719CNY01,CS电池全收益,931719CNY01.CSI,CSI
指数,931720,CS武进,931720.CSI,CSI
指数,931720CNY01,CS武进(全),931720CNY01.CSI,CSI
指数,931720HKD00,CS武进HKD,931720HKD00.CSI,CSI
指数,931720HKD01,CS武进(全)HKD,931720HKD01.CSI,CSI
指数,931720USD00,CS武进USD,931720USD00.CSI,CSI
指数,931720USD01,CS武进(全)USD,931720USD01.CSI,CSI
指数,931721,中美互联网人民币中间价,931721.CSI,CSI
指数,931721CNY01,中美互联网人民币中间价(全),931721CNY01.CSI,CSI
指数,931722,国新港股通央企红利,931722.CSI,CSI
指数,931722CNY100,国新港股通央企红利CPR,931722CNY100.CSI,CSI
指数,931722CNY110,国新港股通央企红利(全)CPR,931722CNY110.CSI,CSI
指数,931722HKD210,国新港股通央企红利(全),931722HKD210.CSI,CSI
指数,931722HKD220,国新港股通央企红利(净),931722HKD220.CSI,CSI
指数,931722USD200,国新港股通央企红利USD,931722USD200.CSI,CSI
指数,931722USD210,国新港股通央企红利(全)USD,931722USD210.CSI,CSI
指数,931723,光通信,931723.CSI,CSI
指数,931723CNY010,光通信全收益,931723CNY010.CSI,CSI
指数,931725,中华联合优质成长,931725.CSI,CSI
指数,931725CNY01,中华联合优质成长全收益,931725CNY01.CSI,CSI
指数,931726,网络安全,931726.CSI,CSI
指数,931726CNY01,网络安全全收益,931726CNY01.CSI,CSI
指数,931727,SHS食品,931727.CSI,CSI
指数,931727CNY01,SHS食品(全),931727CNY01.CSI,CSI
指数,931727HKD00,SHS食品HKD,931727HKD00.CSI,CSI
指数,931727HKD01,SHS食品(全)HKD,931727HKD01.CSI,CSI
指数,931728,食品主题,931728.CSI,CSI
指数,931728CNY01,食品主题全收益,931728CNY01.CSI,CSI
指数,931730,SHS光伏30,931730.CSI,CSI
指数,931730CNY01,SHS光伏30(全),931730CNY01.CSI,CSI
指数,931731,SHS太阳能50,931731.CSI,CSI
指数,931731CNY01,SHS太阳能50(全),931731CNY01.CSI,CSI
指数,931733,绿色能源,931733.CSI,CSI
指数,931733CNY01,绿色能源全收益,931733CNY01.CSI,CSI
指数,931734,港美上市中美科技,931734.CSI,CSI
指数,931734CNY00,港美上市中美科技CNY,931734CNY00.CSI,CSI
指数,931734CNY01,港美上市中美科技(全)CNY,931734CNY01.CSI,CSI
指数,931734CNY10,港美上市中美科技人民币中间价,931734CNY10.CSI,CSI
指数,931734CNY11,港美上市中美科技人民币中间价(全),931734CNY11.CSI,CSI
指数,931734USD01,港美上市中美科技(全),931734USD01.CSI,CSI
指数,931735,信银ESG优选,931735.CSI,CSI
指数,931735CNY01,信银ESG优选全收益,931735CNY01.CSI,CSI
指数,931735CNY02,信银ESG优选净收益,931735CNY02.CSI,CSI
指数,931736,债股利差稳健,931736.CSI,CSI
指数,931737,债股利差平衡,931737.CSI,CSI
指数,931738,债股利差平衡(含转债),931738.CSI,CSI
指数,931739,债券利差稳健(含转债),931739.CSI,CSI
指数,931742,工银理财碳中和配置,931742.CSI,CSI
指数,931743,半导体材料设备,931743.CSI,CSI
指数,931743CNY010,半导体材料设备全收益,931743CNY010.CSI,CSI
指数,931744,港股物业,931744.CSI,CSI
指数,931744HKD01,港股物业全收益,931744HKD01.CSI,CSI
指数,931745,SHS物业,931745.CSI,CSI
指数,931745CNY01,SHS物业(全),931745CNY01.CSI,CSI
指数,931745HKD00,SHS物业HKD,931745HKD00.CSI,CSI
指数,931745HKD01,SHS物业(全)HKD,931745HKD01.CSI,CSI
指数,931746,储能产业,931746.CSI,CSI
指数,931746CNY01,储能产业全收益,931746CNY01.CSI,CSI
指数,931747,中证储能,931747.CSI,CSI
指数,931747CNY01,中证储能全收益,931747CNY01.CSI,CSI
指数,931750,CXO,931750.CSI,CSI
指数,931750CNY01,CXO全收益,931750CNY01.CSI,CSI
指数,931751,SHS CXO,931751.CSI,CSI
指数,931751CNY01,SHS CXO(全),931751CNY01.CSI,CSI
指数,931751HKD00,SHS CXO HKD,931751HKD00.CSI,CSI
指数,931751HKD01,SHS CXO(全)HKD,931751HKD01.CSI,CSI
指数,931752,工程机械主题,931752.CSI,CSI
指数,931752CNY01,工程机械主题全收益,931752CNY01.CSI,CSI
指数,931753,机械优势30,931753.CSI,CSI
指数,931753CNY01,机械优势30全收益,931753CNY01.CSI,CSI
指数,931755,SEEE碳中和,931755.CSI,CSI
指数,931755CNY01,SEEE碳中和全收益,931755CNY01.CSI,CSI
指数,931761,新生消费,931761.CSI,CSI
指数,931761CNY01,新生消费全收益,931761CNY01.CSI,CSI
指数,931762,龙头优势50,931762.CSI,CSI
指数,931762CNY01,龙头优势50全收益,931762CNY01.CSI,CSI
指数,931763,SHS龙头优势50,931763.CSI,CSI
指数,931763CNY01,SHS龙头优势50(全),931763CNY01.CSI,CSI
指数,931763HKD00,SHS龙头优势50HKD,931763HKD00.CSI,CSI
指数,931763HKD01,SHS龙头优势50(全)HKD,931763HKD01.CSI,CSI
指数,931765,SHS新生代消费,931765.CSI,CSI
指数,931765CNY01,SHS新生代消费(全),931765CNY01.CSI,CSI
指数,931765HKD00,SHS新生代消费HKD,931765HKD00.CSI,CSI
指数,931765HKD01,SHS新生代消费(全)HKD,931765HKD01.CSI,CSI
指数,931771,华夏银行新经济,931771.CSI,CSI
指数,931772,碳中和60,931772.CSI,CSI
指数,931772CNY01,碳中和60全收益,931772CNY01.CSI,CSI
指数,931773,北银理财央企能源,931773.CSI,CSI
指数,931773CNY010,北银理财央企能源全收益,931773CNY010.CSI,CSI
指数,931773CNY020,北银理财央企能源净收益,931773CNY020.CSI,CSI
指数,931774,沪港深AR/VR,931774.CSI,CSI
指数,931774CNY01,沪港深AR/VR(全),931774CNY01.CSI,CSI
指数,931775,中证全指房地产,931775.CSI,CSI
指数,931775CNY01,中证全指房地产全收益,931775CNY01.CSI,CSI
指数,931776,生物育种,931776.CSI,CSI
指数,931776CNY01,生物育种全收益,931776CNY01.CSI,CSI
指数,931777,江苏高质量发展,931777.CSI,CSI
指数,931777CNY01,江苏高质量发展全收益,931777CNY01.CSI,CSI
指数,931778,农牧主题,931778.CSI,CSI
指数,931778CNY01,农牧主题全收益,931778CNY01.CSI,CSI
指数,931780,SHS医药龙头,931780.CSI,CSI
指数,931780CNY01,SHS医药龙头(全),931780CNY01.CSI,CSI
指数,931780HKD00,SHS医药龙头HKD,931780HKD00.CSI,CSI
指数,931780HKD01,SHS医药龙头(全)HKD,931780HKD01.CSI,CSI
指数,931782,1000 ESG,931782.CSI,CSI
指数,931782CNY010,1000 ESG全收益,931782CNY010.CSI,CSI
指数,931783,智能驾驶,931783.CSI,CSI
指数,931783CNY01,智能驾驶全收益,931783CNY01.CSI,CSI
指数,931784,SSH智能驾驶,931784.CSI,CSI
指数,931784CNY01,SSH智能驾驶(全),931784CNY01.CSI,CSI
指数,931784HKD00,SSH智能驾驶(HKD),931784HKD00.CSI,CSI
指数,931784HKD01,SSH智能驾驶(全)HKD,931784HKD01.CSI,CSI
指数,931785,智选沪深港科技50,931785.CSI,CSI
指数,931785CNY100,智选沪深港科技50人民币中间价,931785CNY100.CSI,CSI
指数,931785CNY110,智选沪深港科技50人民币中间价全,931785CNY110.CSI,CSI
指数,931785CNY120,智选沪深港科技50人民币中间价净,931785CNY120.CSI,CSI
指数,931785CNY210,智选沪深港科技50(全),931785CNY210.CSI,CSI
指数,931785HKD200,智选沪深港科技50HKD,931785HKD200.CSI,CSI
指数,931785HKD210,智选沪深港科技50(全)HKD,931785HKD210.CSI,CSI
指数,931786,中信债股优选稳健,931786.CSI,CSI
指数,931787,港股创新药(HKD),931787.CSI,CSI
指数,931787CNY00,港股创新药(CNY),931787CNY00.CSI,CSI
指数,931787CNY01,港股创新药(全)CNY,931787CNY01.CSI,CSI
指数,931787HKD01,港股创新药(全)HKD,931787HKD01.CSI,CSI
指数,931788,中韩50,931788.CSI,CSI
指数,931789,中韩新能车,931789.CSI,CSI
指数,931790,中韩半导体,931790.CSI,CSI
指数,931791,大盘蓝筹25,931791.CSI,CSI
指数,931791CNY01,大盘蓝筹25(全),931791CNY01.CSI,CSI
指数,931792,新能车15,931792.CSI,CSI
指数,931792CNY01,新能车15(全),931792CNY01.CSI,CSI
指数,931793,半导体15,931793.CSI,CSI
指数,931793CNY01,半导体15(全),931793CNY01.CSI,CSI
指数,931794,消费领先50,931794.CSI,CSI
指数,931794CNY01,消费领先50全收益,931794CNY01.CSI,CSI
指数,931798,光伏龙头30,931798.CSI,CSI
指数,931798CNY01,光伏龙头30全收益,931798CNY01.CSI,CSI
指数,931799,国寿资产ESG绿色低碳100,931799.CSI,CSI
指数,931799CNY01,国寿资产ESG绿色低碳100全收益,931799CNY01.CSI,CSI
指数,931800,绿色生态(CSI),931800.CSI,CSI
指数,931800,绿色生态,931800.SZ,SZ
指数,931800CNY01,绿色生态全收益,931800CNY01.CSI,CSI
指数,931801,SSH体育,931801.CSI,CSI
指数,931801CNY01,SSH体育(全),931801CNY01.CSI,CSI
指数,931801HKD00,SSH体育(HKD),931801HKD00.CSI,CSI
指数,931801HKD01,SSH体育(全)HKD,931801HKD01.CSI,CSI
指数,931802,中证龙头,931802.CSI,CSI
指数,931802,中证龙头(SH),931802.SH,SH
指数,931802CNY01,中证龙头全收益,931802CNY01.CSI,CSI
指数,931803,龙头核心竞争力50,931803.CSI,CSI
指数,931803CNY01,龙头核心竞争力50全收益,931803CNY01.CSI,CSI
指数,931809,高股息ESG,931809.CSI,CSI
指数,931809CNY01,高股息ESG全收益,931809CNY01.CSI,CSI
指数,931810,汇丰大盘多因子,931810.CSI,CSI
指数,931810CNY01,汇丰大盘多因子全收益,931810CNY01.CSI,CSI
指数,931810CNY020,汇丰大盘多因子净收益,931810CNY020.CSI,CSI
指数,931811,小家电主题,931811.CSI,CSI
指数,931811CNY01,小家电主题全收益,931811CNY01.CSI,CSI
指数,931821,300金融,931821.CSI,CSI
指数,931821CNY010,300金融行业全收益,931821CNY010.CSI,CSI
指数,931822,中证500金融,931822.CSI,CSI
指数,931822CNY010,500金融全收益,931822CNY010.CSI,CSI
指数,931823,国资央企50,931823.CSI,CSI
指数,931823CNY010,国资央企50全收益,931823CNY010.CSI,CSI
指数,931824,国企50,931824.CSI,CSI
指数,931824CNY010,国企50全收益,931824CNY010.CSI,CSI
指数,931825,央企50,931825.CSI,CSI
指数,931825CNY010,央企50全收益,931825CNY010.CSI,CSI
指数,931826,自主创新,931826.CSI,CSI
指数,931826CNY01,自主创新全收益,931826CNY01.CSI,CSI
指数,931827,港股通地产C,931827.CSI,CSI
指数,931827CNY00,港股通地产CCNY,931827CNY00.CSI,CSI
指数,931827CNY01,港股通地产C(全)CNY,931827CNY01.CSI,CSI
指数,931827HKD01,港股通地产C(全),931827HKD01.CSI,CSI
指数,931828,海外中国地产,931828.CSI,CSI
指数,931828CNY01,海外中国地产(全),931828CNY01.CSI,CSI
指数,931828HKD00,海外中国地产HKD,931828HKD00.CSI,CSI
指数,931828HKD01,海外中国地产(全)HKD,931828HKD01.CSI,CSI
指数,931828USD00,海外中国地产USD,931828USD00.CSI,CSI
指数,931828USD01,海外中国地产(全)USD,931828USD01.CSI,CSI
指数,931829,中证回购,931829.CSI,CSI
指数,931829CNY010,中证回购全收益,931829CNY010.CSI,CSI
指数,931829CNY020,中证回购净收益,931829CNY020.CSI,CSI
指数,931830,回购价值策略,931830.CSI,CSI
指数,931830CNY010,回购价值策略全收益,931830CNY010.CSI,CSI
指数,931830CNY020,回购价值策略净收益,931830CNY020.CSI,CSI
指数,931831,回购质量策略,931831.CSI,CSI
指数,931831CNY010,回购质量策略全收益,931831CNY010.CSI,CSI
指数,931831CNY020,回购质量策略净收益,931831CNY020.CSI,CSI
指数,931832,CN80地产,931832.CSI,CSI
指数,931832CNY01,CN80地产(全),931832CNY01.CSI,CSI
指数,931832USD00,CN80地产USD,931832USD00.CSI,CSI
指数,931832USD01,CN80地产(全)USD,931832USD01.CSI,CSI
指数,931833,沪深港旅游休闲,931833.CSI,CSI
指数,931833CNY100,沪深港旅游休闲人民币中间价,931833CNY100.CSI,CSI
指数,931833CNY110,沪深港旅游休闲人民币中间价(全),931833CNY110.CSI,CSI
指数,931833CNY120,沪深港旅游休闲人民币中间价(净),931833CNY120.CSI,CSI
指数,931833HKD210,沪深港旅游休闲(全),931833HKD210.CSI,CSI
指数,931833HKD220,沪深港旅游休闲(净),931833HKD220.CSI,CSI
指数,931834,华福福建100,931834.CSI,CSI
指数,931834CNY010,华福福建100全收益,931834CNY010.CSI,CSI
指数,931834CNY020,华福福建100净收益,931834CNY020.CSI,CSI
指数,931835,H100地产,931835.CSI,CSI
指数,931835CNY00,H100地产CNY,931835CNY00.CSI,CSI
指数,931835CNY01,H100地产(全)CNY,931835CNY01.CSI,CSI
指数,931835HKD01,H100地产(全),931835HKD01.CSI,CSI
指数,931837,央企现代产业,931837.CSI,CSI
指数,931837CNY010,央企现代产业全收益,931837CNY010.CSI,CSI
指数,931838,煤炭产业,931838.CSI,CSI
指数,931838,煤炭产业(SH),931838.SH,SH
指数,931838CNY010,煤炭产业全收益,931838CNY010.CSI,CSI
指数,931838CNY020,煤炭产业净收益,931838CNY020.CSI,CSI
指数,931839,海外中国医药,931839.CSI,CSI
指数,931839CNY01,海外中国医药(全),931839CNY01.CSI,CSI
指数,931839HKD00,海外中国医药HKD,931839HKD00.CSI,CSI
指数,931839HKD01,海外中国医药(全)HKD,931839HKD01.CSI,CSI
指数,931839USD00,海外中国医药USD,931839USD00.CSI,CSI
指数,931839USD01,海外中国医药(全)USD,931839USD01.CSI,CSI
指数,931840,大盘蓝筹25USD,931840.CSI,CSI
指数,931840USD01,大盘蓝筹25(全)USD,931840USD01.CSI,CSI
指数,931841,新能车15USD,931841.CSI,CSI
指数,931841USD01,新能车15(全)USD,931841USD01.CSI,CSI
指数,931842,半导体15USD,931842.CSI,CSI
指数,931842USD01,半导体15(全)USD,931842USD01.CSI,CSI
指数,931845,生猪产业,931845.CSI,CSI
指数,931845,生猪产业(SH),931845.SH,SH
指数,931845CNY01,生猪产业全收益,931845CNY01.CSI,CSI
指数,931846,500ESG优选,931846.CSI,CSI
指数,931846CNY01,500ESG优选全收益,931846CNY01.CSI,CSI
指数,931847,500红利低波,931847.CSI,CSI
指数,931847CNY010,500红利低波全收益,931847CNY010.CSI,CSI
指数,931847CNY020,500红利低波净收益,931847CNY020.CSI,CSI
指数,931848,800红利低波,931848.CSI,CSI
指数,931848CNY010,800红利低波全收益,931848CNY010.CSI,CSI
指数,931848CNY020,800红利低波净收益,931848CNY020.CSI,CSI
指数,931849,1000红利低波,931849.CSI,CSI
指数,931849CNY010,1000红利低波全收益,931849CNY010.CSI,CSI
指数,931849CNY020,1000红利低波净收益,931849CNY020.CSI,CSI
指数,931851,绿色电力50,931851.CSI,CSI
指数,931851CNY01,绿色电力50全收益,931851CNY01.CSI,CSI
指数,931852,每经品牌100,931852.CSI,CSI
指数,931852CNY01,每经品牌100(全),931852CNY01.CSI,CSI
指数,931852HKD00,每经品牌100HKD,931852HKD00.CSI,CSI
指数,931852HKD01,每经品牌100(全)HKD,931852HKD01.CSI,CSI
指数,931852USD00,每经品牌100USD,931852USD00.CSI,CSI
指数,931852USD01,每经品牌100(全)USD,931852USD01.CSI,CSI
指数,931853,全球中国电动车,931853.CSI,CSI
指数,931853CNY210,全球中国电动车(全),931853CNY210.CSI,CSI
指数,931853HKD200,全球中国电动车HKD,931853HKD200.CSI,CSI
指数,931853HKD210,全球中国电动车(全)HKD,931853HKD210.CSI,CSI
指数,931853USD200,全球中国电动车USD,931853USD200.CSI,CSI
指数,931853USD210,全球中国电动车(全)USD,931853USD210.CSI,CSI
指数,931854,低碳盈利100,931854.CSI,CSI
指数,931854CNY01,低碳盈利100全收益,931854CNY01.CSI,CSI
指数,931855,通用航空,931855.CSI,CSI
指数,931855CNY010,通用航空全收益,931855CNY010.CSI,CSI
指数,931857,苏州制造100,931857.CSI,CSI
指数,931857CNY01,苏州制造100全收益,931857CNY01.CSI,CSI
指数,931858,苏州综指,931858.CSI,CSI
指数,931858CNY01,苏州综指(全),931858CNY01.CSI,CSI
指数,931859,300碳中和,931859.CSI,CSI
指数,931859CNY01,300碳中和全收益,931859CNY01.CSI,CSI
指数,931865,中证半导,931865.CSI,CSI
指数,931865CNY01,中证半导全收益,931865CNY01.CSI,CSI
指数,931866,中证机床,931866.CSI,CSI
指数,931866CNY01,中证机床全收益,931866CNY01.CSI,CSI
指数,931867,SSH高装,931867.CSI,CSI
指数,931867CNY01,SSH高装(全),931867CNY01.CSI,CSI
指数,931867HKD00,SSH高装(HKD),931867HKD00.CSI,CSI
指数,931867HKD01,SSH高装(全)HKD,931867HKD01.CSI,CSI
指数,931877,科创创业50净收益,931877.CSI,CSI
指数,931891,ESG300成长优选,931891.CSI,CSI
指数,931891CNY01,ESG300成长优选全收益,931891CNY01.CSI,CSI
指数,931892,有色矿业,931892.CSI,CSI
指数,931892CNY01,有色矿业全收益,931892CNY01.CSI,CSI
指数,931893,银发经济,931893.CSI,CSI
指数,931894,北银理财央企能源股债,931894.CSI,CSI
指数,931895,中证银保,931895.CSI,CSI
指数,931895CNY01,中证银保全收益,931895CNY01.CSI,CSI
指数,931896,300银保,931896.CSI,CSI
指数,931896CNY01,300银保全收益,931896CNY01.CSI,CSI
指数,931897,绿色电力,931897.CSI,CSI
指数,931897CNY01,绿色电力全收益,931897CNY01.CSI,CSI
指数,931898,全球智能汽车,931898.CSI,CSI
指数,931898CNY01,全球智能汽车(全),931898CNY01.CSI,CSI
指数,931898HKD00,全球智能汽车HKD,931898HKD00.CSI,CSI
指数,931898HKD01,全球智能汽车(全)HKD,931898HKD01.CSI,CSI
指数,931898USD00,全球智能汽车USD,931898USD00.CSI,CSI
指数,931898USD01,全球智能汽车(全)USD,931898USD01.CSI,CSI
指数,931899,全球智能驾驶,931899.CSI,CSI
指数,931899CNY01,全球智能驾驶(全),931899CNY01.CSI,CSI
指数,931899HKD00,全球智能驾驶(HKD),931899HKD00.CSI,CSI
指数,931899HKD01,全球智能驾驶(全)HKD,931899HKD01.CSI,CSI
指数,931899USD00,全球智能驾驶(USD),931899USD00.CSI,CSI
指数,931899USD01,全球智能驾驶(全)USD,931899USD01.CSI,CSI
指数,931900,港美智能汽车,931900.CSI,CSI
指数,931900CNY01,港美智能汽车(全),931900CNY01.CSI,CSI
指数,931900HKD00,港美智能汽车HKD,931900HKD00.CSI,CSI
指数,931900HKD01,港美智能汽车(全)HKD,931900HKD01.CSI,CSI
指数,931900USD00,港美智能汽车USD,931900USD00.CSI,CSI
指数,931900USD01,港美智能汽车(全)USD,931900USD01.CSI,CSI
指数,931901,港美智能驾驶,931901.CSI,CSI
指数,931901CNY01,港美智能驾驶(全),931901CNY01.CSI,CSI
指数,931901HKD00,港美智能驾驶(HKD),931901HKD00.CSI,CSI
指数,931901HKD01,港美智能驾驶(全)HKD,931901HKD01.CSI,CSI
指数,931901USD00,港美智能驾驶(USD),931901USD00.CSI,CSI
指数,931901USD01,港美智能驾驶(全)USD,931901USD01.CSI,CSI
指数,931919,800银保,931919.CSI,CSI
指数,931919CNY01,800银保全收益,931919CNY01.CSI,CSI
指数,931920,沪深港银保,931920.CSI,CSI
指数,931920CNY01,沪深港银保(全),931920CNY01.CSI,CSI
指数,931920HKD00,沪深港银保(HKD),931920HKD00.CSI,CSI
指数,931920HKD01,沪深港银保(全)HKD,931920HKD01.CSI,CSI
指数,931921,精选市场电动车,931921.CSI,CSI
指数,931921CNY200,精选市场电动车CNY,931921CNY200.CSI,CSI
指数,931921CNY210,精选市场电动车(全)CNY,931921CNY210.CSI,CSI
指数,931921HKD200,精选市场电动车HKD,931921HKD200.CSI,CSI
指数,931921HKD210,精选市场电动车(全)HKD,931921HKD210.CSI,CSI
指数,931921USD210,精选市场电动车(全),931921USD210.CSI,CSI
指数,931922,新能源金属50,931922.CSI,CSI
指数,931922CNY01,新能源金属50全收益,931922CNY01.CSI,CSI
指数,931931,建筑装饰,931931.CSI,CSI
指数,931931CNY01,建筑装饰(全),931931CNY01.CSI,CSI
指数,931932,电力设备,931932.CSI,CSI
指数,931932CNY01,电力设备(全),931932CNY01.CSI,CSI
指数,931933,全指环保,931933.CSI,CSI
指数,931933CNY01,全指环保(全),931933CNY01.CSI,CSI
指数,931934,非金属材料,931934.CSI,CSI
指数,931934CNY01,非金属材料(全),931934CNY01.CSI,CSI
指数,931935,全指钢铁,931935.CSI,CSI
指数,931935CNY01,全指钢铁(全),931935CNY01.CSI,CSI
指数,931936,全指有色,931936.CSI,CSI
指数,931936CNY01,全指有色(全),931936CNY01.CSI,CSI
指数,931937,造纸与包装,931937.CSI,CSI
指数,931937CNY01,造纸与包装(全),931937CNY01.CSI,CSI
指数,931938,服装珠宝,931938.CSI,CSI
指数,931938CNY01,服装珠宝(全),931938CNY01.CSI,CSI
指数,931939,家庭用品,931939.CSI,CSI
指数,931939CNY01,家庭用品(全),931939CNY01.CSI,CSI
指数,931940,全指医疗,931940.CSI,CSI
指数,931940CNY01,全指医疗(全),931940CNY01.CSI,CSI
指数,931941,其他金融,931941.CSI,CSI
指数,931941CNY01,其他金融(全),931941CNY01.CSI,CSI
指数,931944,银保主题,931944.CSI,CSI
指数,931944,银保主题(SH),931944.SH,SH
指数,931944CNY01,银保主题全收益,931944CNY01.CSI,CSI
指数,931945,汽车半导,931945.CSI,CSI
指数,931945CNY01,汽车半导全收益,931945CNY01.CSI,CSI
指数,931946,畜牧养殖,931946.CSI,CSI
指数,931946CNY010,畜牧养殖全收益,931946CNY010.CSI,CSI
指数,931946CNY020,畜牧养殖净收益,931946CNY020.CSI,CSI
指数,931947,港股通有色,931947.CSI,CSI
指数,931947CNY00,港股通有色CNY,931947CNY00.CSI,CSI
指数,931947CNY01,港股通有色(全)CNY,931947CNY01.CSI,CSI
指数,931947HKD01,港股通有色(全),931947HKD01.CSI,CSI
指数,931948,港股通机械,931948.CSI,CSI
指数,931948CNY00,港股通机械CNY,931948CNY00.CSI,CSI
指数,931948CNY01,港股通机械(全)CNY,931948CNY01.CSI,CSI
指数,931948HKD01,港股通机械(全),931948HKD01.CSI,CSI
指数,931949,港股通运输,931949.CSI,CSI
指数,931949CNY00,港股通运输CNY,931949CNY00.CSI,CSI
指数,931949CNY01,港股通运输(全)CNY,931949CNY01.CSI,CSI
指数,931949HKD01,港股通运输(全),931949HKD01.CSI,CSI
指数,931951,港股通纺织服装,931951.CSI,CSI
指数,931951CNY00,港股通纺织服装 CNY,931951CNY00.CSI,CSI
指数,931951CNY01,港股通纺织服装 (全)CNY,931951CNY01.CSI,CSI
指数,931951HKD01,港股通纺织服装 (全),931951HKD01.CSI,CSI
指数,931952,港股通服务,931952.CSI,CSI
指数,931952CNY00,港股通服务CNY,931952CNY00.CSI,CSI
指数,931952CNY01,港股通服务(全)CNY,931952CNY01.CSI,CSI
指数,931952HKD01,港股通服务(全),931952HKD01.CSI,CSI
指数,931953,港股通食品饮料,931953.CSI,CSI
指数,931953CNY00,港股通食品饮料CNY,931953CNY00.CSI,CSI
指数,931953CNY01,港股通食品饮料(全)CNY,931953CNY01.CSI,CSI
指数,931953HKD01,港股通食品饮料(全),931953HKD01.CSI,CSI
指数,931955,港股通制药,931955.CSI,CSI
指数,931955CNY00,港股通制药CNY,931955CNY00.CSI,CSI
指数,931955CNY01,港股通制药(全)CNY,931955CNY01.CSI,CSI
指数,931955HKD01,港股通制药(全),931955HKD01.CSI,CSI
指数,931956,港股通银行,931956.CSI,CSI
指数,931956CNY00,港股通银行CNY,931956CNY00.CSI,CSI
指数,931956CNY01,港股通银行(全)CNY,931956CNY01.CSI,CSI
指数,931956HKD01,港股通银行(全),931956HKD01.CSI,CSI
指数,931957,港股通资本市场,931957.CSI,CSI
指数,931957CNY00,港股通资本市场CNY,931957CNY00.CSI,CSI
指数,931957CNY01,港股通资本市场(全)CNY,931957CNY01.CSI,CSI
指数,931957HKD01,港股通资本市场(全),931957HKD01.CSI,CSI
指数,931958,港股通电子,931958.CSI,CSI
指数,931958CNY00,港股通电子CNY,931958CNY00.CSI,CSI
指数,931958CNY01,港股通电子(全)CNY,931958CNY01.CSI,CSI
指数,931958HKD01,港股通电子(全),931958HKD01.CSI,CSI
指数,931959,港股通传媒,931959.CSI,CSI
指数,931959CNY00,港股通传媒CNY,931959CNY00.CSI,CSI
指数,931959CNY01,港股通传媒(全)CNY,931959CNY01.CSI,CSI
指数,931959HKD01,港股通传媒(全),931959HKD01.CSI,CSI
指数,931960,港股通运输业,931960.CSI,CSI
指数,931960CNY00,港股通运输业CNY,931960CNY00.CSI,CSI
指数,931960CNY01,港股通运输业(全)CNY,931960CNY01.CSI,CSI
指数,931960HKD01,港股通运输业(全),931960HKD01.CSI,CSI
指数,931961,港股通交通设施,931961.CSI,CSI
指数,931961CNY00,港股通交通设施CNY,931961CNY00.CSI,CSI
指数,931961CNY01,港股通交通设施(全)CNY,931961CNY01.CSI,CSI
指数,931961HKD01,港股通交通设施(全),931961HKD01.CSI,CSI
指数,931962,港股通休闲,931962.CSI,CSI
指数,931962CNY00,港股通休闲CNY,931962CNY00.CSI,CSI
指数,931962CNY01,港股通休闲(全)CNY,931962CNY01.CSI,CSI
指数,931962HKD01,港股通休闲(全),931962HKD01.CSI,CSI
指数,931963,港股通教育,931963.CSI,CSI
指数,931963CNY00,港股通教育CNY,931963CNY00.CSI,CSI
指数,931963CNY01,港股通教育(全)CNY,931963CNY01.CSI,CSI
指数,931963HKD01,港股通教育(全),931963HKD01.CSI,CSI
指数,931965,港股通食品,931965.CSI,CSI
指数,931965CNY00,港股通食品CNY,931965CNY00.CSI,CSI
指数,931965CNY01,港股通食品(全)CNY,931965CNY01.CSI,CSI
指数,931965HKD01,港股通食品(全),931965HKD01.CSI,CSI
指数,931966,港股通医疗商业,931966.CSI,CSI
指数,931966CNY00,港股通医疗商业CNY,931966CNY00.CSI,CSI
指数,931966CNY01,港股通医疗商业(全)CNY,931966CNY01.CSI,CSI
指数,931966HKD01,港股通医疗商业(全),931966HKD01.CSI,CSI
指数,931967,港股通化学药,931967.CSI,CSI
指数,931967CNY00,港股通化学药CNY,931967CNY00.CSI,CSI
指数,931967CNY01,港股通化学药(全)CNY,931967CNY01.CSI,CSI
指数,931967HKD01,港股通化学药(全),931967HKD01.CSI,CSI
指数,931968,港股通制药生物,931968.CSI,CSI
指数,931968CNY00,港股通制药生物CNY,931968CNY00.CSI,CSI
指数,931968CNY01,港股通制药生物(全)CNY,931968CNY01.CSI,CSI
指数,931968HKD01,港股通制药生物(全),931968HKD01.CSI,CSI
指数,931969,港股通商业银行,931969.CSI,CSI
指数,931969CNY00,港股通商业银行CNY,931969CNY00.CSI,CSI
指数,931969CNY01,港股通商业银行(全)CNY,931969CNY01.CSI,CSI
指数,931969HKD01,港股通商业银行(全),931969HKD01.CSI,CSI
指数,931970,港股通文化娱乐,931970.CSI,CSI
指数,931970CNY00,港股通文化娱乐CNY,931970CNY00.CSI,CSI
指数,931970CNY01,港股通文化娱乐(全)CNY,931970CNY01.CSI,CSI
指数,931970HKD01,港股通文化娱乐(全),931970HKD01.CSI,CSI
指数,931971,港股通电力电网,931971.CSI,CSI
指数,931971CNY00,港股通电力电网CNY,931971CNY00.CSI,CSI
指数,931971CNY01,港股通电力电网(全)CNY,931971CNY01.CSI,CSI
指数,931971HKD01,港股通电力电网(全),931971HKD01.CSI,CSI
指数,931972,港股通地产开发,931972.CSI,CSI
指数,931972CNY00,港股通地产开发CNY,931972CNY00.CSI,CSI
指数,931972CNY01,港股通地产开发(全)CNY,931972CNY01.CSI,CSI
指数,931972HKD01,港股通地产开发(全),931972HKD01.CSI,CSI
指数,931973,港股通地产管理,931973.CSI,CSI
指数,931973CNY00,港股通地产管理CNY,931973CNY00.CSI,CSI
指数,931973CNY01,港股通地产管理(全)CNY,931973CNY01.CSI,CSI
指数,931973HKD01,港股通地产管理(全),931973HKD01.CSI,CSI
指数,931975,H300服务,931975.CSI,CSI
指数,931975CNY00,H300服务CNY,931975CNY00.CSI,CSI
指数,931975CNY01,H300服务(全)CNY,931975CNY01.CSI,CSI
指数,931975HKD01,H300服务(全),931975HKD01.CSI,CSI
指数,931976,H300食品饮料,931976.CSI,CSI
指数,931976CNY00,H300食品饮料CNY,931976CNY00.CSI,CSI
指数,931976CNY01,H300食品饮料(全)CNY,931976CNY01.CSI,CSI
指数,931976HKD01,H300食品饮料(全),931976HKD01.CSI,CSI
指数,931977,H300医疗,931977.CSI,CSI
指数,931977CNY00,H300医疗CNY,931977CNY00.CSI,CSI
指数,931977CNY01,H300医疗(全)CNY,931977CNY01.CSI,CSI
指数,931977HKD01,H300医疗(全),931977HKD01.CSI,CSI
指数,931978,H300制药,931978.CSI,CSI
指数,931978CNY00,H300制药CNY,931978CNY00.CSI,CSI
指数,931978CNY01,H300制药(全)CNY,931978CNY01.CSI,CSI
指数,931978HKD01,H300制药(全),931978HKD01.CSI,CSI
指数,931979,H300资本市场,931979.CSI,CSI
指数,931979CNY00,H300资本市场CNY,931979CNY00.CSI,CSI
指数,931979CNY01,H300资本市场(全)CNY,931979CNY01.CSI,CSI
指数,931979HKD01,H300资本市场(全),931979HKD01.CSI,CSI
指数,931980,H300传媒,931980.CSI,CSI
指数,931980CNY00,H300传媒CNY,931980CNY00.CSI,CSI
指数,931980CNY01,H300传媒(全)CNY,931980CNY01.CSI,CSI
指数,931980HKD01,H300传媒(全),931980HKD01.CSI,CSI
指数,931981,H300休闲服务,931981.CSI,CSI
指数,931981CNY00,H300休闲服务CNY,931981CNY00.CSI,CSI
指数,931981CNY01,H300休闲服务(全)CNY,931981CNY01.CSI,CSI
指数,931981HKD01,H300休闲服务(全),931981HKD01.CSI,CSI
指数,931982,H300医疗器械,931982.CSI,CSI
指数,931982CNY00,H300医疗器械CNY,931982CNY00.CSI,CSI
指数,931982CNY01,H300医疗器械(全)CNY,931982CNY01.CSI,CSI
指数,931982HKD01,H300医疗器械(全),931982HKD01.CSI,CSI
指数,931983,H300化学药,931983.CSI,CSI
指数,931983CNY00,H300化学药CNY,931983CNY00.CSI,CSI
指数,931983CNY01,H300化学药(全)CNY,931983CNY01.CSI,CSI
指数,931983HKD01,H300化学药(全),931983HKD01.CSI,CSI
指数,931984,H300商业银行,931984.CSI,CSI
指数,931984CNY00,H300商业银行CNY,931984CNY00.CSI,CSI
指数,931984CNY01,H300商业银行(全)CNY,931984CNY01.CSI,CSI
指数,931984HKD01,H300商业银行(全),931984HKD01.CSI,CSI
指数,931985,H300地产开发,931985.CSI,CSI
指数,931985CNY00,H300地产开发CNY,931985CNY00.CSI,CSI
指数,931985CNY01,H300地产开发(全)CNY,931985CNY01.CSI,CSI
指数,931985HKD01,H300地产开发(全),931985HKD01.CSI,CSI
指数,931986,H300地产管理,931986.CSI,CSI
指数,931986CNY00,H300地产管理CNY,931986CNY00.CSI,CSI
指数,931986CNY01,H300地产管理(全)CNY,931986CNY01.CSI,CSI
指数,931986HKD01,H300地产管理(全),931986HKD01.CSI,CSI
指数,931987,国企ESG50,931987.CSI,CSI
指数,931987CNY010,国企ESG50全收益,931987CNY010.CSI,CSI
指数,931989,渝农商理财成渝经济圈发展,931989.CSI,CSI
指数,931989CNY01,渝农商成渝经济圈发展全收益,931989CNY01.CSI,CSI
指数,931990,渝农商理财成渝经济圈消费,931990.CSI,CSI
指数,931990CNY01,渝农商成渝经济圈消费全收益,931990CNY01.CSI,CSI
指数,931991,渝农商理财成渝经济圈先进制造,931991.CSI,CSI
指数,931991CNY01,渝农商成渝经济圈先进制造全收益,931991CNY01.CSI,CSI
指数,931992,疫苗生物,931992.CSI,CSI
指数,931992CNY01,疫苗生物全收益,931992CNY01.CSI,CSI
指数,931994,电网设备主题,931994.CSI,CSI
指数,931995,国泰海通大类资产配置,931995.CSI,CSI
指数,931996,新能源金属,931996.CSI,CSI
指数,931996CNY01,新能源金属全收益,931996CNY01.CSI,CSI
指数,931997,1000股息点,931997.CSI,CSI
指数,931998,全球半导体,931998.CSI,CSI
指数,931998CNY01,全球半导体(全),931998CNY01.CSI,CSI
指数,931998HKD00,全球半导体HKD,931998HKD00.CSI,CSI
指数,931998HKD01,全球半导体(全)HKD,931998HKD01.CSI,CSI
指数,931998USD00,全球半导体USD,931998USD00.CSI,CSI
指数,931998USD01,全球半导体(全)USD,931998USD01.CSI,CSI
指数,931999,全球半导体材料设备,931999.CSI,CSI
指数,931999CNY01,全球半导体材料设备(全),931999CNY01.CSI,CSI
指数,931999HKD00,全球半导体材料设备HKD,931999HKD00.CSI,CSI
指数,931999HKD01,全球半导体材料设备(全)HKD,931999HKD01.CSI,CSI
指数,931999USD00,全球半导体材料设备USD,931999USD00.CSI,CSI
指数,931999USD01,全球半导体材料设备(全)USD,931999USD01.CSI,CSI
指数,932000,中证2000,932000.CSI,CSI
指数,932000CNY010,中证2000全收益,932000CNY010.CSI,CSI
指数,932000EUR200,中证2000EUR,932000EUR200.CSI,CSI
指数,932000EUR210,中证2000(全)EUR,932000EUR210.CSI,CSI
指数,932000GBP200,中证2000GBP,932000GBP200.CSI,CSI
指数,932000GBP210,中证2000(全)GBP,932000GBP210.CSI,CSI
指数,932000HKD200,中证2000HKD,932000HKD200.CSI,CSI
指数,932000HKD210,中证2000(全)HKD,932000HKD210.CSI,CSI
指数,932000USD200,中证2000USD,932000USD200.CSI,CSI
指数,932000USD210,中证2000(全)USD,932000USD210.CSI,CSI
指数,932000USD220,中证2000(净)USD,932000USD220.CSI,CSI
指数,932000USD300,中证2000USD(CNH),932000USD300.CSI,CSI
指数,932000USD310,中证2000(全)USD(CNH),932000USD310.CSI,CSI
指数,932000USD320,中证2000(净)USD(CNH),932000USD320.CSI,CSI
指数,932004,国新央企综指,932004.CSI,CSI
指数,932004CNY01,国新央企综指全收益,932004CNY01.CSI,CSI
指数,932017,800红利增长,932017.CSI,CSI
指数,932017CNY01,800红利增长全收益,932017CNY01.CSI,CSI
指数,932018,300红利增长,932018.CSI,CSI
指数,932018CNY01,300红利增长全收益,932018CNY01.CSI,CSI
指数,932019,500红利增长,932019.CSI,CSI
指数,932019CNY01,500红利增长全收益,932019CNY01.CSI,CSI
指数,932020,1000红利增长,932020.CSI,CSI
指数,932020CNY01,1000红利增长全收益,932020CNY01.CSI,CSI
指数,932021,中证红利SGD,932021.CSI,CSI
指数,932022,中证红利(全)SGD,932022.CSI,CSI
指数,932023,中证红利(净)SGD,932023.CSI,CSI
指数,932024,高端造50策略,932024.CSI,CSI
指数,932024CNY01,高端造50策略全收益,932024CNY01.CSI,CSI
指数,932025,高端造50,932025.CSI,CSI
指数,932025CNY01,高端造50全收益,932025CNY01.CSI,CSI
指数,932026,SSH高端造,932026.CSI,CSI
指数,932026CNY01,SSH高端造(全),932026CNY01.CSI,CSI
指数,932026HKD00,SSH高端造(HKD),932026HKD00.CSI,CSI
指数,932026HKD01,SSH高端造(全)HKD,932026HKD01.CSI,CSI
指数,932027,500趋势成长,932027.CSI,CSI
指数,932027CNY01,500趋势成长全收益,932027CNY01.CSI,CSI
指数,932027CNY02,500趋势成长净收益,932027CNY02.CSI,CSI
指数,932028,数据要素,932028.CSI,CSI
指数,932028CNY010,数据要素全收益,932028CNY010.CSI,CSI
指数,932028CNY020,数据要素净收益,932028CNY020.CSI,CSI
指数,932037,央企现代能源,932037.CSI,CSI
指数,932037CNY01,央企现代能源全收益,932037CNY01.CSI,CSI
指数,932038,央企科技引领,932038.CSI,CSI
指数,932038CNY01,央企科技引领全收益,932038CNY01.CSI,CSI
指数,932039,央企股东回报,932039.CSI,CSI
指数,932039CNY01,央企股东回报全收益,932039CNY01.CSI,CSI
指数,932040,芯片设计,932040.CSI,CSI
指数,932040CNY010,芯片设计全收益,932040CNY010.CSI,CSI
指数,932042,智选航空科技,932042.CSI,CSI
指数,932042CNY210,智选航空科技(全),932042CNY210.CSI,CSI
指数,932042HKD200,智选航空科技HKD,932042HKD200.CSI,CSI
指数,932042HKD210,智选航空科技(全)HKD,932042HKD210.CSI,CSI
指数,932044,高端装备科技,932044.CSI,CSI
指数,932044CNY010,高端装备科技全收益,932044CNY010.CSI,CSI
指数,932044CNY020,高端装备科技净收益,932044CNY020.CSI,CSI
指数,932046,建行科技(长三角),932046.CSI,CSI
指数,932046CNY010,建行科技(长三角)全收益,932046CNY010.CSI,CSI
指数,932048,民企高端装备,932048.CSI,CSI
指数,932048CNY010,民企高端装备全收益,932048CNY010.CSI,CSI
指数,932048CNY020,民企高端装备净收益,932048CNY020.CSI,CSI
指数,932049,国新港股通央企综指,932049.CSI,CSI
指数,932049CNY100,国新港股通央企综指CNYCPR,932049CNY100.CSI,CSI
指数,932049CNY110,国新港股通央企综指CNYCPR(全),932049CNY110.CSI,CSI
指数,932049CNY200,国新港股通央企综指CNY,932049CNY200.CSI,CSI
指数,932049CNY210,国新港股通央企综指(全)CNY,932049CNY210.CSI,CSI
指数,932049HKD210,国新港股通央企综指(全),932049HKD210.CSI,CSI
指数,932050,浦东绿色50ESG,932050.CSI,CSI
指数,932050CNY01,浦东绿色50ESG全收益,932050CNY01.CSI,CSI
指数,932052,央企科技创新,932052.CSI,CSI
指数,932052CNY010,央企科技创新全收益,932052CNY010.CSI,CSI
指数,932052CNY020,央企科技创新净收益,932052CNY020.CSI,CSI
指数,932053,1000价值策略,932053.CSI,CSI
指数,932053CNY01,1000价值策略全收益,932053CNY01.CSI,CSI
指数,932056,海洋经济,932056.CSI,CSI
指数,932056CNY210,海洋经济(全),932056CNY210.CSI,CSI
指数,932056CNY220,海洋经济(净),932056CNY220.CSI,CSI
指数,932056HKD200,海洋经济HKD,932056HKD200.CSI,CSI
指数,932056HKD210,海洋经济(全)HKD,932056HKD210.CSI,CSI
指数,932056HKD220,海洋经济(净)HKD,932056HKD220.CSI,CSI
指数,932057,苏州创新50,932057.CSI,CSI
指数,932057CNY01,苏州创新50全收益,932057CNY01.CSI,CSI
指数,932058,300价值领先,932058.CSI,CSI
指数,932058CNY010,300价值领先全收益,932058CNY010.CSI,CSI
指数,932058CNY020,300价值领先净收益,932058CNY020.CSI,CSI
指数,932059,500价值领先,932059.CSI,CSI
指数,932059CNY010,500价值领先全收益,932059CNY010.CSI,CSI
指数,932059CNY020,500价值领先净收益,932059CNY020.CSI,CSI
指数,932060,1000价值领先,932060.CSI,CSI
指数,932060CNY010,1000价值领先全收益,932060CNY010.CSI,CSI
指数,932060CNY020,1000价值领先净收益,932060CNY020.CSI,CSI
指数,932061,均衡配置,932061.CSI,CSI
指数,932061CNY010,均衡配置全收益,932061CNY010.CSI,CSI
指数,932061CNY020,均衡配置净收益,932061CNY020.CSI,CSI
指数,932062,市场龙头50,932062.CSI,CSI
指数,932062CNY010,市场龙头50全收益,932062CNY010.CSI,CSI
指数,932063,1000成长策略,932063.CSI,CSI
指数,932063CNY01,1000成长策略全收益,932063CNY01.CSI,CSI
指数,932065,通信设备及电信运营服务行业精选,932065.CSI,CSI
指数,932065CNY010,通信设备电信运营服务精选全收益,932065CNY010.CSI,CSI
指数,932066,半导体行业精选,932066.CSI,CSI
指数,932066CNY010,半导体行业精选全收益,932066CNY010.CSI,CSI
指数,932067,计算机行业精选,932067.CSI,CSI
指数,932067CNY010,计算机行业精选全收益,932067CNY010.CSI,CSI
指数,932068,长寿经济,932068.CSI,CSI
指数,932068CNY01,长寿经济全收益,932068CNY01.CSI,CSI
指数,932069,港股通医疗主题,932069.CSI,CSI
指数,932069CNY100,港股通医疗主题人民币中间价,932069CNY100.CSI,CSI
指数,932069CNY110,港股通医疗主题人民币中间价(全),932069CNY110.CSI,CSI
指数,932069CNY200,港股通医疗主题CNY,932069CNY200.CSI,CSI
指数,932069CNY210,港股通医疗主题(全)CNY,932069CNY210.CSI,CSI
指数,932069HKD210,港股通医疗主题(全),932069HKD210.CSI,CSI
指数,932070,北银理财北京科技领先,932070.CSI,CSI
指数,932070CNY01,北银理财北京科技领先全收益,932070CNY01.CSI,CSI
指数,932071,SSH煤炭,932071.CSI,CSI
指数,932071CNY100,SSH煤炭人民币中间价,932071CNY100.CSI,CSI
指数,932071CNY110,SSH煤炭人民币中间价(全),932071CNY110.CSI,CSI
指数,932071CNY200,SSH煤炭CNY,932071CNY200.CSI,CSI
指数,932071CNY210,SSH煤炭(全)CNY,932071CNY210.CSI,CSI
指数,932071HKD210,SSH煤炭(全),932071HKD210.CSI,CSI
指数,932072,红利增长50,932072.CSI,CSI
指数,932072CNY01,红利增长50全收益,932072CNY01.CSI,CSI
指数,932073,佛山制造,932073.CSI,CSI
指数,932073CNY010,佛山制造全收益,932073CNY010.CSI,CSI
指数,932074,金司南气候友好,932074.CSI,CSI
指数,932074CNY01,金司南气候友好全收益,932074CNY01.CSI,CSI
指数,932075,全指金融,932075.CSI,CSI
指数,932075CNY01,全指金融全收益,932075CNY01.CSI,CSI
指数,932076,全指地产,932076.CSI,CSI
指数,932076CNY01,全指地产全收益,932076CNY01.CSI,CSI
指数,932077,全指能源行业,932077.CSI,CSI
指数,932077CNY01,全指能源行业全收益,932077CNY01.CSI,CSI
指数,932078,全指材料行业,932078.CSI,CSI
指数,932078CNY01,全指材料行业全收益,932078CNY01.CSI,CSI
指数,932079,全指工业行业,932079.CSI,CSI
指数,932079CNY01,全指工业行业全收益,932079CNY01.CSI,CSI
指数,932080,全指可选行业,932080.CSI,CSI
指数,932080CNY01,全指可选行业全收益,932080CNY01.CSI,CSI
指数,932081,全指消费行业,932081.CSI,CSI
指数,932081CNY01,全指消费行业全收益,932081CNY01.CSI,CSI
指数,932082,全指医药行业,932082.CSI,CSI
指数,932082CNY01,全指医药行业全收益,932082CNY01.CSI,CSI
指数,932083,全指金融行业,932083.CSI,CSI
指数,932083CNY01,全指金融行业全收益,932083CNY01.CSI,CSI
指数,932084,全指信息行业,932084.CSI,CSI
指数,932084CNY01,全指信息行业全收益,932084CNY01.CSI,CSI
指数,932085,全指通信行业,932085.CSI,CSI
指数,932085CNY01,全指通信行业全收益,932085CNY01.CSI,CSI
指数,932086,全指公用行业,932086.CSI,CSI
指数,932086CNY01,全指公用行业全收益,932086CNY01.CSI,CSI
指数,932087,集成电路,932087.CSI,CSI
指数,932087CNY01,集成电路全收益,932087CNY01.CSI,CSI
指数,932088,全指航空,932088.CSI,CSI
指数,932088CNY01,全指航空全收益,932088CNY01.CSI,CSI
指数,932089,全指节能,932089.CSI,CSI
指数,932089CNY01,全指节能全收益,932089CNY01.CSI,CSI
指数,932090,储能设备,932090.CSI,CSI
指数,932090CNY01,储能设备全收益,932090CNY01.CSI,CSI
指数,932091,全指种植,932091.CSI,CSI
指数,932091CNY01,全指种植全收益,932091CNY01.CSI,CSI
指数,932092,数据中心,932092.CSI,CSI
指数,932092CNY01,数据中心全收益,932092CNY01.CSI,CSI
指数,932093,通用机械,932093.CSI,CSI
指数,932093CNY01,通用机械全收益,932093CNY01.CSI,CSI
指数,932094,软件开发,932094.CSI,CSI
指数,932094CNY01,软件开发全收益,932094CNY01.CSI,CSI
指数,932111,化工行业,932111.CSI,CSI
指数,932111CNY010,化工行业全收益,932111CNY010.CSI,CSI
指数,932112,有色金属行业,932112.CSI,CSI
指数,932112CNY010,有色金属行业全收益,932112CNY010.CSI,CSI
指数,932113,钢铁行业,932113.CSI,CSI
指数,932113CNY010,钢铁行业全收益,932113CNY010.CSI,CSI
指数,932114,非金属材料行业,932114.CSI,CSI
指数,932114CNY010,非金属材料行业全收益,932114CNY010.CSI,CSI
指数,932115,造纸与包装行业,932115.CSI,CSI
指数,932115CNY010,造纸与包装行业全收益,932115CNY010.CSI,CSI
指数,932116,航空航天与国防行业,932116.CSI,CSI
指数,932116CNY010,航空航天与国防行业全收益,932116CNY010.CSI,CSI
指数,932117,建筑装饰行业,932117.CSI,CSI
指数,932117CNY010,建筑装饰行业全收益,932117CNY010.CSI,CSI
指数,932118,电力设备行业,932118.CSI,CSI
指数,932118CNY010,电力设备行业全收益,932118CNY010.CSI,CSI
指数,932119,机械制造行业,932119.CSI,CSI
指数,932119CNY010,机械制造行业全收益,932119CNY010.CSI,CSI
指数,932120,环保行业,932120.CSI,CSI
指数,932120CNY010,环保行业全收益,932120CNY010.CSI,CSI
指数,932121,商业服务行业,932121.CSI,CSI
指数,932121CNY010,商业服务行业全收益,932121CNY010.CSI,CSI
指数,932122,交通运输行业,932122.CSI,CSI
指数,932122CNY010,交通运输行业全收益,932122CNY010.CSI,CSI
指数,932123,汽车汽配行业,932123.CSI,CSI
指数,932123CNY010,汽车汽配行业全收益,932123CNY010.CSI,CSI
指数,932124,耐用消费品行业,932124.CSI,CSI
指数,932124CNY010,耐用消费品行业全收益,932124CNY010.CSI,CSI
指数,932125,服装珠宝行业,932125.CSI,CSI
指数,932125CNY010,服装珠宝行业全收益,932125CNY010.CSI,CSI
指数,932126,消费者服务行业,932126.CSI,CSI
指数,932126CNY010,消费者服务行业全收益,932126CNY010.CSI,CSI
指数,932127,零售行业,932127.CSI,CSI
指数,932127CNY010,零售行业全收益,932127CNY010.CSI,CSI
指数,932128,食品饮料烟草行业,932128.CSI,CSI
指数,932128CNY010,食品饮料烟草行业全收益,932128CNY010.CSI,CSI
指数,932130,家庭用品行业,932130.CSI,CSI
指数,932130CNY010,家庭用品行业全收益,932130CNY010.CSI,CSI
指数,932131,医疗行业,932131.CSI,CSI
指数,932131CNY010,医疗行业全收益,932131CNY010.CSI,CSI
指数,932132,医药行业,932132.CSI,CSI
指数,932132CNY010,医药行业全收益,932132CNY010.CSI,CSI
指数,932133,银行行业,932133.CSI,CSI
指数,932133CNY010,银行行业全收益,932133CNY010.CSI,CSI
指数,932134,其他金融行业,932134.CSI,CSI
指数,932134CNY010,其他金融行业全收益,932134CNY010.CSI,CSI
指数,932135,资本市场行业,932135.CSI,CSI
指数,932135CNY010,资本市场行业全收益,932135CNY010.CSI,CSI
指数,932136,保险行业,932136.CSI,CSI
指数,932136CNY010,保险行业全收益,932136CNY010.CSI,CSI
指数,932138,电子行业,932138.CSI,CSI
指数,932138CNY010,电子行业全收益,932138CNY010.CSI,CSI
指数,932139,半导体行业,932139.CSI,CSI
指数,932139CNY010,半导体行业全收益,932139CNY010.CSI,CSI
指数,932140,电信服务行业,932140.CSI,CSI
指数,932140CNY010,电信服务行业全收益,932140CNY010.CSI,CSI
指数,932141,通信设服行业,932141.CSI,CSI
指数,932141CNY010,通信设服行业全收益,932141CNY010.CSI,CSI
指数,932142,传媒行业,932142.CSI,CSI
指数,932142CNY010,传媒行业全收益,932142CNY010.CSI,CSI
指数,932143,航空航天与国防,932143.CSI,CSI
指数,932143CNY010,航空航天与国防全收益,932143CNY010.CSI,CSI
指数,932144,电信服务,932144.CSI,CSI
指数,932144CNY010,电信服务全收益,932144CNY010.CSI,CSI
指数,932145,通信设服,932145.CSI,CSI
指数,932145CNY010,通信设服全收益,932145CNY010.CSI,CSI
指数,932152,港股通成长策略,932152.CSI,CSI
指数,932152CNY100,港股通成长策略人民币中间价,932152CNY100.CSI,CSI
指数,932152CNY110,港股通成长策略人民币中间价(全),932152CNY110.CSI,CSI
指数,932152CNY200,港股通成长策略CNY,932152CNY200.CSI,CSI
指数,932152CNY210,港股通成长策略(全)CNY,932152CNY210.CSI,CSI
指数,932152HKD210,港股通成长策略(全),932152HKD210.CSI,CSI
指数,932153,港股通价值策略,932153.CSI,CSI
指数,932153CNY100,港股通价值策略人民币中间价,932153CNY100.CSI,CSI
指数,932153CNY110,港股通价值策略人民币中间价(全),932153CNY110.CSI,CSI
指数,932153CNY200,港股通价值策略CNY,932153CNY200.CSI,CSI
指数,932153CNY210,港股通价值策略(全)CNY,932153CNY210.CSI,CSI
指数,932153HKD210,港股通价值策略(全),932153HKD210.CSI,CSI
指数,932154,A500红利,932154.CSI,CSI
指数,932154CNY010,A500红利全收益,932154CNY010.CSI,CSI
指数,932154CNY020,A500红利净收益,932154CNY020.CSI,CSI
指数,932155,全球电动车,932155.CSI,CSI
指数,932155CNY210,全球电动车(全),932155CNY210.CSI,CSI
指数,932155HKD200,全球电动车HKD,932155HKD200.CSI,CSI
指数,932155HKD210,全球电动车(全)HKD,932155HKD210.CSI,CSI
指数,932155USD200,全球电动车USD,932155USD200.CSI,CSI
指数,932155USD210,全球电动车(全)USD,932155USD210.CSI,CSI
指数,932156,智选银行AW,932156.CSI,CSI
指数,932156CNY010,智选银行AW全收益,932156CNY010.CSI,CSI
指数,932157,上海科技领先,932157.CSI,CSI
指数,932157CNY010,上海科技领先全收益,932157CNY010.CSI,CSI
指数,932186,交银财富指数,932186.CSI,CSI
指数,932187,交银财富进取,932187.CSI,CSI
指数,932188,交银财富平衡,932188.CSI,CSI
指数,932189,交银财富稳健,932189.CSI,CSI
指数,932190,交银优选公募理财,932190.CSI,CSI
指数,932215,SSH新能车主题,932215.CSI,CSI
指数,932215CNY210,SSH新能车主题(全),932215CNY210.CSI,CSI
指数,932215HKD200,SSH新能车主题HKD,932215HKD200.CSI,CSI
指数,932215HKD210,SSH新能车主题(全)HKD,932215HKD210.CSI,CSI
指数,932216,香港100净收益,932216.CSI,CSI
指数,932217,制药指数,932217.CSI,CSI
指数,932217CNY010,制药指数全收益,932217CNY010.CSI,CSI
指数,932222,中证2000净收益,932222.CSI,CSI
指数,932223,长三角绿色50,932223.CSI,CSI
指数,932223CNY010,长三角绿色50全收益,932223CNY010.CSI,CSI
指数,932224,SSH新能车50,932224.CSI,CSI
指数,932224CNY210,SSH新能车50(全),932224CNY210.CSI,CSI
指数,932224HKD200,SSH新能车50HKD,932224HKD200.CSI,CSI
指数,932224HKD210,SSH新能车50(全)HKD,932224HKD210.CSI,CSI
指数,932245,沪深港生物科技主题,932245.CSI,CSI
指数,932245CNY100,沪深港生物科技主题CNY CPR,932245CNY100.CSI,CSI
指数,932245CNY110,沪深港生物科技主题CNY CPR(全),932245CNY110.CSI,CSI
指数,932245CNY200,沪深港生物科技主题CNY,932245CNY200.CSI,CSI
指数,932245CNY210,沪深港生物科技主题(全)CNY,932245CNY210.CSI,CSI
指数,932245HKD210,沪深港生物科技主题(全),932245HKD210.CSI,CSI
指数,932246,储能电池,932246.CSI,CSI
指数,932246CNY010,储能电池全收益,932246CNY010.CSI,CSI
指数,932251,智选价值领先50,932251.CSI,CSI
指数,932251CNY010,智选价值领先50全收益,932251CNY010.CSI,CSI
指数,932251CNY020,智选价值领先50净收益,932251CNY020.CSI,CSI
指数,932253,港股通生物科技,932253.CSI,CSI
指数,932253CNY100,港股通生物科技人民币中间价,932253CNY100.CSI,CSI
指数,932253CNY110,港股通生物科技人民币中间价(全),932253CNY110.CSI,CSI
指数,932253CNY200,港股通生物科技CNY,932253CNY200.CSI,CSI
指数,932253CNY210,港股通生物科技(全)CNY,932253CNY210.CSI,CSI
指数,932253HKD210,港股通生物科技(全),932253HKD210.CSI,CSI
指数,932254,质量红利50,932254.CSI,CSI
指数,932254CNY010,质量红利50全收益,932254CNY010.CSI,CSI
指数,932254CNY020,质量红利50净收益,932254CNY020.CSI,CSI
指数,932255,A500红利增长,932255.CSI,CSI
指数,932255CNY010,A500红利增长全收益,932255CNY010.CSI,CSI
指数,932255CNY020,A500红利增长净收益,932255CNY020.CSI,CSI
指数,932256,工业金属50,932256.CSI,CSI
指数,932256CNY010,工业金属50全收益,932256CNY010.CSI,CSI
指数,932257,国新央企小盘,932257.CSI,CSI
指数,932257CNY010,国新央企小盘全收益,932257CNY010.CSI,CSI
指数,932257CNY020,国新央企小盘净收益,932257CNY020.CSI,CSI
指数,932258,亚洲新兴市场科技USD,932258.CSI,CSI
指数,932259,智选1000质量均衡,932259.CSI,CSI
指数,932259CNY010,智选1000质量均衡全收益,932259CNY010.CSI,CSI
指数,932259CNY020,智选1000质量均衡净收益,932259CNY020.CSI,CSI
指数,932260,港股生物科技,932260.CSI,CSI
指数,932260CNY100,港股生物科技人民币中间价,932260CNY100.CSI,CSI
指数,932260CNY110,港股生物科技人民币中间价(全),932260CNY110.CSI,CSI
指数,932260CNY200,港股生物科技CNY,932260CNY200.CSI,CSI
指数,932260CNY210,港股生物科技(全)CNY,932260CNY210.CSI,CSI
指数,932260HKD210,港股生物科技(全),932260HKD210.CSI,CSI
指数,932263,苏州园区,932263.CSI,CSI
指数,932263CNY210,苏州园区(全),932263CNY210.CSI,CSI
指数,932263CNY220,苏州园区(净),932263CNY220.CSI,CSI
指数,932265,黄金股票,932265.CSI,CSI
指数,932265CNY010,黄金股票全收益,932265CNY010.CSI,CSI
指数,932265CNY020,黄金股票净收益,932265CNY020.CSI,CSI
指数,932266,国企战略新兴,932266.CSI,CSI
指数,932266CNY010,国企战略新兴全收益,932266CNY010.CSI,CSI
指数,932268,港股通电力设备,932268.CSI,CSI
指数,932268CNY100,港股通电力设备人民币中间价,932268CNY100.CSI,CSI
指数,932268CNY110,港股通电力设备人民币中间价(全),932268CNY110.CSI,CSI
指数,932268CNY200,港股通电力设备CNY,932268CNY200.CSI,CSI
指数,932268CNY210,港股通电力设备(全)CNY,932268CNY210.CSI,CSI
指数,932268HKD210,港股通电力设备(全),932268HKD210.CSI,CSI
指数,932269,港股通汽车汽配,932269.CSI,CSI
指数,932269CNY100,港股通汽车汽配人民币中间价,932269CNY100.CSI,CSI
指数,932269CNY110,港股通汽车汽配人民币中间价(全),932269CNY110.CSI,CSI
指数,932269CNY200,港股通汽车汽配CNY,932269CNY200.CSI,CSI
指数,932269CNY210,港股通汽车汽配(全)CNY,932269CNY210.CSI,CSI
指数,932269HKD210,港股通汽车汽配(全),932269HKD210.CSI,CSI
指数,932270,港股通零售业,932270.CSI,CSI
指数,932270CNY100,港股通零售业人民币中间价,932270CNY100.CSI,CSI
指数,932270CNY110,港股通零售业人民币中间价(全),932270CNY110.CSI,CSI
指数,932270CNY200,港股通零售业CNY,932270CNY200.CSI,CSI
指数,932270CNY210,港股通零售业(全)CNY,932270CNY210.CSI,CSI
指数,932270HKD210,港股通零售业(全),932270HKD210.CSI,CSI
指数,932271,港股通医疗,932271.CSI,CSI
指数,932271CNY100,港股通医疗人民币中间价,932271CNY100.CSI,CSI
指数,932271CNY110,港股通医疗人民币中间价(全),932271CNY110.CSI,CSI
指数,932271CNY200,港股通医疗CNY,932271CNY200.CSI,CSI
指数,932271CNY210,港股通医疗(全)CNY,932271CNY210.CSI,CSI
指数,932271HKD210,港股通医疗(全),932271HKD210.CSI,CSI
指数,932272,港股通计算机,932272.CSI,CSI
指数,932272CNY100,港股通计算机人民币中间价,932272CNY100.CSI,CSI
指数,932272CNY110,港股通计算机人民币中间价(全),932272CNY110.CSI,CSI
指数,932272CNY200,港股通计算机CNY,932272CNY200.CSI,CSI
指数,932272CNY210,港股通计算机(全)CNY,932272CNY210.CSI,CSI
指数,932272HKD210,港股通计算机(全),932272HKD210.CSI,CSI
指数,932273,港股通医疗器械,932273.CSI,CSI
指数,932273CNY100,港股通医疗器械人民币中间价,932273CNY100.CSI,CSI
指数,932273CNY110,港股通医疗器械人民币中间价(全),932273CNY110.CSI,CSI
指数,932273CNY200,港股通医疗器械CNY,932273CNY200.CSI,CSI
指数,932273CNY210,港股通医疗器械(全)CNY,932273CNY210.CSI,CSI
指数,932273HKD210,港股通医疗器械(全),932273HKD210.CSI,CSI
指数,932274,港股通生物药品,932274.CSI,CSI
指数,932274CNY100,港股通生物药品人民币中间价,932274CNY100.CSI,CSI
指数,932274CNY110,港股通生物药品人民币中间价(全),932274CNY110.CSI,CSI
指数,932274CNY200,港股通生物药品CNY,932274CNY200.CSI,CSI
指数,932274CNY210,港股通生物药品(全)CNY,932274CNY210.CSI,CSI
指数,932274HKD210,港股通生物药品(全),932274HKD210.CSI,CSI
指数,932275,港股通信息服务,932275.CSI,CSI
指数,932275CNY100,港股通信息服务人民币中间价,932275CNY100.CSI,CSI
指数,932275CNY110,港股通信息服务人民币中间价(全),932275CNY110.CSI,CSI
指数,932275CNY200,港股通信息服务CNY,932275CNY200.CSI,CSI
指数,932275CNY210,港股通信息服务(全)CNY,932275CNY210.CSI,CSI
指数,932275HKD210,港股通信息服务(全),932275HKD210.CSI,CSI
指数,932276,H300医药,932276.CSI,CSI
指数,932276CNY200,H300医药CNY,932276CNY200.CSI,CSI
指数,932276CNY210,H300医药(全)CNY,932276CNY210.CSI,CSI
指数,932276HKD210,H300医药(全),932276HKD210.CSI,CSI
指数,932277,H300汽车汽配,932277.CSI,CSI
指数,932277CNY100,H300汽车汽配人民币中间价,932277CNY100.CSI,CSI
指数,932277CNY110,H300汽车汽配人民币中间价(全),932277CNY110.CSI,CSI
指数,932277CNY200,H300汽车汽配CNY,932277CNY200.CSI,CSI
指数,932277CNY210,H300汽车汽配(全)CNY,932277CNY210.CSI,CSI
指数,932277HKD210,H300汽车汽配(全),932277HKD210.CSI,CSI
指数,932278,H300计算机,932278.CSI,CSI
指数,932278CNY100,H300计算机人民币中间价,932278CNY100.CSI,CSI
指数,932278CNY110,H300计算机人民币中间价(全),932278CNY110.CSI,CSI
指数,932278CNY200,H300计算机CNY,932278CNY200.CSI,CSI
指数,932278CNY210,H300计算机(全)CNY,932278CNY210.CSI,CSI
指数,932278HKD210,H300计算机(全),932278HKD210.CSI,CSI
指数,932279,H300电子,932279.CSI,CSI
指数,932279CNY100,H300电子人民币中间价,932279CNY100.CSI,CSI
指数,932279CNY110,H300电子人民币中间价(全),932279CNY110.CSI,CSI
指数,932279CNY200,H300电子CNY,932279CNY200.CSI,CSI
指数,932279CNY210,H300电子(全)CNY,932279CNY210.CSI,CSI
指数,932279HKD210,H300电子(全),932279HKD210.CSI,CSI
指数,932280,H300医疗商业,932280.CSI,CSI
指数,932280CNY100,H300医疗商业人民币中间价,932280CNY100.CSI,CSI
指数,932280CNY110,H300医疗商业人民币中间价(全),932280CNY110.CSI,CSI
指数,932280CNY200,H300医疗商业CNY,932280CNY200.CSI,CSI
指数,932280CNY210,H300医疗商业(全)CNY,932280CNY210.CSI,CSI
指数,932280HKD210,H300医疗商业(全),932280HKD210.CSI,CSI
指数,932281,H300生物药品,932281.CSI,CSI
指数,932281CNY100,H300生物药品人民币中间价,932281CNY100.CSI,CSI
指数,932281CNY110,H300生物药品人民币中间价(全),932281CNY110.CSI,CSI
指数,932281CNY200,H300生物药品CNY,932281CNY200.CSI,CSI
指数,932281CNY210,H300生物药品(全)CNY,932281CNY210.CSI,CSI
指数,932281HKD210,H300生物药品(全),932281HKD210.CSI,CSI
指数,932305,智选高股息,932305.CSI,CSI
指数,932305CNY010,智选高股息全收益,932305CNY010.CSI,CSI
指数,932305CNY020,智选高股息净收益,932305CNY020.CSI,CSI
指数,932306,战略新兴100,932306.CSI,CSI
指数,932306CNY010,战略新兴100全收益,932306CNY010.CSI,CSI
指数,932307,中国互联网人民币中间价,932307.CSI,CSI
指数,932308,红利200,932308.CSI,CSI
指数,932308CNY010,红利200全收益,932308CNY010.CSI,CSI
指数,932308CNY020,红利200净收益,932308CNY020.CSI,CSI
指数,932309,红利增长,932309.CSI,CSI
指数,932309CNY010,红利增长全收益,932309CNY010.CSI,CSI
指数,932309CNY020,红利增长净收益,932309CNY020.CSI,CSI
指数,932315,中证红利质量,932315.CSI,CSI
指数,932315CNY010,中证红利质量全收益,932315CNY010.CSI,CSI
指数,932315CNY020,中证红利质量净收益,932315CNY020.CSI,CSI
指数,932316,300红利质量,932316.CSI,CSI
指数,932316CNY010,300红利质量全收益,932316CNY010.CSI,CSI
指数,932316CNY020,300红利质量净收益,932316CNY020.CSI,CSI
指数,932317,500红利质量,932317.CSI,CSI
指数,932317CNY010,500红利质量全收益,932317CNY010.CSI,CSI
指数,932317CNY020,500红利质量净收益,932317CNY020.CSI,CSI
指数,932318,800红利质量,932318.CSI,CSI
指数,932318CNY010,800红利质量全收益,932318CNY010.CSI,CSI
指数,932318CNY020,800红利质量净收益,932318CNY020.CSI,CSI
指数,932319,1000红利质量,932319.CSI,CSI
指数,932319CNY010,1000红利质量全收益,932319CNY010.CSI,CSI
指数,932319CNY020,1000红利质量净收益,932319CNY020.CSI,CSI
指数,932320,港股国企50,932320.CSI,CSI
指数,932320CNY100,港股国企50CNYCPR,932320CNY100.CSI,CSI
指数,932320CNY110,港股国企50CNYCPR(全),932320CNY110.CSI,CSI
指数,932320CNY200,港股国企50CNY,932320CNY200.CSI,CSI
指数,932320CNY210,港股国企50(全)CNY,932320CNY210.CSI,CSI
指数,932320HKD210,港股国企50(全),932320HKD210.CSI,CSI
指数,932321,港股国企综指,932321.CSI,CSI
指数,932321CNY100,港股国企综指CNYCPR,932321CNY100.CSI,CSI
指数,932321CNY110,港股国企综指CNYCPR(全),932321CNY110.CSI,CSI
指数,932321CNY200,港股国企综指CNY,932321CNY200.CSI,CSI
指数,932321CNY210,港股国企综指(全)CNY,932321CNY210.CSI,CSI
指数,932321HKD210,港股国企综指(全),932321HKD210.CSI,CSI
指数,932322,港股内地民企50,932322.CSI,CSI
指数,932322CNY100,港股内地民企50CNYCPR,932322CNY100.CSI,CSI
指数,932322CNY110,港股内地民企50CNYCPR(全),932322CNY110.CSI,CSI
指数,932322CNY200,港股内地民企50CNY,932322CNY200.CSI,CSI
指数,932322CNY210,港股内地民企50(全)CNY,932322CNY210.CSI,CSI
指数,932322HKD210,港股内地民企50(全),932322HKD210.CSI,CSI
指数,932323,港股内地民企综指,932323.CSI,CSI
指数,932323CNY100,港股内地民企综指CNYCPR,932323CNY100.CSI,CSI
指数,932323CNY110,港股内地民企综指CNYCPR(全),932323CNY110.CSI,CSI
指数,932323CNY200,港股内地民企综指CNY,932323CNY200.CSI,CSI
指数,932323CNY210,港股内地民企综指(全)CNY,932323CNY210.CSI,CSI
指数,932323HKD210,港股内地民企综指(全),932323HKD210.CSI,CSI
指数,932324,港股通国企50,932324.CSI,CSI
指数,932324CNY100,港股通国企50CNYCPR,932324CNY100.CSI,CSI
指数,932324CNY110,港股通国企50CNYCPR(全),932324CNY110.CSI,CSI
指数,932324CNY200,港股通国企50CNY,932324CNY200.CSI,CSI
指数,932324CNY210,港股通国企50(全)CNY,932324CNY210.CSI,CSI
指数,932324HKD210,港股通国企50(全),932324HKD210.CSI,CSI
指数,932325,港股通国企综指,932325.CSI,CSI
指数,932325CNY100,港股通国企综指CNYCPR,932325CNY100.CSI,CSI
指数,932325CNY110,港股通国企综指CNYCPR(全),932325CNY110.CSI,CSI
指数,932325CNY200,港股通国企综指CNY,932325CNY200.CSI,CSI
指数,932325CNY210,港股通国企综指(全)CNY,932325CNY210.CSI,CSI
指数,932325HKD210,港股通国企综指(全),932325HKD210.CSI,CSI
指数,932326,港股通内地民企50,932326.CSI,CSI
指数,932326CNY100,港股通内地民企50CNYCPR,932326CNY100.CSI,CSI
指数,932326CNY110,港股通内地民企50CNYCPR(全),932326CNY110.CSI,CSI
指数,932326CNY200,港股通内地民企50CNY,932326CNY200.CSI,CSI
指数,932326CNY210,港股通内地民企50(全)CNY,932326CNY210.CSI,CSI
指数,932326HKD210,港股通内地民企50(全),932326HKD210.CSI,CSI
指数,932327,港股通内地民企综指,932327.CSI,CSI
指数,932327CNY100,港股通内地民企综指CNYCPR,932327CNY100.CSI,CSI
指数,932327CNY110,港股通内地民企综指CNYCPR(全),932327CNY110.CSI,CSI
指数,932327CNY200,港股通内地民企综指CNY,932327CNY200.CSI,CSI
指数,932327CNY210,港股通内地民企综指(全)CNY,932327CNY210.CSI,CSI
指数,932327HKD210,港股通内地民企综指(全),932327HKD210.CSI,CSI
指数,932328,港股通央企50,932328.CSI,CSI
指数,932328CNY100,港股通央企50CNYCPR,932328CNY100.CSI,CSI
指数,932328CNY110,港股通央企50CNYCPR(全),932328CNY110.CSI,CSI
指数,932328CNY200,港股通央企50CNY,932328CNY200.CSI,CSI
指数,932328CNY210,港股通央企50(全)CNY,932328CNY210.CSI,CSI
指数,932328HKD210,港股通央企50(全),932328HKD210.CSI,CSI
指数,932329,港股通央企综指,932329.CSI,CSI
指数,932329CNY100,港股通央企综指CNYCPR,932329CNY100.CSI,CSI
指数,932329CNY110,港股通央企综指CNYCPR(全),932329CNY110.CSI,CSI
指数,932329CNY200,港股通央企综指CNY,932329CNY200.CSI,CSI
指数,932329CNY210,港股通央企综指(全)CNY,932329CNY210.CSI,CSI
指数,932329HKD210,港股通央企综指(全),932329HKD210.CSI,CSI
指数,932330,港股央企50,932330.CSI,CSI
指数,932330CNY100,港股央企50CNYCPR,932330CNY100.CSI,CSI
指数,932330CNY110,港股央企50CNYCPR(全),932330CNY110.CSI,CSI
指数,932330CNY200,港股央企50CNY,932330CNY200.CSI,CSI
指数,932330CNY210,港股央企50(全)CNY,932330CNY210.CSI,CSI
指数,932330HKD210,港股央企50(全),932330HKD210.CSI,CSI
指数,932331,港股央企综指,932331.CSI,CSI
指数,932331CNY100,港股央企综指CNYCPR,932331CNY100.CSI,CSI
指数,932331CNY110,港股央企综指CNYCPR(全),932331CNY110.CSI,CSI
指数,932331CNY200,港股央企综指CNY,932331CNY200.CSI,CSI
指数,932331CNY210,港股央企综指(全)CNY,932331CNY210.CSI,CSI
指数,932331HKD210,港股央企综指(全),932331HKD210.CSI,CSI
指数,932335,香港红利净收益,932335.CSI,CSI
指数,932357,专精特新100,932357.CSI,CSI
指数,932357CNY010,专精特新100全收益,932357CNY010.CSI,CSI
指数,932358,SSH芯片产业,932358.CSI,CSI
指数,932358CNY100,SSH芯片产业人民币中间价,932358CNY100.CSI,CSI
指数,932358CNY110,SSH芯片产业人民币中间价(全),932358CNY110.CSI,CSI
指数,932358CNY200,SSH芯片产业CNY,932358CNY200.CSI,CSI
指数,932358CNY210,SSH芯片产业(全)CNY,932358CNY210.CSI,CSI
指数,932358HKD210,SSH芯片产业(全),932358HKD210.CSI,CSI
指数,932359,国新国企人工智能,932359.CSI,CSI
指数,932359CNY010,国新国企人工智能全收益,932359CNY010.CSI,CSI
指数,932360,产业竞争优势,932360.CSI,CSI
指数,932360CNY010,产业竞争优势全收益,932360CNY010.CSI,CSI
指数,932360CNY020,产业竞争优势净收益,932360CNY020.CSI,CSI
指数,932361,港股通回购,932361.CSI,CSI
指数,932361CNY100,港股通回购人民币中间价,932361CNY100.CSI,CSI
指数,932361CNY110,港股通回购人民币中间价(全),932361CNY110.CSI,CSI
指数,932361CNY200,港股通回购CNY,932361CNY200.CSI,CSI
指数,932361CNY210,港股通回购(全)CNY,932361CNY210.CSI,CSI
指数,932361HKD210,港股通回购(全),932361HKD210.CSI,CSI
指数,932362,香港回购,932362.CSI,CSI
指数,932362CNY100,香港回购人民币中间价,932362CNY100.CSI,CSI
指数,932362CNY110,香港回购人民币中间价(全),932362CNY110.CSI,CSI
指数,932362CNY200,香港回购CNY,932362CNY200.CSI,CSI
指数,932362CNY210,香港回购(全)CNY,932362CNY210.CSI,CSI
指数,932362HKD210,香港回购(全),932362HKD210.CSI,CSI
指数,932365,中证现金流,932365.CSI,CSI
指数,932365CNY010,中证现金流全收益,932365CNY010.CSI,CSI
指数,932365CNY020,中证现金流净收益,932365CNY020.CSI,CSI
指数,932366,300现金流,932366.CSI,CSI
指数,932366CNY010,300现金流全收益,932366CNY010.CSI,CSI
指数,932366CNY020,300现金流净收益,932366CNY020.CSI,CSI
指数,932367,500现金流,932367.CSI,CSI
指数,932367CNY010,500现金流全收益,932367CNY010.CSI,CSI
指数,932367CNY020,500现金流净收益,932367CNY020.CSI,CSI
指数,932368,800现金流,932368.CSI,CSI
指数,932368CNY010,800现金流全收益,932368CNY010.CSI,CSI
指数,932368CNY020,800现金流净收益,932368CNY020.CSI,CSI
指数,932369,1000现金流,932369.CSI,CSI
指数,932369CNY010,1000现金流全收益,932369CNY010.CSI,CSI
指数,932369CNY020,1000现金流净收益,932369CNY020.CSI,CSI
指数,932381,科创创业50等权,932381.CSI,CSI
指数,932381CNY010,科创创业50等权全收益,932381CNY010.CSI,CSI
指数,932381CNY020,科创创业50等权净收益,932381CNY020.CSI,CSI
指数,932382,1000等权,932382.CSI,CSI
指数,932382CNY010,1000等权全收益,932382CNY010.CSI,CSI
指数,932382CNY020,1000等权净收益,932382CNY020.CSI,CSI
指数,932383,沪深港算力,932383.CSI,CSI
指数,932383CNY210,沪深港算力(全),932383CNY210.CSI,CSI
指数,932383HKD200,沪深港算力HKD,932383HKD200.CSI,CSI
指数,932383HKD210,沪深港算力(全)HKD,932383HKD210.CSI,CSI
指数,932384,常州新能源,932384.CSI,CSI
指数,932384CNY110,常州新能源人民币中间价(全),932384CNY110.CSI,CSI
指数,932384CNY200,常州新能源CNY,932384CNY200.CSI,CSI
指数,932384CNY210,常州新能源(全)CNY,932384CNY210.CSI,CSI
指数,932384USD200,常州新能源USD,932384USD200.CSI,CSI
指数,932384USD210,常州新能源(全)USD,932384USD210.CSI,CSI
指数,932386,智选数字经济创新,932386.CSI,CSI
指数,932386CNY010,智选数字经济创新全收益,932386CNY010.CSI,CSI
指数,932391,科创创业生物医药,932391.CSI,CSI
指数,932391CNY010,科创创业生物医药全收益,932391CNY010.CSI,CSI
指数,932392,1000价值,932392.CSI,CSI
指数,932392CNY010,1000价值全收益,932392CNY010.CSI,CSI
指数,932392CNY020,1000价值净收益,932392CNY020.CSI,CSI
指数,932393,1000成长,932393.CSI,CSI
指数,932393CNY010,1000成长全收益,932393CNY010.CSI,CSI
指数,932393CNY020,1000成长净收益,932393CNY020.CSI,CSI
指数,932394,2000价值,932394.CSI,CSI
指数,932394CNY010,2000价值全收益,932394CNY010.CSI,CSI
指数,932394CNY020,2000价值净收益,932394CNY020.CSI,CSI
指数,932395,2000成长,932395.CSI,CSI
指数,932395CNY010,2000成长全收益,932395CNY010.CSI,CSI
指数,932395CNY020,2000成长净收益,932395CNY020.CSI,CSI
指数,932396,1000R价值,932396.CSI,CSI
指数,932396CNY010,1000R价值全收益,932396CNY010.CSI,CSI
指数,932396CNY020,1000R价值净收益,932396CNY020.CSI,CSI
指数,932397,1000R成长,932397.CSI,CSI
指数,932397CNY010,1000R成长全收益,932397CNY010.CSI,CSI
指数,932397CNY020,1000R成长净收益,932397CNY020.CSI,CSI
指数,932398,2000R价值,932398.CSI,CSI
指数,932398CNY010,2000R价值全收益,932398CNY010.CSI,CSI
指数,932398CNY020,2000R价值净收益,932398CNY020.CSI,CSI
指数,932399,2000R成长,932399.CSI,CSI
指数,932399CNY010,2000R成长全收益,932399CNY010.CSI,CSI
指数,932399CNY020,2000R成长净收益,932399CNY020.CSI,CSI
指数,932400,300P价值,932400.CSI,CSI
指数,932400CNY010,300P价值全收益,932400CNY010.CSI,CSI
指数,932400CNY020,300P价值净收益,932400CNY020.CSI,CSI
指数,932401,300P成长,932401.CSI,CSI
指数,932401CNY010,300P成长全收益,932401CNY010.CSI,CSI
指数,932401CNY020,300P成长净收益,932401CNY020.CSI,CSI
指数,932402,500P价值,932402.CSI,CSI
指数,932402CNY010,500P价值全收益,932402CNY010.CSI,CSI
指数,932402CNY020,500P价值净收益,932402CNY020.CSI,CSI
指数,932403,500P成长,932403.CSI,CSI
指数,932403CNY010,500P成长全收益,932403CNY010.CSI,CSI
指数,932403CNY020,500P成长净收益,932403CNY020.CSI,CSI
指数,932404,800P价值,932404.CSI,CSI
指数,932404CNY010,800P价值全收益,932404CNY010.CSI,CSI
指数,932404CNY020,800P价值净收益,932404CNY020.CSI,CSI
指数,932405,800P成长,932405.CSI,CSI
指数,932405CNY010,800P成长全收益,932405CNY010.CSI,CSI
指数,932405CNY020,800P成长净收益,932405CNY020.CSI,CSI
指数,932406,1000P价值,932406.CSI,CSI
指数,932406CNY010,1000P价值全收益,932406CNY010.CSI,CSI
指数,932406CNY020,1000P价值净收益,932406CNY020.CSI,CSI
指数,932407,1000P成长,932407.CSI,CSI
指数,932407CNY010,1000P成长全收益,932407CNY010.CSI,CSI
指数,932407CNY020,1000P成长净收益,932407CNY020.CSI,CSI
指数,932408,2000P价值,932408.CSI,CSI
指数,932408CNY010,2000P价值全收益,932408CNY010.CSI,CSI
指数,932408CNY020,2000P价值净收益,932408CNY020.CSI,CSI
指数,932409,2000P成长,932409.CSI,CSI
指数,932409CNY010,2000P成长全收益,932409CNY010.CSI,CSI
指数,932409CNY020,2000P成长净收益,932409CNY020.CSI,CSI
指数,932410,红利股债RP,932410.CSI,CSI
指数,932411,红利股债10/90,932411.CSI,CSI
指数,932412,红利股债20/80,932412.CSI,CSI
指数,932413,红利股债30/70,932413.CSI,CSI
指数,932414,红利股债稳健配置10%,932414.CSI,CSI
指数,932415,红利股债稳健配置20%,932415.CSI,CSI
指数,932416,红利股债稳健配置30%,932416.CSI,CSI
指数,932417,SEEE绿色转型,932417.CSI,CSI
指数,932417CNY010,SEEE绿色转型全收益,932417CNY010.CSI,CSI
指数,932419,国新国企航空航天,932419.CSI,CSI
指数,932419CNY010,国新国企航空航天全收益,932419CNY010.CSI,CSI
指数,932420,智选船舶产业,932420.CSI,CSI
指数,932420CNY010,智选船舶产业全收益,932420CNY010.CSI,CSI
指数,932420CNY020,智选船舶产业净收益,932420CNY020.CSI,CSI
指数,932421,民企ESG50,932421.CSI,CSI
指数,932421CNY010,民企ESG50全收益,932421CNY010.CSI,CSI
指数,932422,A500红利低波,932422.CSI,CSI
指数,932422CNY010,A500红利低波全收益,932422CNY010.CSI,CSI
指数,932422CNY020,A500红利低波净收益,932422CNY020.CSI,CSI
指数,932423,长三角数字经济,932423.CSI,CSI
指数,932423CNY010,长三角数字经济全收益,932423CNY010.CSI,CSI
指数,932424,化肥农药,932424.CSI,CSI
指数,932424CNY010,化肥农药全收益,932424CNY010.CSI,CSI
指数,932425,SSH汽车,932425.CSI,CSI
指数,932425CNY100,SSH汽车人民币中间价,932425CNY100.CSI,CSI
指数,932425CNY110,SSH汽车人民币中间价(全),932425CNY110.CSI,CSI
指数,932425CNY200,SSH汽车CNY,932425CNY200.CSI,CSI
指数,932425CNY210,SSH汽车(全)CNY,932425CNY210.CSI,CSI
指数,932425HKD210,SSH汽车(全),932425HKD210.CSI,CSI
指数,932430,中证质量,932430.CSI,CSI
指数,932430CNY010,中证质量全收益,932430CNY010.CSI,CSI
指数,932430CNY020,中证质量净收益,932430CNY020.CSI,CSI
指数,932431,300质量,932431.CSI,CSI
指数,932431CNY010,300质量全收益,932431CNY010.CSI,CSI
指数,932431CNY020,300质量净收益,932431CNY020.CSI,CSI
指数,932432,500质量,932432.CSI,CSI
指数,932432CNY010,500质量全收益,932432CNY010.CSI,CSI
指数,932432CNY020,500质量净收益,932432CNY020.CSI,CSI
指数,932433,800质量,932433.CSI,CSI
指数,932433CNY010,800质量全收益,932433CNY010.CSI,CSI
指数,932433CNY020,800质量净收益,932433CNY020.CSI,CSI
指数,932434,1000质量,932434.CSI,CSI
指数,932434CNY010,1000质量全收益,932434CNY010.CSI,CSI
指数,932434CNY020,1000质量净收益,932434CNY020.CSI,CSI
指数,932435,红利低波股债10/90,932435.CSI,CSI
指数,932436,红利低波股债20/80,932436.CSI,CSI
指数,932437,红利低波股债30/70,932437.CSI,CSI
指数,932438,科创创业机器人,932438.CSI,CSI
指数,932438CNY010,科创创业机器人全收益,932438CNY010.CSI,CSI
指数,932440,上海现代产业,932440.CSI,CSI
指数,932440CNY010,上海现代产业全收益,932440CNY010.CSI,CSI
指数,932444,互联互通中国50HKD,932444.CSI,CSI
指数,932444HKD210,互联互通中国50(全)HKD,932444HKD210.CSI,CSI
指数,932447,中新亚洲100红利聚焦HKD,932447.CSI,CSI
指数,932448,科创创业半导体,932448.CSI,CSI
指数,932448CNY010,科创创业半导体全收益,932448CNY010.CSI,CSI
指数,932450,香港现金流,932450.CSI,CSI
指数,932450CNY100,香港现金流人民币中间价,932450CNY100.CSI,CSI
指数,932450CNY110,香港现金流人民币中间价(全),932450CNY110.CSI,CSI
指数,932450CNY200,香港现金流CNY,932450CNY200.CSI,CSI
指数,932450CNY210,香港现金流(全)CNY,932450CNY210.CSI,CSI
指数,932450HKD210,香港现金流(全),932450HKD210.CSI,CSI
指数,932451,智选质量领先50,932451.CSI,CSI
指数,932451CNY010,智选质量领先50全收益,932451CNY010.CSI,CSI
指数,932451CNY020,智选质量领先50净收益,932451CNY020.CSI,CSI
指数,932452,CS西藏,932452.CSI,CSI
指数,932452CNY010,CS西藏全收益,932452CNY010.CSI,CSI
指数,932456,科创创业AI,932456.CSI,CSI
指数,932456CNY010,科创创业AI全收益,932456CNY010.CSI,CSI
指数,932457,港股通现金流,932457.CSI,CSI
指数,932457CNY100,港股通现金流人民币中间价,932457CNY100.CSI,CSI
指数,932457CNY110,港股通现金流人民币中间价(全),932457CNY110.CSI,CSI
指数,932457CNY200,港股通现金流CNY,932457CNY200.CSI,CSI
指数,932457CNY210,港股通现金流(全)CNY,932457CNY210.CSI,CSI
指数,932457HKD210,港股通现金流(全),932457HKD210.CSI,CSI
指数,932458,智选杭州创新50,932458.CSI,CSI
指数,932458CNY010,智选杭州创新50(全),932458CNY010.CSI,CSI
指数,932458HKD200,智选杭州创新50港元,932458HKD200.CSI,CSI
指数,932458HKD210,智选杭州创新50港元(全),932458HKD210.CSI,CSI
指数,932459,全球生物科技,932459.CSI,CSI
指数,932459CNY210,全球生物科技(全),932459CNY210.CSI,CSI
指数,932459HKD200,全球生物科技HKD,932459HKD200.CSI,CSI
指数,932459HKD210,全球生物科技(全)HKD,932459HKD210.CSI,CSI
指数,932459USD200,全球生物科技USD,932459USD200.CSI,CSI
指数,932459USD210,全球生物科技(全)USD,932459USD210.CSI,CSI
指数,932460,长三角科技领先,932460.CSI,CSI
指数,932460CNY010,长三角科技领先全收益,932460CNY010.CSI,CSI
指数,932461,科创创业新能源,932461.CSI,CSI
指数,932461CNY010,科创创业新能源全收益,932461CNY010.CSI,CSI
指数,932462,互联互通中国50USD,932462.CSI,CSI
指数,932462USD210,互联互通中国50(全)USD,932462USD210.CSI,CSI
指数,932465,A500质量,932465.CSI,CSI
指数,932465CNY010,A500质量全收益,932465CNY010.CSI,CSI
指数,932465CNY020,A500质量净收益,932465CNY020.CSI,CSI
指数,932466,A500交易所股债5/95,932466.CSI,CSI
指数,932467,A500交易所股债10/90,932467.CSI,CSI
指数,932468,A500交易所股债15/85,932468.CSI,CSI
指数,932469,A500交易所股债20/80,932469.CSI,CSI
指数,932470,A500交易所股债30/70,932470.CSI,CSI
指数,932471,现金流交易所股债5/95,932471.CSI,CSI
指数,932472,现金流交易所股债10/90,932472.CSI,CSI
指数,932473,现金流交易所股债15/85,932473.CSI,CSI
指数,932474,现金流交易所股债20/80,932474.CSI,CSI
指数,932475,现金流交易所股债30/70,932475.CSI,CSI
指数,932476,A500红利质量,932476.CSI,CSI
指数,932476CNY010,A500红利质量全收益,932476CNY010.CSI,CSI
指数,932476CNY020,A500红利质量净收益,932476CNY020.CSI,CSI
指数,932477,红利低波交易所股债5/95,932477.CSI,CSI
指数,932478,红利低波交易所股债10/90,932478.CSI,CSI
指数,932479,红利低波交易所股债15/85,932479.CSI,CSI
指数,932480,红利低波交易所股债20/80,932480.CSI,CSI
指数,932481,红利低波交易所股债30/70,932481.CSI,CSI
指数,932493,港股通AI,932493.CSI,CSI
指数,932493CNY100,港股通AI人民币中间价,932493CNY100.CSI,CSI
指数,932493CNY110,港股通AI人民币中间价(全),932493CNY110.CSI,CSI
指数,932493CNY200,港股通AICNY,932493CNY200.CSI,CSI
指数,932493CNY210,港股通AI(全)CNY,932493CNY210.CSI,CSI
指数,932493HKD210,港股通AI(全),932493HKD210.CSI,CSI
指数,932494,A500成长,932494.CSI,CSI
指数,932494CNY010,A500成长全收益,932494CNY010.CSI,CSI
指数,932494CNY020,A500成长净收益,932494CNY020.CSI,CSI
指数,932495,A500P成长,932495.CSI,CSI
指数,932495CNY010,A500P成长全收益,932495CNY010.CSI,CSI
指数,932495CNY020,A500P成长净收益,932495CNY020.CSI,CSI
指数,932496,A500R成长,932496.CSI,CSI
指数,932496CNY010,A500R成长全收益,932496CNY010.CSI,CSI
指数,932496CNY020,A500R成长净收益,932496CNY020.CSI,CSI
指数,932497,A500价值,932497.CSI,CSI
指数,932497CNY010,A500价值全收益,932497CNY010.CSI,CSI
指数,932497CNY020,A500价值净收益,932497CNY020.CSI,CSI
指数,932498,A500P价值,932498.CSI,CSI
指数,932498CNY010,A500P价值全收益,932498CNY010.CSI,CSI
指数,932498CNY020,A500P价值净收益,932498CNY020.CSI,CSI
指数,932499,A500R价值,932499.CSI,CSI
指数,932499CNY010,A500R价值全收益,932499CNY010.CSI,CSI
指数,932499CNY020,A500R价值净收益,932499CNY020.CSI,CSI
指数,932500,交银人寿科创创业成长策略,932500.CSI,CSI
指数,932500CNY010,交银人寿科创创业成长策略全收益,932500CNY010.CSI,CSI
指数,932500CNY020,交银人寿科创创业成长策略净收益,932500CNY020.CSI,CSI
指数,932501,互联互通中国50人民币中间价,932501.CSI,CSI
指数,932501CNY110,互联互通中国50人民币中间价(全),932501CNY110.CSI,CSI
指数,932502,港股通消费50,932502.CSI,CSI
指数,932502CNY100,港股通消费50人民币中间价,932502CNY100.CSI,CSI
指数,932502CNY110,港股通消费50人民币中间价(全),932502CNY110.CSI,CSI
指数,932502CNY200,港股通消费50CNY,932502CNY200.CSI,CSI
指数,932502CNY210,港股通消费50(全)CNY,932502CNY210.CSI,CSI
指数,932502HKD210,港股通消费50(全),932502HKD210.CSI,CSI
指数,932535,全指等权,932535.CSI,CSI
指数,932535CNY010,全指等权全收益,932535CNY010.CSI,CSI
指数,932535CNY020,全指等权净收益,932535CNY020.CSI,CSI
指数,932536,航运发展,932536.CSI,CSI
指数,932536CNY010,航运发展全收益,932536CNY010.CSI,CSI
指数,932537,互联互通中国50SGD,932537.CSI,CSI
指数,932537SGD210,互联互通中国50(全)SGD,932537SGD210.CSI,CSI
指数,932544,智选安徽100,932544.CSI,CSI
指数,932544CNY010,智选安徽100全收益,932544CNY010.CSI,CSI
指数,932544CNY020,智选安徽100净收益,932544CNY020.CSI,CSI
指数,932545,科创创业创新药,932545.CSI,CSI
指数,932545CNY010,科创创业创新药全收益,932545CNY010.CSI,CSI
指数,932546,A50等权,932546.CSI,CSI
指数,932546CNY010,A50等权全收益,932546CNY010.CSI,CSI
指数,932546CNY020,A50等权净收益,932546CNY020.CSI,CSI
指数,932547,A100等权,932547.CSI,CSI
指数,932547CNY010,A100等权全收益,932547CNY010.CSI,CSI
指数,932547CNY020,A100等权净收益,932547CNY020.CSI,CSI
指数,932548,A500等权,932548.CSI,CSI
指数,932548CNY010,A500等权全收益,932548CNY010.CSI,CSI
指数,932548CNY020,A500等权净收益,932548CNY020.CSI,CSI
指数,932549,智选成长领先50,932549.CSI,CSI
指数,932549CNY010,智选成长领先50全收益,932549CNY010.CSI,CSI
指数,932549CNY020,智选成长领先50净收益,932549CNY020.CSI,CSI
指数,932553,科创创业医疗器械,932553.CSI,CSI
指数,932553CNY010,科创创业医疗器械全收益,932553CNY010.CSI,CSI
指数,932554,A500交易所0-7股债5/95,932554.CSI,CSI
指数,932555,A500交易所0-7股债10/90,932555.CSI,CSI
指数,932556,A500交易所0-7股债15/85,932556.CSI,CSI
指数,932557,A500交易所0-7股债20/80,932557.CSI,CSI
指数,932558,A500交易所0-7股债30/70,932558.CSI,CSI
指数,932559,现金流交易所0-7股债5/95,932559.CSI,CSI
指数,932560,现金流交易所0-7股债10/90,932560.CSI,CSI
指数,932561,现金流交易所0-7股债15/85,932561.CSI,CSI
指数,932562,现金流交易所0-7股债20/80,932562.CSI,CSI
指数,932563,现金流交易所0-7股债30/70,932563.CSI,CSI
指数,932565,红利低波交易所0-7股债5/95,932565.CSI,CSI
指数,932566,红利低波交易所0-7股债10/90,932566.CSI,CSI
指数,932567,红利低波交易所0-7股债15/85,932567.CSI,CSI
指数,932568,红利低波交易所0-7股债20/80,932568.CSI,CSI
指数,932569,红利低波交易所0-7股债30/70,932569.CSI,CSI
指数,932576,2000ESG,932576.CSI,CSI
指数,932576CNY010,2000ESG全收益,932576CNY010.CSI,CSI
指数,932577,2000ESG领先,932577.CSI,CSI
指数,932577CNY010,2000ESG领先全收益,932577CNY010.CSI,CSI
指数,932578,中新亚洲100红利聚焦SGD,932578.CSI,CSI
指数,932583,中新亚洲100红利聚焦USD,932583.CSI,CSI
指数,932585,互联互通中国50红利聚焦HKD,932585.CSI,CSI
指数,932585HKD210,互联互通中国50红利聚焦(全)HKD,932585HKD210.CSI,CSI
指数,932587,香港AI,932587.CSI,CSI
指数,932587CNY100,香港AI人民币中间价,932587CNY100.CSI,CSI
指数,932587CNY110,香港AI人民币中间价(全),932587CNY110.CSI,CSI
指数,932587CNY200,香港AICNY,932587CNY200.CSI,CSI
指数,932587CNY210,香港AI(全)CNY,932587CNY210.CSI,CSI
指数,932587HKD210,香港AI(全),932587HKD210.CSI,CSI
指数,932589,互联互通中国50红利聚焦CNYCPR,932589.CSI,CSI
指数,932589CNY110,互联互通中国50红利聚焦CPR(全),932589CNY110.CSI,CSI
指数,932590,互联互通中国50红利聚焦SGD,932590.CSI,CSI
指数,932590SGD210,互联互通中国50红利聚焦(全)SGD,932590SGD210.CSI,CSI
指数,932592,互联互通中国50,932592.CSI,CSI
指数,932592CNY210,互联互通中国50(全),932592CNY210.CSI,CSI
指数,932593,互联互通中国50红利聚焦,932593.CSI,CSI
指数,932593CNY210,互联互通中国50红利聚焦(全),932593CNY210.CSI,CSI
指数,932596,港股通红利低波,932596.CSI,CSI
指数,932596CNY100,港股通红利低波人民币中间价,932596CNY100.CSI,CSI
指数,932596CNY110,港股通红利低波人民币中间价(全),932596CNY110.CSI,CSI
指数,932596CNY200,港股通红利低波CNY,932596CNY200.CSI,CSI
指数,932596CNY210,港股通红利低波(全)CNY,932596CNY210.CSI,CSI
指数,932596HKD210,港股通红利低波(全),932596HKD210.CSI,CSI
指数,932597,中新亚洲100USD,932597.CSI,CSI
指数,932598,互联互通中国50红利聚焦USD,932598.CSI,CSI
指数,932598USD210,互联互通中国50红利聚焦(全)USD,932598USD210.CSI,CSI
指数,932600,中新亚洲100SGD,932600.CSI,CSI
指数,932601,中新亚洲100红利聚焦,932601.CSI,CSI
指数,932603,中新亚洲100HKD,932603.CSI,CSI
指数,932607,中新亚洲100,932607.CSI,CSI
指数,933000,沪深300(净)HKD(CNH),933000.CSI,CSI
指数,934800,MSCI匈牙利,934800.MI,MI
指数,935600,MSCI印度,935600.MI,MI
指数,937200,MSCI爱尔兰,937200.MI,MI
指数,938000,MSCI意大利,938000.MI,MI
指数,939200,MSCI日本,939200.MI,MI
指数,940000,MSCI约旦,940000.MI,MI
指数,940048,G60综指全收益,940048.CSI,CSI
指数,940049,G60成指全收益,940049.CSI,CSI
指数,940083,上证长三角全收益,940083.CSI,CSI
指数,940189,沪新基建全收益,940189.CSI,CSI
指数,941000,MSCI韩国,941000.MI,MI
指数,950048,G60综指,950048.CSI,CSI
指数,950049,G60成指,950049.CSI,CSI
指数,950050,沪红利配置,950050.CSI,CSI
指数,950070,上证汽车,950070.CSI,CSI
指数,950071,上证基建,950071.CSI,CSI
指数,950072,沪信安全,950072.CSI,CSI
指数,950073,沪互联网,950073.CSI,CSI
指数,950074,沪互金融,950074.CSI,CSI
指数,950075,沪现代农,950075.CSI,CSI
指数,950076,50两倍,950076.CSI,CSI
指数,950077,50反向,950077.CSI,CSI
指数,950078,50反两,950078.CSI,CSI
指数,950079,上证混改,950079.CSI,CSI
指数,950080,中小企改,950080.CSI,CSI
指数,950081,180碳效,950081.CSI,CSI
指数,950082,上海改革,950082.CSI,CSI
指数,950083,上证长三角,950083.CSI,CSI
指数,950085,沪物联网,950085.SH,SH
指数,950086,沪自贸区,950086.SH,SH
指数,950087,上证海洋,950087.SH,SH
指数,950088,沪轻资产,950088.SH,SH
指数,950089,上证电子,950089.SH,SH
指数,950090,50AH优选,950090.CSI,CSI
指数,950091,50AH优选(HKD),950091.SH,SH
指数,950092,上证180优选,950092.CSI,CSI
指数,950092,上证180优选,950092.SH,SH
指数,950093,上证180优选(HKD),950093.SH,SH
指数,950094,上证增持,950094.SH,SH
指数,950095,上证定增,950095.SH,SH
指数,950096,上海国企,950096.CSI,CSI
指数,950097,沪供给侧,950097.SH,SH
指数,950098,180SNLV,950098.SH,SH
指数,950099,380SNLV,950099.SH,SH
指数,950100,上高股息,950100.SH,SH
指数,950101,沪智能造,950101.SH,SH
指数,950103,智选科创半导体,950103.CSI,CSI
指数,950103CNY010,智选科创半导体全收益,950103CNY010.CSI,CSI
指数,950103CNY020,智选科创半导体净收益,950103CNY020.CSI,CSI
指数,950105,上证证券,950105.CSI,CSI
指数,950106,上证创新,950106.CSI,CSI
指数,950107,380创新,950107.CSI,CSI
指数,950125,科创半导体材料设备,950125.CSI,CSI
指数,950125,科创半导体材料设备,950125.SH,SH
指数,950125CNY010,科创半导体材料设备全收益,950125CNY010.SH,SH
指数,950125CNY020,科创半导体材料设备净收益,950125CNY020.SH,SH
指数,950161,科创新药,950161.CSI,CSI
指数,950161CNY010,科创新药全收益,950161CNY010.SH,SH
指数,950161CNY020,科创新药净收益,950161CNY020.SH,SH
指数,950162,科创芯片设计,950162.CSI,CSI
指数,950162CNY010,科创芯片设计全收益,950162CNY010.CSI,CSI
指数,950162CNY020,科创芯片设计净收益,950162CNY020.CSI,CSI
指数,950178,科创民企策略,950178.CSI,CSI
指数,950178CNY010,科创民企策略全收益,950178CNY010.CSI,CSI
指数,950179,上证回购,950179.SH,SH
指数,950179CNY010,上证回购全收益,950179CNY010.SH,SH
指数,950179CNY020,上证回购净收益,950179CNY020.SH,SH
指数,950180,科创AI,950180.CSI,CSI
指数,950180CNY010,科创AI全收益,950180CNY010.CSI,CSI
指数,950180CNY020,科创AI净收益,950180CNY020.CSI,CSI
指数,950181,上证红利增长,950181.SH,SH
指数,950181CNY010,上证红利增长全收益,950181CNY010.SH,SH
指数,950181CNY020,上证红利增长净收益,950181CNY020.SH,SH
指数,950182,180红利增长,950182.SH,SH
指数,950182CNY010,180红利增长全收益,950182CNY010.SH,SH
指数,950182CNY020,180红利增长净收益,950182CNY020.SH,SH
指数,950187,50备兑,950187.CSI,CSI
指数,950189,沪新基建,950189.CSI,CSI
指数,950194,上证新能源车,950194.CSI,CSI
指数,950194CNY01,上证新能源车全收益,950194CNY01.CSI,CSI
指数,950196,智选科创龙头策略,950196.CSI,CSI
指数,950196CNY010,智选科创龙头策略全收益,950196CNY010.CSI,CSI
指数,950196CNY020,智选科创龙头策略净收益,950196CNY020.CSI,CSI
指数,950215,180金融行业,950215.CSI,CSI
指数,950215CNY01,180金融行业全收益,950215CNY01.CSI,CSI
指数,950216,380地产,950216.CSI,CSI
指数,950216CNY01,380地产全收益,950216CNY01.CSI,CSI
指数,950217,上证地产,950217.CSI,CSI
指数,950217CNY01,上证地产全收益,950217CNY01.CSI,CSI
指数,950218,房地产等权,950218.CSI,CSI
指数,950218CNY01,房地产等权全收益,950218CNY01.CSI,CSI
指数,950219,沪地产红,950219.CSI,CSI
指数,950219CNY01,沪地产红全收益,950219CNY01.CSI,CSI
指数,950220,上证新能源,950220.CSI,CSI
指数,950220CNY01,上证新能源全收益,950220CNY01.CSI,CSI
指数,950222,沪专精特新,950222.CSI,CSI
指数,950222CNY010,沪专精特新全收益,950222CNY010.CSI,CSI
指数,950223,50ESG,950223.CSI,CSI
指数,950223CNY01,50ESG全收益,950223CNY01.CSI,CSI
指数,950224,180ESG基准,950224.CSI,CSI
指数,950224CNY01,180ESG基准全收益,950224CNY01.CSI,CSI
指数,950225,380ESG,950225.CSI,CSI
指数,950225CNY01,380ESG全收益,950225CNY01.CSI,CSI
指数,950226,180ESG领先,950226.CSI,CSI
指数,950226CNY01,180ESG领先全收益,950226CNY01.CSI,CSI
指数,950227,380ESG领先,950227.CSI,CSI
指数,950227CNY01,380ESG领先全收益,950227CNY01.CSI,CSI
指数,950228,智选科创价值50,950228.SH,SH
指数,950228CNY010,智选科创价值50全收益,950228CNY010.SH,SH
指数,950228CNY020,智选科创价值50净收益,950228CNY020.SH,SH
指数,950238,上证光伏,950238.SH,SH
指数,950238CNY01,上证光伏全收益,950238CNY01.SH,SH
指数,950239,上证太阳能,950239.SH,SH
指数,950239CNY01,上证太阳能全收益,950239CNY01.SH,SH
指数,950253,国新科创国企,950253.CSI,CSI
指数,950253CNY010,国新科创国企全收益,950253CNY010.CSI,CSI
指数,950255,科创医疗,950255.SH,SH
指数,950255CNY010,科创医疗全收益,950255CNY010.SH,SH
指数,950255CNY020,科创医疗净收益,950255CNY020.SH,SH
指数,950258,上证红利质量,950258.SH,SH
指数,950258CNY010,上证红利质量全收益,950258CNY010.SH,SH
指数,950258CNY020,上证红利质量净收益,950258CNY020.SH,SH
指数,950259,上证180红利质量,950259.SH,SH
指数,950259CNY010,上证180红利质量全收益,950259CNY010.SH,SH
指数,950259CNY020,上证180红利质量净收益,950259CNY020.SH,SH
指数,950260,智选科创成长动量,950260.CSI,CSI
指数,950260CNY010,智选科创成长动量全收益,950260CNY010.CSI,CSI
指数,950260CNY020,智选科创成长动量净收益,950260CNY020.CSI,CSI
指数,950283,科创盈利质量,950283.SH,SH
指数,950283CNY010,科创盈利质量全收益,950283CNY010.SH,SH
指数,950283CNY020,科创盈利质量净收益,950283CNY020.SH,SH
指数,950332,科创计算机,950332.SH,SH
指数,950332CNY010,科创计算机全收益,950332CNY010.SH,SH
指数,950333,智选创新价值,950333.CSI,CSI
指数,950333,智选创新价值,950333.SH,SH
指数,950333CNY010,智选创新价值全收益,950333CNY010.SH,SH
指数,950346,上证红利股债RP,950346.SH,SH
指数,950347,上证红利股债10/90,950347.SH,SH
指数,950348,上证红利股债20/80,950348.SH,SH
指数,950349,上证红利股债30/70,950349.SH,SH
指数,950350,上证红利股债稳健配置10%,950350.SH,SH
指数,950351,上证红利股债稳健配置20%,950351.SH,SH
指数,950352,上证红利股债稳健配置30%,950352.SH,SH
指数,950357,科创专精特新,950357.CSI,CSI
指数,950357CNY010,科创专精特新全收益,950357CNY010.CSI,CSI
指数,950363,科创民企,950363.CSI,CSI
指数,950363CNY010,科创民企全收益,950363CNY010.CSI,CSI
指数,950393,创新成长策略精选,950393.SH,SH
指数,950393CNY010,创新成长策略精选全收益,950393CNY010.SH,SH
指数,950580,上证580,950580.CSI,CSI
指数,950580CNY010,上证580全收益,950580CNY010.CSI,CSI
指数,950580CNY020,上证580净收益,950580CNY020.CSI,CSI
指数,952800,MSCI荷兰,952800.MI,MI
指数,955400,MSCI新西兰,955400.MI,MI
指数,957800,MSCI挪威,957800.MI,MI
指数,958600,MSCI巴基斯坦,958600.MI,MI
指数,960400,MSCI秘鲁,960400.MI,MI
指数,961600,MSCI波兰,961600.MI,MI
指数,962000,MSCI葡萄牙,962000.MI,MI
指数,970006,创业板指(港币)(CNH),970006.CNI,CNI
指数,970007,创业板指(美元)(CNH),970007.CNI,CNI
指数,970026,深指ESG,970026.CNI,CNI
指数,970027,100ESG,970027.CNI,CNI
指数,970028,创指ESG,970028.CNI,CNI
指数,970029,深指ESG领先,970029.CNI,CNI
指数,970030,100ESG领先,970030.CNI,CNI
指数,970031,创指ESG领先,970031.CNI,CNI
指数,970032,深指ESG增强,970032.CNI,CNI
指数,970033,100ESG增强,970033.CNI,CNI
指数,970034,创指ESG增强,970034.CNI,CNI
指数,970035,深证光伏,970035.CNI,CNI
指数,970036,深证储能,970036.CNI,CNI
指数,970037,深证高装,970037.CNI,CNI
指数,970038,生物经济,970038.CNI,CNI
指数,970039,创新材料,970039.CNI,CNI
指数,970040,创业高装,970040.CNI,CNI
指数,970041,创新消费,970041.CNI,CNI
指数,970042,新材料50,970042.CNI,CNI
指数,970043,新能装备,970043.CNI,CNI
指数,970046,深证XR,970046.CNI,CNI
指数,970047,数字文化,970047.CNI,CNI
指数,970048,新型显示,970048.CNI,CNI
指数,970049,深证数字交通,970049.CNI,CNI
指数,970050,深证卫星导航,970050.CNI,CNI
指数,970051,深证算力设施,970051.CNI,CNI
指数,970052,深证数字安全,970052.CNI,CNI
指数,970053,深证数据要素,970053.CNI,CNI
指数,970054,深证智能电网,970054.CNI,CNI
指数,970055,深证国企ESG,970055.CNI,CNI
指数,970056,深证民企ESG,970056.CNI,CNI
指数,970057,深证民企50,970057.CNI,CNI
指数,970058,深证民企治理,970058.CNI,CNI
指数,970059,深证民企科技,970059.CNI,CNI
指数,970060,深证ESG成长,970060.CNI,CNI
指数,970061,深证ESG价值,970061.CNI,CNI
指数,970062,深红利300,970062.CNI,CNI
指数,970063,深证回购,970063.CNI,CNI
指数,970064,深证国企股东回报,970064.CNI,CNI
指数,970065,深证优质信披,970065.CNI,CNI
指数,970066,深证氢能,970066.CNI,CNI
指数,970067,深证专利,970067.CNI,CNI
指数,970068,创业专利,970068.CNI,CNI
指数,970069,深证绿色制造,970069.CNI,CNI
指数,970070,创业板人工智能,970070.CNI,CNI
指数,970071,深证民企成长,970071.CNI,CNI
指数,970072,深证民企价值,970072.CNI,CNI
指数,970073,深证绿色农牧,970073.CNI,CNI
指数,970074,深证智能穿戴,970074.CNI,CNI
指数,970075,深证AIGC,970075.CNI,CNI
指数,970076,深证绿色化工,970076.CNI,CNI
指数,970077,深证绿色建材,970077.CNI,CNI
指数,970080,科技50,970080.CNI,CNI
指数,970081,创业板电池,970081.CNI,CNI
指数,97008101,创业板电池R,97008101.CNI,CNI
指数,970082,创业板医疗,970082.CNI,CNI
指数,97008201,创业板医疗R,97008201.CNI,CNI
指数,970083,创业板算力,970083.CNI,CNI
指数,97008301,创业板算力R,97008301.CNI,CNI
指数,970084,创业板传媒,970084.CNI,CNI
指数,97008401,创业板传媒R,97008401.CNI,CNI
指数,970085,创业板金融科技,970085.CNI,CNI
指数,97008501,创业板金融科技R,97008501.CNI,CNI
指数,971000,MSCI南非,971000.MI,MI
指数,971001,深成地产,971001.CNI,CNI
指数,971002,中小地产,971002.CNI,CNI
指数,971004,创业板战略科技,971004.CNI,CNI
指数,972400,MSCI西班牙,972400.MI,MI
指数,975200,MSCI瑞典,975200.MI,MI
指数,975600,MSCI瑞士,975600.MI,MI
指数,979200,MSCI土耳其,979200.MI,MI
指数,980001,湾创100(CNI),980001.CNI,CNI
指数,980001,中华半导体芯片(全)CNY,980001.CSI,CSI
指数,980001,湾创100,980001.SZ,SZ
指数,980002,湾创100(港币),980002.CNI,CNI
指数,980002,中华半导体芯片全收益HKD,980002.CSI,CSI
指数,980003,湾区综指,980003.CNI,CNI
指数,980004,湾区综指(港币),980004.CNI,CNI
指数,980006,港股通自由现金流,980006.CNI,CNI
指数,98000600,港股通自由现金流(人民币),98000600.CNI,CNI
指数,98000601,港股通自由现金流R(人民币),98000601.CNI,CNI
指数,98000611,港股通自由现金流R,98000611.CNI,CNI
指数,980007,湾区新兴,980007.CNI,CNI
指数,980008,湾区新兴(港币),980008.CNI,CNI
指数,980009,湾区制造,980009.CNI,CNI
指数,980010,湾区制造(港币),980010.CNI,CNI
指数,980011,湾区服务,980011.CNI,CNI
指数,980012,湾区服务(港币),980012.CNI,CNI
指数,980013,湾区医药,980013.CNI,CNI
指数,980014,湾区医药(港币),980014.CNI,CNI
指数,980015,疫苗生科,980015.CNI,CNI
指数,980016,医疗健康,980016.CNI,CNI
指数,980017,国证芯片(CNI),980017.CNI,CNI
指数,980017,国证芯片,980017.SZ,SZ
指数,980018,卫星通信,980018.CNI,CNI
指数,98001801,卫星通信R,98001801.CNI,CNI
指数,980019,湾区海洋,980019.CNI,CNI
指数,980020,湾区海洋(港币),980020.CNI,CNI
指数,980021,碳中和50,980021.CNI,CNI
指数,980022,机器人产业,980022.CNI,CNI
指数,98002201,机器人产业R,98002201.CNI,CNI
指数,980023,南山50(CNI),980023.CNI,CNI
指数,980023,南山50,980023.SZ,SZ
指数,980024,南山50(港币),980024.CNI,CNI
指数,980025,北股交指,980025.CNI,CNI
指数,980026,风光装备,980026.CNI,CNI
指数,980027,新能源电池,980027.CNI,CNI
指数,980028,龙头家电,980028.CNI,CNI
指数,980029,新基建,980029.CNI,CNI
指数,980030,消费电子,980030.CNI,CNI
指数,980031,国证白酒,980031.CNI,CNI
指数,980032,新能电池,980032.CNI,CNI
指数,980033,自主科技,980033.CNI,CNI
指数,980034,工业软件,980034.CNI,CNI
指数,980035,化肥农药,980035.CNI,CNI
指数,980036,创新龙头,980036.CNI,CNI
指数,980037,创新龙头(港币),980037.CNI,CNI
指数,980038,深圳高新,980038.CNI,CNI
指数,980039,深圳高新(港币),980039.CNI,CNI
指数,980043,工业金属,980043.CNI,CNI
指数,980046,文化创意,980046.CNI,CNI
指数,980047,文化创意(港币),980047.CNI,CNI
指数,980048,国证建材,980048.CNI,CNI
指数,980049,国证酒指,980049.CNI,CNI
指数,980052,绿色金融,980052.CNI,CNI
指数,980053,绿色金融（港币）,980053.CNI,CNI
指数,980055,规模因子,980055.CNI,CNI
指数,980056,价值因子,980056.CNI,CNI
指数,980057,动量因子,980057.CNI,CNI
指数,980058,绿色治理,980058.CNI,CNI
指数,980059,航空出行,980059.CNI,CNI
指数,980063,国证回购,980063.CNI,CNI
指数,980065,帮扶100,980065.CNI,CNI
指数,980068,蓝色100,980068.CNI,CNI
指数,980069,蓝色100(港币),980069.CNI,CNI
指数,980070,国证专利,980070.CNI,CNI
指数,980071,机器人龙头,980071.CNI,CNI
指数,980072,生物农业,980072.CNI,CNI
指数,980073,生猪指数,980073.CNI,CNI
指数,980075,数字交通,980075.CNI,CNI
指数,980076,通用航空,980076.CNI,CNI
指数,980077,充电设施,980077.CNI,CNI
指数,980078,ESG基准,980078.CNI,CNI
指数,980079,ESG领先,980079.CNI,CNI
指数,980080,成长100,980080.CNI,CNI
指数,980081,价值100,980081.CNI,CNI
指数,980082,央国企低碳科技,980082.CNI,CNI
指数,980083,央国企自主科技,980083.CNI,CNI
指数,980086,创新药,980086.CNI,CNI
指数,98008601,创新药R,98008601.CNI,CNI
指数,980092,自由现金流,980092.CNI,CNI
指数,980093,现金流做市债10/90,980093.CNI,CNI
指数,980094,现金流做市债15/85,980094.CNI,CNI
指数,980095,现金流做市债20/80,980095.CNI,CNI
指数,980096,现金流做市债30/70,980096.CNI,CNI
指数,980097,现金流股债10/90,980097.CNI,CNI
指数,980098,现金流股债15/85,980098.CNI,CNI
指数,980099,现金流股债20/80,980099.CNI,CNI
指数,980100,现金流股债30/70,980100.CNI,CNI
指数,980103,红利价值,980103.CNI,CNI
指数,98010301,红利价值R,98010301.CNI,CNI
指数,980105,港股芯片,980105.CNI,CNI
指数,98010500,港股芯片(人民币),98010500.CNI,CNI
指数,98010501,港股芯片R(人民币),98010501.CNI,CNI
指数,98010511,港股芯片R,98010511.CNI,CNI
指数,980106,港股通资源,980106.CNI,CNI
指数,98010600,港股通资源(人民币),98010600.CNI,CNI
指数,98010601,港股通资源R(人民币),98010601.CNI,CNI
指数,98010611,港股通资源R,98010611.CNI,CNI
指数,980107,AI应用软件,980107.CNI,CNI
指数,98010701,AI应用软件R,98010701.CNI,CNI
指数,980108,港股通AI,980108.CNI,CNI
指数,98010800,港股通AI(人民币),98010800.CNI,CNI
指数,98010801,港股通AIR(人民币),98010801.CNI,CNI
指数,98010811,港股通AIR,98010811.CNI,CNI
指数,980109,港股通证券,980109.CNI,CNI
指数,98010900,港股通证券(人民币),98010900.CNI,CNI
指数,98010901,港股通证券R(人民币),98010901.CNI,CNI
指数,98010911,港股通证券R,98010911.CNI,CNI
指数,980111,国证生物,980111.CNI,CNI
指数,98011101,国证生物R,98011101.CNI,CNI
指数,980112,AI应用,980112.CNI,CNI
指数,98011201,AI应用R,98011201.CNI,CNI
指数,980113,数字支付,980113.CNI,CNI
指数,98011301,数字支付R,98011301.CNI,CNI
指数,980150,单项冠军,980150.CNI,CNI
指数,980202,国证小盘,980202.CNI,CNI
指数,98020201,国证小盘R,98020201.CNI,CNI
指数,980532,国证青岛海洋,980532.CNI,CNI
指数,982600,MSCI英国,982600.MI,MI
指数,983001,内地100,983001.CNI,CNI
指数,983002,内地100(港币),983002.CNI,CNI
指数,983003,内地科技50,983003.CNI,CNI
指数,983004,内地科技50(港币),983004.CNI,CNI
指数,983005,深港通综指,983005.CNI,CNI
指数,983006,深港通综指(港币),983006.CNI,CNI
指数,983007,深港通100,983007.CNI,CNI
指数,983008,深港通100(港币),983008.CNI,CNI
指数,983009,深港通手机产业链,983009.CNI,CNI
指数,983010,深港通手机产业链(港币),983010.CNI,CNI
指数,983011,深港通绿色优选,983011.CNI,CNI
指数,983012,深港通绿色优选(港币),983012.CNI,CNI
指数,983013,深港通能源,983013.CNI,CNI
指数,983014,深港通能源(港币),983014.CNI,CNI
指数,983015,深港通材料,983015.CNI,CNI
指数,983016,深港通材料(港币),983016.CNI,CNI
指数,983017,深港通工业,983017.CNI,CNI
指数,983018,深港通工业(港币),983018.CNI,CNI
指数,983019,深港通可选消费,983019.CNI,CNI
指数,983020,深港通可选消费(港币),983020.CNI,CNI
指数,983021,深港通主要消费,983021.CNI,CNI
指数,983022,深港通主要消费(港币),983022.CNI,CNI
指数,983023,深港通医药卫生,983023.CNI,CNI
指数,983024,深港通医药卫生(港币),983024.CNI,CNI
指数,983025,深港通金融,983025.CNI,CNI
指数,983026,深港通金融(港币),983026.CNI,CNI
指数,983027,深港通信息技术,983027.CNI,CNI
指数,983028,深港通信息技术(港币),983028.CNI,CNI
指数,983029,深港通电信业务,983029.CNI,CNI
指数,983030,深港通电信业务(港币),983030.CNI,CNI
指数,983031,深港通公用事业,983031.CNI,CNI
指数,983032,深港通公用事业(港币),983032.CNI,CNI
指数,983033,深港通通信服务,983033.CNI,CNI
指数,983034,深港通通信服务(港币),983034.CNI,CNI
指数,983035,深港通医疗,983035.CNI,CNI
指数,983036,深港通医疗(港币),983036.CNI,CNI
指数,983037,深港通食品零售,983037.CNI,CNI
指数,983038,深港通食品零售(港币),983038.CNI,CNI
指数,983039,深港通汽车,983039.CNI,CNI
指数,983040,深港通汽车(港币),983040.CNI,CNI
指数,983041,深港通服装纺织,983041.CNI,CNI
指数,983042,深港通服装纺织(港币),983042.CNI,CNI
指数,983043,深港通电脑硬件,983043.CNI,CNI
指数,983044,深港通电脑硬件(港币),983044.CNI,CNI
指数,983045,深港通消费服务,983045.CNI,CNI
指数,983046,深港通消费服务(港币),983046.CNI,CNI
指数,983047,深港通网络软件,983047.CNI,CNI
指数,983048,深港通网络软件(港币),983048.CNI,CNI
指数,983049,深港通耐用消费,983049.CNI,CNI
指数,983050,深港通耐用消费(港币),983050.CNI,CNI
指数,983051,深港通农牧渔,983051.CNI,CNI
指数,983052,深港通农牧渔(港币),983052.CNI,CNI
指数,983053,深港通非银,983053.CNI,CNI
指数,983054,深港通非银(港币),983054.CNI,CNI
指数,983055,深港通工业服务,983055.CNI,CNI
指数,983056,深港通工业服务(港币),983056.CNI,CNI
指数,983057,深港通电信服务,983057.CNI,CNI
指数,983058,深港通电信服务(港币),983058.CNI,CNI
指数,983059,深港通生科,983059.CNI,CNI
指数,983060,深港通生科(港币),983060.CNI,CNI
指数,983061,深港通基材,983061.CNI,CNI
指数,983062,深港通基材(港币),983062.CNI,CNI
指数,983063,深港通化工,983063.CNI,CNI
指数,983064,深港通化工(港币),983064.CNI,CNI
指数,983065,深港通食品饮料,983065.CNI,CNI
指数,983066,深港通食品饮料(港币),983066.CNI,CNI
指数,983067,深港通半导体,983067.CNI,CNI
指数,983068,深港通半导体(港币),983068.CNI,CNI
指数,983069,深港通工业品,983069.CNI,CNI
指数,983070,深港通工业品(港币),983070.CNI,CNI
指数,983071,深港通房地产,983071.CNI,CNI
指数,983072,深港通房地产(港币),983072.CNI,CNI
指数,983073,深港通零售,983073.CNI,CNI
指数,983074,深港通零售(港币),983074.CNI,CNI
指数,983075,深港通传媒,983075.CNI,CNI
指数,983076,深港通传媒(港币),983076.CNI,CNI
指数,983077,深港通运输,983077.CNI,CNI
指数,983078,深港通运输(港币),983078.CNI,CNI
指数,983079,深港通制药,983079.CNI,CNI
指数,983080,深港通制药(港币),983080.CNI,CNI
指数,983081,深港通银行,983081.CNI,CNI
指数,983082,深港通银行(港币),983082.CNI,CNI
指数,983083,深港通内房股,983083.CNI,CNI
指数,983084,深港通内房股(港币),983084.CNI,CNI
指数,983085,深港通节能,983085.CNI,CNI
指数,983086,深港通节能(港币),983086.CNI,CNI
指数,983087,深港通新能源车,983087.CNI,CNI
指数,983088,深港通新能源车(港币),983088.CNI,CNI
指数,983089,深港通大湾区,983089.CNI,CNI
指数,983090,深港通大湾区(港币),983090.CNI,CNI
指数,983091,深港通50,983091.CNI,CNI
指数,983092,深港通50(港币),983092.CNI,CNI
指数,983093,深港通先进制造,983093.CNI,CNI
指数,98309301,深港通先进制造R,98309301.CNI,CNI
指数,98309311,深港通先进制造R(港币),98309311.CNI,CNI
指数,983094,深港通先进制造(港币),983094.CNI,CNI
指数,983095,深港通数字经济,983095.CNI,CNI
指数,983096,深港通数字经济(港币),983096.CNI,CNI
指数,983097,深港通绿色低碳,983097.CNI,CNI
指数,98309701,深港通绿色低碳R,98309701.CNI,CNI
指数,98309711,深港通绿色低碳R(港币),98309711.CNI,CNI
指数,983098,深港通绿色低碳(港币),983098.CNI,CNI
指数,983101,内地生物科技,983101.CNI,CNI
指数,983102,内地生物科技(港币),983102.CNI,CNI
指数,983103,内地医疗器械,983103.CNI,CNI
指数,983104,内地医疗器械(港币),983104.CNI,CNI
指数,983105,内地消费电子,983105.CNI,CNI
指数,983106,内地消费电子(港币),983106.CNI,CNI
指数,983160,低碳科技,983160.CNI,CNI
指数,983161,低碳科技(港币),983161.CNI,CNI
指数,984000,MSCI美国,984000.MI,MI
指数,985018,马来西亚50,985018.CNI,CNI
指数,985019,马来西亚50(人民币),985019.CNI,CNI
指数,987001,港股50,987001.CNI,CNI
指数,987002,港股50（人民币）,987002.CNI,CNI
指数,987003,港股通50,987003.CNI,CNI
指数,987004,港股通50(人民币),987004.CNI,CNI
指数,987006,港股科技,987006.CNI,CNI
指数,987007,港股科技(人民币),987007.CNI,CNI
指数,987008,港股通科技,987008.CNI,CNI
指数,98700801,港股通科技R(人民币),98700801.CNI,CNI
指数,98700811,港股通科技R,98700811.CNI,CNI
指数,987009,港股通科技(人民币),987009.CNI,CNI
指数,987010,港股大中盘,987010.CNI,CNI
指数,987011,港股大中盘(人民币),987011.CNI,CNI
指数,987012,港股大盘,987012.CNI,CNI
指数,987013,港股大盘(人民币),987013.CNI,CNI
指数,987014,港股中盘,987014.CNI,CNI
指数,987015,港股中盘(人民币),987015.CNI,CNI
指数,987016,港股通红利低波,987016.CNI,CNI
指数,987017,港股通红利低波(人民币),987017.CNI,CNI
指数,987018,港股通创新药,987018.CNI,CNI
指数,98701801,港股通创新药R(人民币),98701801.CNI,CNI
指数,98701811,港股通创新药R,98701811.CNI,CNI
指数,987019,港股通创新药(人民币),987019.CNI,CNI
指数,987020,内房股,987020.CNI,CNI
指数,987021,内房股(人民币),987021.CNI,CNI
指数,987022,港股通互联网,987022.CNI,CNI
指数,98702201,港股通互联网R(人民币),98702201.CNI,CNI
指数,98702211,港股通互联网R,98702211.CNI,CNI
指数,987023,港股通互联网(人民币),987023.CNI,CNI
指数,987024,港股通消费,987024.CNI,CNI
指数,98702401,港股通消费R(人民币),98702401.CNI,CNI
指数,98702411,港股通消费R,98702411.CNI,CNI
指数,987025,港股通消费(人民币),987025.CNI,CNI
指数,987026,港股通新能源,987026.CNI,CNI
指数,987027,港股通新能源(人民币),987027.CNI,CNI
指数,987028,港股通内企ESG,987028.CNI,CNI
指数,987029,港股通内企ESG(人民币),987029.CNI,CNI
指数,987030,港股通内企ESG优选,987030.CNI,CNI
指数,987031,港股通内企ESG优选(人民币),987031.CNI,CNI
指数,987032,港股金融科技,987032.CNI,CNI
指数,98703200,港股金融科技(人民币),98703200.CNI,CNI
指数,98703201,港股金融科技R(人民币),98703201.CNI,CNI
指数,98703211,港股金融科技R,98703211.CNI,CNI
指数,989001,新华500,989001.CNI,CNI
指数,989004,新华优选价值50,989004.CNI,CNI
指数,989006,新华SHS新兴消费,989006.CNI,CNI
指数,989007,新华SHS新兴消费(港币),989007.CNI,CNI
指数,989011,青岛50,989011.CNI,CNI
指数,989013,稀土产业链,989013.CNI,CNI
指数,989015,智选策略100,989015.CNI,CNI
指数,989016,红利价值,989016.CNI,CNI
指数,989017,质量优势,989017.CNI,CNI
指数,990001,中华半导体芯片,990001.CSI,CSI
指数,990002,中华半导体芯片HKD,990002.CSI,CSI
指数,990100,MSCI发达市场,990100.MI,MI
指数,990200,MSCI北美,990200.MI,MI
指数,990300,MSCI欧澳远东,990300.MI,MI
指数,990400,MSCI欧洲全市场,990400.MI,MI
指数,990500,MSCI欧洲,990500.MI,MI
指数,990600,MSCI欧盟,990600.MI,MI
指数,990700,MSCI北欧国家,990700.MI,MI
指数,990800,MSCI太平洋地区,990800.MI,MI
指数,990900,MSCI远东,990900.MI,MI
指数,991000,MSCI发达市场(除美国),991000.MI,MI
指数,991100,MSCI欧澳远东+加拿大,991100.MI,MI
指数,991200,MSCIKOKUSAI,991200.MI,MI
指数,991300,MSCI欧澳远东(除日本),991300.MI,MI
指数,991400,MSCI太平洋地区(除日本),991400.MI,MI
指数,991500,MSCI发达市场(除英国),991500.MI,MI
指数,991600,MSCI欧澳远东(除英国),991600.MI,MI
指数,991700,MSCI欧洲(除英国),991700.MI,MI
指数,992001,华证成长,992001.SSI,SSI
指数,992002,华证价值,992002.SSI,SSI
指数,992003,华证低波,992003.SSI,SSI
指数,992005,华证红利,992005.SSI,SSI
指数,992006,华证红利质量,992006.SSI,SSI
指数,992007,华证低波成长,992007.SSI,SSI
指数,992008,华证成长优选,992008.SSI,SSI
指数,992009,华证低波优选,992009.SSI,SSI
指数,992010,华证红利优选,992010.SSI,SSI
指数,992011,华证低波成长优选,992011.SSI,SSI
指数,992012,华证质量,992012.SSI,SSI
指数,992051,华证大盘成长,992051.SSI,SSI
指数,992052,华证大盘价值,992052.SSI,SSI
指数,992053,华证大盘低波,992053.SSI,SSI
指数,992055,华证大盘动量,992055.SSI,SSI
指数,992056,华证大盘质量,992056.SSI,SSI
指数,992057,华证大盘红利,992057.SSI,SSI
指数,992058,华证大盘成长价值,992058.SSI,SSI
指数,992059,华证大盘成长低波,992059.SSI,SSI
指数,992060,华证大盘动量成长,992060.SSI,SSI
指数,992061,华证大盘质量成长,992061.SSI,SSI
指数,992062,华证大盘价值低波,992062.SSI,SSI
指数,992063,华证大盘价值动量,992063.SSI,SSI
指数,992065,华证大盘价值质量,992065.SSI,SSI
指数,992066,华证大盘低波动量,992066.SSI,SSI
指数,992067,华证大盘低波质量,992067.SSI,SSI
指数,992068,华证大盘红利低波,992068.SSI,SSI
指数,992069,华证大盘动量质量,992069.SSI,SSI
指数,992070,华证大盘红利动量,992070.SSI,SSI
指数,992071,华证大盘红利质量,992071.SSI,SSI
指数,992072,华证中盘成长,992072.SSI,SSI
指数,992073,华证中盘价值,992073.SSI,SSI
指数,992075,华证中盘低波,992075.SSI,SSI
指数,992076,华证中盘动量,992076.SSI,SSI
指数,992077,华证中盘质量,992077.SSI,SSI
指数,992078,华证中盘红利,992078.SSI,SSI
指数,992079,华证中盘成长价值,992079.SSI,SSI
指数,992080,华证中盘成长低波,992080.SSI,SSI
指数,992081,华证中盘动量成长,992081.SSI,SSI
指数,992082,华证中盘质量成长,992082.SSI,SSI
指数,992083,华证中盘价值低波,992083.SSI,SSI
指数,992085,华证中盘价值动量,992085.SSI,SSI
指数,992086,华证中盘价值质量,992086.SSI,SSI
指数,992087,华证中盘低波动量,992087.SSI,SSI
指数,992088,华证中盘低波质量,992088.SSI,SSI
指数,992089,华证中盘红利低波,992089.SSI,SSI
指数,992090,华证中盘动量质量,992090.SSI,SSI
指数,992091,华证中盘红利动量,992091.SSI,SSI
指数,992092,华证中盘红利质量,992092.SSI,SSI
指数,992093,华证小盘成长,992093.SSI,SSI
指数,992095,华证小盘价值,992095.SSI,SSI
指数,992096,华证小盘低波,992096.SSI,SSI
指数,992097,华证小盘动量,992097.SSI,SSI
指数,992098,华证小盘质量,992098.SSI,SSI
指数,992099,华证小盘红利,992099.SSI,SSI
指数,992100,华证小盘成长价值,992100.SSI,SSI
指数,992101,华证小盘成长低波,992101.SSI,SSI
指数,992102,华证小盘动量成长,992102.SSI,SSI
指数,992103,华证小盘质量成长,992103.SSI,SSI
指数,992105,华证小盘价值低波,992105.SSI,SSI
指数,992106,华证小盘价值动量,992106.SSI,SSI
指数,992107,华证小盘价值质量,992107.SSI,SSI
指数,992108,华证小盘低波动量,992108.SSI,SSI
指数,992109,华证小盘低波质量,992109.SSI,SSI
指数,992110,华证小盘红利低波,992110.SSI,SSI
指数,992111,华证小盘动量质量,992111.SSI,SSI
指数,992112,华证小盘红利动量,992112.SSI,SSI
指数,992113,华证小盘红利质量,992113.SSI,SSI
指数,992115,华证微盘成长,992115.SSI,SSI
指数,992116,华证微盘价值,992116.SSI,SSI
指数,992117,华证微盘低波,992117.SSI,SSI
指数,992118,华证微盘动量,992118.SSI,SSI
指数,992119,华证微盘质量,992119.SSI,SSI
指数,992120,华证微盘红利,992120.SSI,SSI
指数,992121,华证微盘成长价值,992121.SSI,SSI
指数,992122,华证微盘成长低波,992122.SSI,SSI
指数,992123,华证微盘动量成长,992123.SSI,SSI
指数,992125,华证微盘质量成长,992125.SSI,SSI
指数,992126,华证微盘价值低波,992126.SSI,SSI
指数,992127,华证微盘价值动量,992127.SSI,SSI
指数,992128,华证微盘价值质量,992128.SSI,SSI
指数,992129,华证微盘低波动量,992129.SSI,SSI
指数,992130,华证微盘低波质量,992130.SSI,SSI
指数,992131,华证微盘红利低波,992131.SSI,SSI
指数,992132,华证微盘动量质量,992132.SSI,SSI
指数,992133,华证微盘红利动量,992133.SSI,SSI
指数,992135,华证微盘红利质量,992135.SSI,SSI
指数,992136,大盘行业等权低波,992136.SSI,SSI
指数,992137,中盘行业等权低波,992137.SSI,SSI
指数,992138,小盘行业等权低波,992138.SSI,SSI
指数,992139,微盘行业等权低波,992139.SSI,SSI
指数,992141,华证大盘层次最小方差,992141.SSI,SSI
指数,992142,华证中盘层次最小方差,992142.SSI,SSI
指数,992143,华证小盘层次最小方差,992143.SSI,SSI
指数,992144,华证微盘层次最小方差,992144.SSI,SSI
指数,992145,华证A股层次最小方差,992145.SSI,SSI
指数,992146,华证大盘层次风险优化,992146.SSI,SSI
指数,992147,华证中盘层次风险优化,992147.SSI,SSI
指数,992148,华证小盘层次风险优化,992148.SSI,SSI
指数,992149,华证微盘层次风险优化,992149.SSI,SSI
指数,992150,华证A股层次风险优化,992150.SSI,SSI
指数,993051,华证景智红利,993051.SSI,SSI
指数,993052,华证景智港股红利,993052.SSI,SSI
指数,993053,华证景智大盘均衡成长,993053.SSI,SSI
指数,993055,华证景智小盘策略,993055.SSI,SSI
指数,993056,华证景智国企价值机遇,993056.SSI,SSI
指数,993057,华证景智大盘低波质量,993057.SSI,SSI
指数,993088,新质生产力精选,993088.SSI,SSI
指数,993133,太朴生命科学,993133.SSI,SSI
指数,993201,华夏理财微盘成长低波,993201.SSI,SSI
指数,993202,华夏理财新型储能,993202.SSI,SSI
指数,993203,华夏理财风力发电指数,993203.SSI,SSI
指数,993205,华夏理财贵金属指数,993205.SSI,SSI
指数,993206,华夏理财AI算力指数,993206.SSI,SSI
指数,993207,华夏理财家居建材指数,993207.SSI,SSI
指数,993208,华夏理财港股通红利30,993208.SSI,SSI
指数,993209,华夏理财AI云计算,993209.SSI,SSI
指数,993210,华夏理财军工电子,993210.SSI,SSI
指数,993211,华夏理财智能机器人,993211.SSI,SSI
指数,993212,华夏理财创新药,993212.SSI,SSI
指数,993213,华夏理财小金属,993213.SSI,SSI
指数,993215,华夏理财智能驾驶,993215.SSI,SSI
指数,993216,华夏理财悦己经济,993216.SSI,SSI
指数,993217,华夏理财低空经济,993217.SSI,SSI
指数,993218,成长价值策略,993218.SSI,SSI
指数,993219,华夏理财充电桩,993219.SSI,SSI
指数,993220,华夏理财化工精选,993220.SSI,SSI
指数,993221,华夏理财大飞机,993221.SSI,SSI
指数,993222,华夏理财旅游产业,993222.SSI,SSI
指数,993223,华夏理财中药精选,993223.SSI,SSI
指数,993233,长财价值红利50,993233.SSI,SSI
指数,993236,长财龙头成长50,993236.SSI,SSI
指数,993241,港股通价值50策略,993241.SSI,SSI
指数,993266,低空经济产业,993266.SSI,SSI
指数,993288,大模型新质生产力,993288.SSI,SSI
指数,993299,大模型稳健50,993299.SSI,SSI
指数,993300,大模型大盘精选,993300.SSI,SSI
指数,993301,中邮理财陆港红利50,993301.SSI,SSI
指数,993302,中银理财港股通红利30,993302.SSI,SSI
指数,993333,太朴生命科学A50精选,993333.SSI,SSI
指数,993339,太朴创新药A+H,993339.SSI,SSI
指数,993399,太朴创新医械A+H,993399.SSI,SSI
指数,993500,华夏500,993500.SSI,SSI
指数,993501,A股龙头价值50,993501.SSI,SSI
指数,993502,平安理财AI算力,993502.SSI,SSI
指数,993503,安徽科技创新30配置,993503.SSI,SSI
指数,993510,华证恒选小盘价值低波,993510.SSI,SSI
指数,993511,恒选港股通科技成长,993511.SSI,SSI
指数,994100,MSCI欧洲(除奥地利),994100.MI,MI
指数,994200,MSCI欧洲(除比利时),994200.MI,MI
指数,994300,MSCI欧洲(除丹麦),994300.MI,MI
指数,994400,MSCI欧洲(除芬兰),994400.MI,MI
指数,994500,MSCI欧洲(除法国),994500.MI,MI
指数,994600,MSCI欧洲(除德国),994600.MI,MI
指数,994700,MSCI欧洲(除意大利),994700.MI,MI
指数,994800,MSCI欧洲(除荷兰),994800.MI,MI
指数,994900,MSCI欧洲(除挪威),994900.MI,MI
指数,995000,MSCI欧洲(除西班牙),995000.MI,MI
指数,995001,华证申毅大盘,995001.SSI,SSI
指数,995003,华证中小盘低波成长,995003.SSI,SSI
指数,995006,华证A股红利,995006.SSI,SSI
指数,995007,陆股通重仓300,995007.SSI,SSI
指数,995008,华证军工,995008.SSI,SSI
指数,995009,华证红利ESG,995009.SSI,SSI
指数,995010,华证大消费,995010.SSI,SSI
指数,995011,华证芯片50,995011.SSI,SSI
指数,995012,华证5G应用,995012.SSI,SSI
指数,995013,新消费,995013.SSI,SSI
指数,995015,A股龙头50,995015.SSI,SSI
指数,995016,A股龙头成长,995016.SSI,SSI
指数,995017,长期竞争力,995017.SSI,SSI
指数,995018,竞争力100,995018.SSI,SSI
指数,995019,数字经济,995019.SSI,SSI
指数,995020,清洁能源,995020.SSI,SSI
指数,995021,互联网与软件,995021.SSI,SSI
指数,995022,生物科技,995022.SSI,SSI
指数,995023,医疗器械,995023.SSI,SSI
指数,995024,大盘成长动量100,995024.SSI,SSI
指数,995025,算力基础设施,995025.SSI,SSI
指数,995026,智能制造,995026.SSI,SSI
指数,995027,医疗美容,995027.SSI,SSI
指数,995028,华证A股龙头精选,995028.SSI,SSI
指数,995029,烟酒产业,995029.SSI,SSI
指数,995030,浙股价值30,995030.SSI,SSI
指数,995031,游戏博彩,995031.SSI,SSI
指数,995032,智能互联,995032.SSI,SSI
指数,995033,稀有金属,995033.SSI,SSI
指数,995034,小盘成长300,995034.SSI,SSI
指数,995035,碳中和,995035.SSI,SSI
指数,995036,碳中和300,995036.SSI,SSI
指数,995037,纺织服装,995037.SSI,SSI
指数,995039,华证中小盘价值成长,995039.SSI,SSI
指数,995040,基金重仓(数量加权),995040.SSI,SSI
指数,995041,基金重仓(持仓加权),995041.SSI,SSI
指数,995042,大盘基金重仓,995042.SSI,SSI
指数,995043,中盘基金重仓,995043.SSI,SSI
指数,995044,小盘基金重仓,995044.SSI,SSI
指数,995045,A股基金重仓优选,995045.SSI,SSI
指数,995046,大盘基金重仓优选,995046.SSI,SSI
指数,995047,中盘基金重仓优选,995047.SSI,SSI
指数,995048,小盘基金重仓优选,995048.SSI,SSI
指数,995049,华证中小盘智选300,995049.SSI,SSI
指数,995050,AH龙头50,995050.SSI,SSI
指数,995051,新兴50,995051.SSI,SSI
指数,995053,财富管理,995053.SSI,SSI
指数,995054,成长趋势100,995054.SSI,SSI
指数,995055,硬科技,995055.SSI,SSI
指数,995056,稳健精选100,995056.SSI,SSI
指数,995057,中盘质量成长50,995057.SSI,SSI
指数,995058,中盘质量动量50,995058.SSI,SSI
指数,995060,高景气,995060.SSI,SSI
指数,995061,华证保险,995061.SSI,SSI
指数,995062,高成长50,995062.SSI,SSI
指数,995063,全球优势制造,995063.SSI,SSI
指数,995064,品质消费,995064.SSI,SSI
指数,995065,宠物经济,995065.SSI,SSI
指数,995066,专精特新,995066.SSI,SSI
指数,995067,价值50,995067.SSI,SSI
指数,995068,氢能源,995068.SSI,SSI
指数,995069,商飞产业,995069.SSI,SSI
指数,995070,医药创新服务,995070.SSI,SSI
指数,995071,绿色电力,995071.SSI,SSI
指数,995073,电力电气低碳,995073.SSI,SSI
指数,995075,A股绿色电力,995075.SSI,SSI
指数,995077,影响力50,995077.SSI,SSI
指数,995078,居民医疗服务,995078.SSI,SSI
指数,995079,区域性银行,995079.SSI,SSI
指数,995080,A股区域性银行,995080.SSI,SSI
指数,995081,华证银行红利,995081.SSI,SSI
指数,995082,龙头红利50,995082.SSI,SSI
指数,995083,设备龙头30,995083.SSI,SSI
指数,995086,设备龙头,995086.SSI,SSI
指数,995088,设备主题,995088.SSI,SSI
指数,995089,元宇宙精选,995089.SSI,SSI
指数,995090,元宇宙,995090.SSI,SSI
指数,995091,元宇宙产业,995091.SSI,SSI
指数,995092,沪深港智能驾驶50,995092.SSI,SSI
指数,995093,智能驾驶50,995093.SSI,SSI
指数,995095,外卖速食,995095.SSI,SSI
指数,995096,旅游产业,995096.SSI,SSI
指数,995098,A股内需增长,995098.SSI,SSI
指数,995100,MSCI欧洲(除瑞典),995100.MI,MI
指数,995101,华证回报50,995101.SSI,SSI
指数,995102,华证回报100,995102.SSI,SSI
指数,995103,中小盘质量成长,995103.SSI,SSI
指数,995105,A股区域振兴发展,995105.SSI,SSI
指数,995106,化肥农药,995106.SSI,SSI
指数,995107,粮油产业50,995107.SSI,SSI
指数,995108,粮油产业主题,995108.SSI,SSI
指数,995109,A股优势成长50,995109.SSI,SSI
指数,995110,新型建筑建材,995110.SSI,SSI
指数,995111,社区生活服务,995111.SSI,SSI
指数,995112,餐饮服务,995112.SSI,SSI
指数,995113,大消费综合,995113.SSI,SSI
指数,995114,新消费综合,995114.SSI,SSI
指数,995115,A股长期回报优选,995115.SSI,SSI
指数,995116,A股现代化基建,995116.SSI,SSI
指数,995117,现代化基建,995117.SSI,SSI
指数,995118,制造业新星,995118.SSI,SSI
指数,995119,A股能源100,995119.SSI,SSI
指数,995120,能源100,995120.SSI,SSI
指数,995121,A股回购回报,995121.SSI,SSI
指数,995122,回购精选,995122.SSI,SSI
指数,995123,稳健优势100,995123.SSI,SSI
指数,995127,沪港深红利100,995127.SSI,SSI
指数,995128,沪深港红利50,995128.SSI,SSI
指数,995129,A股生物经济50,995129.SSI,SSI
指数,995130,生物经济50,995130.SSI,SSI
指数,995131,A股生物经济100,995131.SSI,SSI
指数,995132,生物经济100,995132.SSI,SSI
指数,995135,新兴成长50,995135.SSI,SSI
指数,995136,新兴成长100,995136.SSI,SSI
指数,995137,消费红利100,995137.SSI,SSI
指数,995138,消费红利50,995138.SSI,SSI
指数,995139,资产纾困,995139.SSI,SSI
指数,995150,中小盘新星,995150.SSI,SSI
指数,995151,未来健康,995151.SSI,SSI
指数,995152,基因与细胞治疗,995152.SSI,SSI
指数,995153,蓝色经济,995153.SSI,SSI
指数,995155,可持续蓝色经济,995155.SSI,SSI
指数,995156,可持续蓝色科技,995156.SSI,SSI
指数,995157,A股新星300,995157.SSI,SSI
指数,995158,A股新星100,995158.SSI,SSI
指数,995159,工业软件,995159.SSI,SSI
指数,995160,国企双示范,995160.SSI,SSI
指数,995161,数据要素产业,995161.SSI,SSI
指数,995162,能源电子,995162.SSI,SSI
指数,995163,能源电子50,995163.SSI,SSI
指数,995165,国企价值50,995165.SSI,SSI
指数,995166,国企专精特新,995166.SSI,SSI
指数,995167,智能机器人,995167.SSI,SSI
指数,995169,数字文化,995169.SSI,SSI
指数,995170,央企龙头50,995170.SSI,SSI
指数,995171,A股算力基础设施,995171.SSI,SSI
指数,995172,船舶制造,995172.SSI,SSI
指数,995173,种业振兴,995173.SSI,SSI
指数,995176,股权激励50,995176.SSI,SSI
指数,995177,A股AIGC,995177.SSI,SSI
指数,995178,AIGC,995178.SSI,SSI
指数,995180,GARP50,995180.SSI,SSI
指数,995181,经典价值,995181.SSI,SSI
指数,995182,深度价值,995182.SSI,SSI
指数,995183,周期反转,995183.SSI,SSI
指数,995200,MSCI欧洲(除瑞士),995200.MI,MI
指数,995201,A股通用人工智能,995201.SSI,SSI
指数,995202,通用人工智能,995202.SSI,SSI
指数,995203,港股通高股息50,995203.SSI,SSI
指数,995205,港股通高股息100,995205.SSI,SSI
指数,995206,沪深港汽车制造,995206.SSI,SSI
指数,995207,充电桩,995207.SSI,SSI
指数,995208,商业航天,995208.SSI,SSI
指数,995209,价值100,995209.SSI,SSI
指数,995210,新质生产力,995210.SSI,SSI
指数,995211,A股红利优选50,995211.SSI,SSI
指数,995212,A股长期红利,995212.SSI,SSI
指数,995213,沪深港低空经济,995213.SSI,SSI
指数,995215,A股股东回报50,995215.SSI,SSI
指数,995216,A股股东回报100,995216.SSI,SSI
指数,995217,出海50,995217.SSI,SSI
指数,995218,现金流100,995218.SSI,SSI
指数,995219,A股红利增长,995219.SSI,SSI
指数,995220,战略新兴成长50,995220.SSI,SSI
指数,995221,华证央企,995221.SSI,SSI
指数,995222,华证国企,995222.SSI,SSI
指数,995231,A股低波红利50,995231.SSI,SSI
指数,995232,A股成长先锋50,995232.SSI,SSI
指数,995233,价值盈利50,995233.SSI,SSI
指数,995235,华证中小盘价值低波,995235.SSI,SSI
指数,995236,央企价值发现50,995236.SSI,SSI
指数,995237,华证微盘价值低波,995237.SSI,SSI
指数,995239,现金流精选50,995239.SSI,SSI
指数,995240,大盘现金流50,995240.SSI,SSI
指数,995241,小盘现金流100,995241.SSI,SSI
指数,995242,华证红利100,995242.SSI,SSI
指数,995245,大盘质量低波,995245.SSI,SSI
指数,995246,大中盘质量成长低波,995246.SSI,SSI
指数,995247,沪深港现金流精选,995247.SSI,SSI
指数,995248,港股通现金流精选,995248.SSI,SSI
指数,995249,现金流增长,995249.SSI,SSI
指数,995250,港股通价值精选,995250.SSI,SSI
指数,995365,AI大模型,995365.SSI,SSI
指数,995366,沪深港AI大模型,995366.SSI,SSI
指数,995367,AI云计算,995367.SSI,SSI
指数,995369,智能终端,995369.SSI,SSI
指数,995501,华证金融,995501.SSI,SSI
指数,995502,华证房地产,995502.SSI,SSI
指数,995503,华证信息技术,995503.SSI,SSI
指数,995504,华证工业,995504.SSI,SSI
指数,995505,华证可选消费,995505.SSI,SSI
指数,995506,华证原材料,995506.SSI,SSI
指数,995507,华证公用事业,995507.SSI,SSI
指数,995508,华证医药医疗,995508.SSI,SSI
指数,995509,华证能源,995509.SSI,SSI
指数,995510,华证通信服务,995510.SSI,SSI
指数,995511,华证主要消费,995511.SSI,SSI
指数,995512,华证银行,995512.SSI,SSI
指数,995513,华证计算机,995513.SSI,SSI
指数,995514,华证环保,995514.SSI,SSI
指数,995515,华证汽车与汽车零部件,995515.SSI,SSI
指数,995516,华证机械制造,995516.SSI,SSI
指数,995517,华证建筑装饰,995517.SSI,SSI
指数,995518,华证非金属材料,995518.SSI,SSI
指数,995519,华证耐用消费品,995519.SSI,SSI
指数,995520,华证纺织服装与珠宝,995520.SSI,SSI
指数,995521,华证商业服务与用品,995521.SSI,SSI
指数,995522,华证电子,995522.SSI,SSI
指数,995523,华证电力电网,995523.SSI,SSI
指数,995524,华证医疗,995524.SSI,SSI
指数,995525,华证交通运输,995525.SSI,SSI
指数,995526,华证有色金属,995526.SSI,SSI
指数,995527,华证通信设备,995527.SSI,SSI
指数,995528,华证医药,995528.SSI,SSI
指数,995529,华证通讯传媒,995529.SSI,SSI
指数,995530,华证非银金融,995530.SSI,SSI
指数,995531,华证化工,995531.SSI,SSI
指数,995532,华证电力设备,995532.SSI,SSI
指数,995533,华证市政设施,995533.SSI,SSI
指数,995534,华证主要用品零售,995534.SSI,SSI
指数,995535,华证零售业,995535.SSI,SSI
指数,995536,华证消费者服务,995536.SSI,SSI
指数,995537,华证造纸与包装,995537.SSI,SSI
指数,995538,华证食品饮料,995538.SSI,SSI
指数,995539,华证航空航天与国防,995539.SSI,SSI
指数,995540,华证家庭与个人用品,995540.SSI,SSI
指数,995541,华证钢铁,995541.SSI,SSI
指数,995542,华证电信服务,995542.SSI,SSI
指数,996200,MSCI发达市场(除澳),996200.MI,MI
指数,997200,乡村振兴,997200.SSI,SSI
指数,997201,乡村振兴ESG领先,997201.SSI,SSI
指数,997202,绿色制造,997202.SSI,SSI
指数,997203,专精特新绿色制造,997203.SSI,SSI
指数,997204,储能主题,997204.SSI,SSI
指数,997205,新型电力系统50,997205.SSI,SSI
指数,997206,新型电力系统,997206.SSI,SSI
指数,997207,能效领先,997207.SSI,SSI
指数,997208,A股净零,997208.SSI,SSI
指数,997209,港股通净零,997209.SSI,SSI
指数,997210,绿色算力,997210.SSI,SSI
指数,997501,龙头ESG100,997501.SSI,SSI
指数,997502,陆港龙头ESG100,997502.SSI,SSI
指数,997503,港股通龙头ESG50(CNY),997503.SSI,SSI
指数,997505,国企社会责任100,997505.SSI,SSI
指数,997506,新型电力系统ESG领先,997506.SSI,SSI
指数,997512,科创创业ESG领先,997512.SSI,SSI
指数,997513,主要消费ESG领先,997513.SSI,SSI
指数,997514,信息技术ESG领先,997514.SSI,SSI
指数,997515,公用事业ESG领先,997515.SSI,SSI
指数,997516,医药医疗ESG领先,997516.SSI,SSI
指数,997517,原材料ESG领先,997517.SSI,SSI
指数,997518,可选消费ESG领先,997518.SSI,SSI
指数,997519,工业ESG领先,997519.SSI,SSI
指数,997520,房地产ESG领先,997520.SSI,SSI
指数,997521,能源ESG领先,997521.SSI,SSI
指数,997522,通信服务ESG领先,997522.SSI,SSI
指数,997523,金融ESG领先,997523.SSI,SSI
指数,997555,国家安全100,997555.SSI,SSI
指数,997556,国企国家安全50,997556.SSI,SSI
指数,997557,大盘ESG领先,997557.SSI,SSI
指数,997558,中盘ESG领先,997558.SSI,SSI
指数,997559,小盘ESG领先,997559.SSI,SSI
指数,997560,中小盘ESG领先,997560.SSI,SSI
指数,997601,大盘ESG优选,997601.SSI,SSI
指数,997602,中盘ESG优选,997602.SSI,SSI
指数,997603,小盘ESG优选,997603.SSI,SSI
指数,997604,中小盘ESG优选,997604.SSI,SSI
指数,997606,新型电力系统ESG优选,997606.SSI,SSI
指数,997612,科创创业ESG优选,997612.SSI,SSI
指数,997701,大盘ESG精选,997701.SSI,SSI
指数,997702,中盘ESG精选,997702.SSI,SSI
指数,997703,小盘ESG精选,997703.SSI,SSI
指数,997704,中小盘ESG精选,997704.SSI,SSI
指数,997705,A指ESG,997705.SSI,SSI
指数,997706,新型电力系统ESG精选,997706.SSI,SSI
指数,997707,A指ESG领先,997707.SSI,SSI
指数,997708,A指ESG优选,997708.SSI,SSI
指数,997709,A指ESG精选,997709.SSI,SSI
指数,997710,A指碳中和精选,997710.SSI,SSI
指数,997711,大盘碳中和精选,997711.SSI,SSI
指数,997712,中盘碳中和精选,997712.SSI,SSI
指数,997713,小盘碳中和精选,997713.SSI,SSI
指数,998001,科技创新1000,998001.SSI,SSI
指数,998100,MSCI新加坡,998100.MI,MI
指数,999001,华证A指大盘,999001.SSI,SSI
指数,999002,华证A指中盘,999002.SSI,SSI
指数,999003,华证A指小盘,999003.SSI,SSI
指数,999004,华证A指微盘,999004.SSI,SSI
指数,999005,华证A指,999005.SSI,SSI
指数,999006,华证全指,999006.SSI,SSI
指数,999007,华证大盘,999007.SSI,SSI
指数,999008,华证中盘,999008.SSI,SSI
指数,999009,华证小盘,999009.SSI,SSI
指数,999010,华证微盘,999010.SSI,SSI
指数,999012,中小盘200,999012.SSI,SSI
指数,999013,华证港股通综合,999013.SSI,SSI
指数,999014,沪深港500,999014.SSI,SSI
指数,999015,微盘500,999015.SSI,SSI
指数,999016,中小盘600,999016.SSI,SSI
指数,999017,华证大中盘,999017.SSI,SSI
指数,999023,中小盘成长100,999023.SSI,SSI
指数,999024,华证中小盘,999024.SSI,SSI
指数,999025,中小盘价值100,999025.SSI,SSI
指数,999026,中小盘成长,999026.SSI,SSI
指数,999027,中小盘价值,999027.SSI,SSI
指数,999031,制造产业,999031.SSI,SSI
指数,999032,周期产业,999032.SSI,SSI
指数,999033,大金融产业,999033.SSI,SSI
指数,999034,TMT产业,999034.SSI,SSI
指数,999035,消费产业,999035.SSI,SSI
指数,999036,医疗健康产业,999036.SSI,SSI
指数,999037,基础设施产业,999037.SSI,SSI
指数,999050,超大盘50,999050.SSI,SSI
指数,999058,华证领航,999058.SSI,SSI
指数,999059,中盘领航,999059.SSI,SSI
指数,999060,小盘领航,999060.SSI,SSI
指数,999100,MSCI欧洲(除爱尔兰),999100.MI,MI
指数,999102,华证ESG领先,999102.SSI,SSI
指数,999103,大盘ESG,999103.SSI,SSI
指数,999104,华证ESG400,999104.SSI,SSI
指数,999105,影响力,999105.SSI,SSI
指数,999106,共同富裕,999106.SSI,SSI
指数,999107,社会公益,999107.SSI,SSI
指数,999108,气候投融资,999108.SSI,SSI
指数,999109,中盘ESG,999109.SSI,SSI
指数,999110,小盘ESG,999110.SSI,SSI
指数,999111,中小盘ESG,999111.SSI,SSI
指数,999112,科创创业ESG,999112.SSI,SSI
指数,999902,MSCI欧洲&中东新兴市场,999902.MI,MI
指数,A,南华连大豆指数,A.NH,NH
指数,A1SGI,道琼斯北美综合可持续发展,A1SGI.SPI,SPI
指数,AASGI,道琼斯美国综合可持续发展,AASGI.SPI,SPI
指数,ACGCHI,FTSE Greater China All Cap,ACGCHI.FI,FI
指数,AG,南华沪银指数,AG.NH,NH
指数,AITCNYG,中华陆股通行业龙头R,AITCNYG.CNI,CNI
指数,AL,南华沪铝指数,AL.NH,NH
指数,AO,南华氧化铝指数,AO.NH,NH
指数,AP,南华郑苹果指数,AP.NH,NH
指数,AU,南华沪黄金指数,AU.NH,NH
指数,AWGCHI,FTSE All-World Greater China,AWGCHI.FI,FI
指数,B,南华豆二指数,B.NH,NH
指数,BB,南华连胶合板指数,BB.NH,NH
指数,BC,南华国际铜指数,BC.NH,NH
指数,BNRCNYG,中华一带一路R,BNRCNYG.CNI,CNI
指数,BR,南华合成橡胶指数,BR.NH,NH
指数,BU,南华沪石油沥青指数,BU.NH,NH
指数,C,南华连玉米指数,C.NH,NH
指数,CBM00101,中债-股债恒定组合5/95(全收益)指数,CBM00101.CS,CS
指数,CBM00102,中债-股债恒定组合5/95(价格收益)指数,CBM00102.CS,CS
指数,CBM00103,中债-股债恒定组合5/95(混合收益)指数,CBM00103.CS,CS
指数,CBM00201,中债-股债恒定组合10/90(全收益)指数,CBM00201.CS,CS
指数,CBM00202,中债-股债恒定组合10/90(价格收益)指数,CBM00202.CS,CS
指数,CBM00203,中债-股债恒定组合10/90(混合收益)指数,CBM00203.CS,CS
指数,CBM00301,中债-股债恒定组合20/80(全收益)指数,CBM00301.CS,CS
指数,CBM00302,中债-股债恒定组合20/80(价格收益)指数,CBM00302.CS,CS
指数,CBM00303,中债-股债恒定组合20/80(混合收益)指数,CBM00303.CS,CS
指数,CBM00401,中债-黄金保值债券风险平价(全收益)指数,CBM00401.CS,CS
指数,CBM00402,中债-黄金保值债券风险平价(价格收益)指数,CBM00402.CS,CS
指数,CBM00403,中债-黄金保值债券风险平价(混合收益)指数,CBM00403.CS,CS
指数,CBM00701,中债-利差驱动股债稳健(全收益)指数,CBM00701.CS,CS
指数,CBM00702,中债-利差驱动股债稳健(价格收益)指数,CBM00702.CS,CS
指数,CBM00703,中债-利差驱动股债稳健(混合收益)指数,CBM00703.CS,CS
指数,CBM01101,中债-浦发银行绿色低碳股债优选(全收益)指数,CBM01101.CS,CS
指数,CBM01102,中债-浦发银行绿色低碳股债优选(价格收益)指数,CBM01102.CS,CS
指数,CBM01103,中债-浦发银行绿色低碳股债优选(混合收益)指数,CBM01103.CS,CS
指数,CBM01201,中债-红利自由现金流低波股债恒定比例5/95(全收益)指数,CBM01201.CS,CS
指数,CBM01202,中债-红利自由现金流低波股债恒定比例5/95(价格收益)指数,CBM01202.CS,CS
指数,CBM01203,中债-红利自由现金流低波股债恒定比例5/95(混合收益)指数,CBM01203.CS,CS
指数,CBM01301,中债-红利自由现金流低波股债恒定比例10/90(全收益)指数,CBM01301.CS,CS
指数,CBM01302,中债-红利自由现金流低波股债恒定比例10/90(价格收益)指数,CBM01302.CS,CS
指数,CBM01303,中债-红利自由现金流低波股债恒定比例10/90(混合收益)指数,CBM01303.CS,CS
指数,CBM01401,中债-红利自由现金流低波股债恒定比例15/85(全收益)指数,CBM01401.CS,CS
指数,CBM01402,中债-红利自由现金流低波股债恒定比例15/85(价格收益)指数,CBM01402.CS,CS
指数,CBM01403,中债-红利自由现金流低波股债恒定比例15/85(混合收益)指数,CBM01403.CS,CS
指数,CBM01501,中债-红利自由现金流低波股债恒定比例20/80(全收益)指数,CBM01501.CS,CS
指数,CBM01502,中债-红利自由现金流低波股债恒定比例20/80(价格收益)指数,CBM01502.CS,CS
指数,CBM01503,中债-红利自由现金流低波股债恒定比例20/80(混合收益)指数,CBM01503.CS,CS
指数,CBM01601,中债-红利自由现金流低波股债恒定比例25/75(全收益)指数,CBM01601.CS,CS
指数,CBM01602,中债-红利自由现金流低波股债恒定比例25/75(价格收益)指数,CBM01602.CS,CS
指数,CBM01603,中债-红利自由现金流低波股债恒定比例25/75(混合收益)指数,CBM01603.CS,CS
指数,CBM01701,中债-红利自由现金流低波股债恒定比例30/70(全收益)指数,CBM01701.CS,CS
指数,CBM01702,中债-红利自由现金流低波股债恒定比例30/70(价格收益)指数,CBM01702.CS,CS
指数,CBM01703,中债-红利自由现金流低波股债恒定比例30/70(混合收益)指数,CBM01703.CS,CS
指数,CBM01801,中债-红利自由现金流低波股债金恒定比例(全收益)指数,CBM01801.CS,CS
指数,CBM01802,中债-红利自由现金流低波股债金恒定比例(价格收益)指数,CBM01802.CS,CS
指数,CBM01803,中债-红利自由现金流低波股债金恒定比例(混合收益)指数,CBM01803.CS,CS
指数,CBM01901,中债-红利自由现金流低波股债金恒定比例10/85/5(全收益)指数,CBM01901.CS,CS
指数,CBM01902,中债-红利自由现金流低波股债金恒定比例10/85/5(价格收益)指数,CBM01902.CS,CS
指数,CBM01903,中债-红利自由现金流低波股债金恒定比例10/85/5(混合收益)指数,CBM01903.CS,CS
指数,CBM02001,中债-红利现金流0-10年股债5/95(全收益)指数,CBM02001.CS,CS
指数,CBM02002,中债-红利现金流0-10年股债5/95(价格收益)指数,CBM02002.CS,CS
指数,CBM02003,中债-红利现金流0-10年股债5/95(混合收益)指数,CBM02003.CS,CS
指数,CBM02101,中债-红利现金流0-10年股债10/90(全收益)指数,CBM02101.CS,CS
指数,CBM02102,中债-红利现金流0-10年股债10/90(价格收益)指数,CBM02102.CS,CS
指数,CBM02103,中债-红利现金流0-10年股债10/90(混合收益)指数,CBM02103.CS,CS
指数,CBM02201,中债-红利现金流0-10年股债15/85(全收益)指数,CBM02201.CS,CS
指数,CBM02202,中债-红利现金流0-10年股债15/85(价格收益)指数,CBM02202.CS,CS
指数,CBM02203,中债-红利现金流0-10年股债15/85(混合收益)指数,CBM02203.CS,CS
指数,CBM02301,中债-红利现金流0-10年股债20/80(全收益)指数,CBM02301.CS,CS
指数,CBM02302,中债-红利现金流0-10年股债20/80(价格收益)指数,CBM02302.CS,CS
指数,CBM02303,中债-红利现金流0-10年股债20/80(混合收益)指数,CBM02303.CS,CS
指数,CBM02401,中债-红利现金流0-10年股债25/75(全收益)指数,CBM02401.CS,CS
指数,CBM02402,中债-红利现金流0-10年股债25/75(价格收益)指数,CBM02402.CS,CS
指数,CBM02403,中债-红利现金流0-10年股债25/75(混合收益)指数,CBM02403.CS,CS
指数,CBM02501,中债-红利现金流0-10年股债30/70(全收益)指数,CBM02501.CS,CS
指数,CBM02502,中债-红利现金流0-10年股债30/70(价格收益)指数,CBM02502.CS,CS
指数,CBM02503,中债-红利现金流0-10年股债30/70(混合收益)指数,CBM02503.CS,CS
指数,CBM02601,中债-红利现金流0-10年股债10/80/10(全收益)指数,CBM02601.CS,CS
指数,CBM02602,中债-红利现金流0-10年股债10/80/10(价格收益)指数,CBM02602.CS,CS
指数,CBM02603,中债-红利现金流0-10年股债10/80/10(混合收益)指数,CBM02603.CS,CS
指数,CBM02701,中债-红利现金流0-10年股债10/85/5(全收益)指数,CBM02701.CS,CS
指数,CBM02702,中债-红利现金流0-10年股债10/85/5(价格收益)指数,CBM02702.CS,CS
指数,CBM02703,中债-红利现金流0-10年股债10/85/5(混合收益)指数,CBM02703.CS,CS
指数,CER0101,金瑞千际全商品精选超额回报,CER0101.JRF,JRF
指数,CES001,中华120HKD,CES001.CSI,CSI
指数,CES002,中华A80HKD,CES002.CSI,CSI
指数,CES003,中华香港内地指数CNY,CES003.CSI,CSI
指数,CES004,中华280(HKD),CES004.CSI,CSI
指数,CES005,中华沪深港300HKD,CES005.CSI,CSI
指数,CES006,中华港股通精选100CNY,CES006.CSI,CSI
指数,CES007,中华博彩指数CNY,CES007.CSI,CSI
指数,CES008,中华民企指数HKD,CES008.CSI,CSI
指数,CES009,中华港股通优选50CNY,CES009.CSI,CSI
指数,CES010,中华香港生物科技CNY,CES010.CSI,CSI
指数,CES012,中华内房股指数CNY,CES012.CSI,CSI
指数,CES013,中华预期高股息CNY,CES013.CSI,CSI
指数,CES100,中华港股通精选100,CES100.CSI,CSI
指数,CES101,中华120(全),CES101.CSI,CSI
指数,CES102,中华A80(全),CES102.CSI,CSI
指数,CES103,中华香港内地指数(全)CNY,CES103.CSI,CSI
指数,CES104,中华280全收益,CES104.CSI,CSI
指数,CES105,中华沪深港300(全),CES105.CSI,CSI
指数,CES106,中华港股通精选100(全)CNY,CES106.CSI,CSI
指数,CES107,中华博彩指数(全)CNY,CES107.CSI,CSI
指数,CES108,中华民企指数(全)HKD,CES108.CSI,CSI
指数,CES109,中华港股通优选50(全)CNY,CES109.CSI,CSI
指数,CES110,中华香港生物科技(全)CNY,CES110.CSI,CSI
指数,CES112,中华内房股全收益指数CNY,CES112.CSI,CSI
指数,CES113,中华预期高股息全收益CNY,CES113.CSI,CSI
指数,CES120,中华120,CES120.CSI,CSI
指数,CES201,中华120(全)HKD,CES201.CSI,CSI
指数,CES202,中华A80(全)HKD,CES202.CSI,CSI
指数,CES203,中华香港内地指数(全),CES203.CSI,CSI
指数,CES204,中华280全收益(HKD),CES204.CSI,CSI
指数,CES205,中华沪深港300(全)HKD,CES205.CSI,CSI
指数,CES206,中华港股通精选100(全),CES206.CSI,CSI
指数,CES207,中华博彩指数(全),CES207.CSI,CSI
指数,CES208,中华民企指数(全),CES208.CSI,CSI
指数,CES209,中华港股通优选50(全),CES209.CSI,CSI
指数,CES210,中华香港生物科技(全),CES210.CSI,CSI
指数,CES212,中华内房股全收益指数,CES212.CSI,CSI
指数,CES213,中华预期高股息全收益,CES213.CSI,CSI
指数,CES280,中华280,CES280.CSI,CSI
指数,CES300,中华沪深港300,CES300.CSI,CSI
指数,CESA80,中华A80,CESA80.CSI,CSI
指数,CESAIT,中华陆股通行业龙头,CESAIT.CNI,CNI
指数,CESBNR,中华一带一路,CESBNR.CNI,CNI
指数,CESCPD,中华内房股,CESCPD.CSI,CSI
指数,CESCPE,中华民企指数,CESCPE.CSI,CSI
指数,CESFAC,中华A股外资优先配置,CESFAC.CNI,CNI
指数,CESFHY,中华预期高股息,CESFHY.CSI,CSI
指数,CESG10,中华博彩指数,CESG10.CSI,CSI
指数,CESGBA,中华大湾区优势产业,CESGBA.CNI,CNI
指数,CESGTH,中华港股通成长,CESGTH.CNI,CNI
指数,CESHKB,中华香港生物科技,CESHKB.CSI,CSI
指数,CESHKM,中华香港内地指数,CESHKM.CSI,CSI
指数,CESIBT,中华创新医药,CESIBT.CNI,CNI
指数,CESMOT,中华港股通护城河,CESMOT.CNI,CNI
指数,CESP50,中华港股通优选50,CESP50.CSI,CSI
指数,CESPEL,中华港股通泛休闲娱乐,CESPEL.CNI,CNI
指数,CESPSM,中华国证港股物业,CESPSM.CNI,CNI
指数,CESRET,中华房地产信托基金,CESRET.CNI,CNI
指数,CESVAL,中华港股通价值,CESVAL.CNI,CNI
指数,CESYLV,中华港股通高息低波,CESYLV.CNI,CNI
指数,CF,南华郑棉花指数,CF.NH,NH
指数,CFIIECMA,富时ETF通东西传承股票精选指数,CFIIECMA.FI,FI
指数,CH30,道琼斯瑞士泰坦30指数,CH30.SPI,SPI
指数,CJ,南华红枣指数,CJ.NH,NH
指数,CN2008,中小300R,CN2008.CNI,CNI
指数,CN2010,深证700R,CN2010.CNI,CNI
指数,CN2011,深证1000R,CN2011.CNI,CNI
指数,CN2012,创业300R,CN2012.CNI,CNI
指数,CN2013,深市精选R,CN2013.CNI,CNI
指数,CN2015,中小创新R,CN2015.CNI,CNI
指数,CN2016,深证创新R,CN2016.CNI,CNI
指数,CN2017,SME创新R,CN2017.CNI,CNI
指数,CN2018,创业创新R,CN2018.CNI,CNI
指数,CN2019,创业200R,CN2019.SZ,SZ
指数,CN2020,创业小盘R,CN2020.SZ,SZ
指数,CN2030,碳科技30R,CN2030.CNI,CNI
指数,CN2050,创新引擎R,CN2050.CNI,CNI
指数,CN2060,碳科技60R,CN2060.CNI,CNI
指数,CN2088,深创100R,CN2088.CNI,CNI
指数,CN2258,绿色低碳R,CN2258.CNI,CNI
指数,CN2259,创业低碳R,CN2259.CNI,CNI
指数,CN2260,先进制造R,CN2260.CNI,CNI
指数,CN2261,创业制造R,CN2261.CNI,CNI
指数,CN2262,数字经济R,CN2262.CNI,CNI
指数,CN2263,创业数字R,CN2263.CNI,CNI
指数,CN2265,创新药械R,CN2265.CNI,CNI
指数,CN2266,创新能源R,CN2266.CNI,CNI
指数,CN2269,创质量R,CN2269.CNI,CNI
指数,CN2274,深新基建R,CN2274.CNI,CNI
指数,CN2275,创医药R,CN2275.CNI,CNI
指数,CN2276,创科技R,CN2276.CNI,CNI
指数,CN2277,公共健康R,CN2277.CNI,CNI
指数,CN2278,长江100R,CN2278.CNI,CNI
指数,CN2279,云科技50R,CN2279.CNI,CNI
指数,CN2280,生物50R,CN2280.CNI,CNI
指数,CN2281,电子50R,CN2281.CNI,CNI
指数,CN2282,大数据50R,CN2282.CNI,CNI
指数,CN2283,机器人50R,CN2283.CNI,CNI
指数,CN2284,AI 50R,CN2284.CNI,CNI
指数,CN2285,物联网50R,CN2285.CNI,CNI
指数,CN2286,区块链50R,CN2286.CNI,CNI
指数,CN2291,创精选88R,CN2291.CNI,CNI
指数,CN2292,民企发展R,CN2292.CNI,CNI
指数,CN2293,创业大盘R,CN2293.CNI,CNI
指数,CN2294,中小创QR,CN2294.CNI,CNI
指数,CN2295,创价值R,CN2295.CNI,CNI
指数,CN2296,创成长R,CN2296.CNI,CNI
指数,CN2297,新浪100R,CN2297.CNI,CNI
指数,CN2303,国证2000R,CN2303.CNI,CNI
指数,CN2310,国证50,CN2310.CNI,CNI
指数,CN2311,国证1000R,CN2311.CNI,CNI
指数,CN2312,国证300R,CN2312.CNI,CNI
指数,CN2313,巨潮100R,CN2313.CNI,CNI
指数,CN2314,巨潮大盘R,CN2314.CNI,CNI
指数,CN2315,巨潮中盘R,CN2315.CNI,CNI
指数,CN2316,巨潮小盘R,CN2316.CNI,CNI
指数,CN2319,资源优势R,CN2319.CNI,CNI
指数,CN2320,国证服务R,CN2320.CNI,CNI
指数,CN2321,国证红利R,CN2321.CNI,CNI
指数,CN2322,国证治理R,CN2322.CNI,CNI
指数,CN2324,深证红利R,CN2324.CNI,CNI
指数,CN2326,成长40R,CN2326.CNI,CNI
指数,CN2328,深证治理R,CN2328.CNI,CNI
指数,CN2335,深证央企R,CN2335.CNI,CNI
指数,CN2337,深证民营R,CN2337.CNI,CNI
指数,CN2339,深证科技R,CN2339.CNI,CNI
指数,CN2341,深证责任R,CN2341.CNI,CNI
指数,CN2346,深证成长R,CN2346.CNI,CNI
指数,CN2348,深证价值R,CN2348.CNI,CNI
指数,CN2350,皖江30R,CN2350.CNI,CNI
指数,CN2351,创新示范R,CN2351.CNI,CNI
指数,CN2353,国证物流R,CN2353.CNI,CNI
指数,CN2354,分析师指数R,CN2354.CNI,CNI
指数,CN2355,长三角R,CN2355.CNI,CNI
指数,CN2356,珠三角R,CN2356.CNI,CNI
指数,CN2357,环渤海R,CN2357.CNI,CNI
指数,CN2358,国证环保R,CN2358.CNI,CNI
指数,CN2360,新硬件R,CN2360.CNI,CNI
指数,CN2361,在线消费R,CN2361.CNI,CNI
指数,CN2366,能源金属R,CN2366.CNI,CNI
指数,CN2367,1000地产R,CN2367.CNI,CNI
指数,CN2368,国证军工R,CN2368.CNI,CNI
指数,CN2369,国证责任R,CN2369.CNI,CNI
指数,CN2370,国证成长R,CN2370.CNI,CNI
指数,CN2371,国证价值R,CN2371.CNI,CNI
指数,CN2372,大盘成长R,CN2372.CNI,CNI
指数,CN2373,大盘价值R,CN2373.CNI,CNI
指数,CN2374,中盘成长R,CN2374.CNI,CNI
指数,CN2375,中盘价值R,CN2375.CNI,CNI
指数,CN2376,小盘成长R,CN2376.CNI,CNI
指数,CN2377,小盘价值R,CN2377.CNI,CNI
指数,CN2378,ESG 300R,CN2378.CNI,CNI
指数,CN2381,1000能源R,CN2381.CNI,CNI
指数,CN2382,1000材料R,CN2382.CNI,CNI
指数,CN2383,1000工业R,CN2383.CNI,CNI
指数,CN2384,1000可选R,CN2384.CNI,CNI
指数,CN2385,1000消费R,CN2385.CNI,CNI
指数,CN2386,1000医药R,CN2386.CNI,CNI
指数,CN2387,1000金融R,CN2387.CNI,CNI
指数,CN2388,1000信息R,CN2388.CNI,CNI
指数,CN2389,国证通信R,CN2389.CNI,CNI
指数,CN2390,1000公用R,CN2390.CNI,CNI
指数,CN2391,投资时钟R,CN2391.CNI,CNI
指数,CN2392,国证新兴R,CN2392.CNI,CNI
指数,CN2393,国证地产R,CN2393.CNI,CNI
指数,CN2394,国证医药R,CN2394.CNI,CNI
指数,CN2395,国证有色R,CN2395.CNI,CNI
指数,CN2396,国证食品R,CN2396.CNI,CNI
指数,CN2397,国证文化R,CN2397.CNI,CNI
指数,CN2398,绩效指数R,CN2398.CNI,CNI
指数,CN2399,中经GDPR,CN2399.CNI,CNI
指数,CN2400,大中盘R,CN2400.CNI,CNI
指数,CN2401,中小盘R,CN2401.CNI,CNI
指数,CN2402,周期100R,CN2402.CNI,CNI
指数,CN2403,防御100R,CN2403.CNI,CNI
指数,CN2405,大盘高贝R,CN2405.CNI,CNI
指数,CN2406,中盘低波R,CN2406.CNI,CNI
指数,CN2407,中盘高贝R,CN2407.CNI,CNI
指数,CN2408,小盘低波R,CN2408.CNI,CNI
指数,CN2409,小盘高贝R,CN2409.CNI,CNI
指数,CN2410,苏州率先R,CN2410.CNI,CNI
指数,CN2411,红利100R,CN2411.CNI,CNI
指数,CN2412,国证新能R,CN2412.CNI,CNI
指数,CN2415,I100R,CN2415.CNI,CNI
指数,CN2416,I300R,CN2416.CNI,CNI
指数,CN2417,新能源车R,CN2417.CNI,CNI
指数,CN2418,数据要素R,CN2418.CNI,CNI
指数,CN2419,国证高铁R,CN2419.CNI,CNI
指数,CN2420,国证保证R,CN2420.CNI,CNI
指数,CN2422,中关村AR,CN2422.CNI,CNI
指数,CN2423,中关村50R,CN2423.CNI,CNI
指数,CN2428,国证定增R,CN2428.CNI,CNI
指数,CN2429,新丝路R,CN2429.CNI,CNI
指数,CN2431,国证银行R,CN2431.CNI,CNI
指数,CN2432,智能汽车R,CN2432.CNI,CNI
指数,CN2433,国证交运R,CN2433.CNI,CNI
指数,CN2434,数字传媒R,CN2434.CNI,CNI
指数,CN2435,国证农牧R,CN2435.CNI,CNI
指数,CN2436,绿色煤炭R,CN2436.CNI,CNI
指数,CN2437,证券龙头R,CN2437.CNI,CNI
指数,CN2438,绿色电力R,CN2438.CNI,CNI
指数,CN2440,国证钢铁R,CN2440.CNI,CNI
指数,CN2441,生物医药R,CN2441.CNI,CNI
指数,CN2550,央视50R,CN2550.CNI,CNI
指数,CN2551,央视创新R,CN2551.CNI,CNI
指数,CN2552,央视成长R,CN2552.CNI,CNI
指数,CN2553,央视回报R,CN2553.CNI,CNI
指数,CN2554,央视治理R,CN2554.CNI,CNI
指数,CN2555,央视责任R,CN2555.CNI,CNI
指数,CN2556,央视生态R,CN2556.CNI,CNI
指数,CN2557,央视文化R,CN2557.CNI,CNI
指数,CN2602,中小成长R,CN2602.CNI,CNI
指数,CN2604,中小价值R,CN2604.CNI,CNI
指数,CN2608,科技100R,CN2608.CNI,CNI
指数,CN2610,TMT50R,CN2610.CNI,CNI
指数,CN2613,深证能源R,CN2613.CNI,CNI
指数,CN2614,深证材料R,CN2614.CNI,CNI
指数,CN2615,深证工业R,CN2615.CNI,CNI
指数,CN2616,深证可选R,CN2616.CNI,CNI
指数,CN2617,深证消费R,CN2617.CNI,CNI
指数,CN2618,深证医药R,CN2618.CNI,CNI
指数,CN2619,深证金融R,CN2619.CNI,CNI
指数,CN2620,深证信息R,CN2620.CNI,CNI
指数,CN2621,深证电信R,CN2621.CNI,CNI
指数,CN2622,深证公用R,CN2622.CNI,CNI
指数,CN2623,中小基础R,CN2623.CNI,CNI
指数,CN2624,中创400R,CN2624.CNI,CNI
指数,CN2625,中创500R,CN2625.CNI,CNI
指数,CN2626,中创成长R,CN2626.CNI,CNI
指数,CN2627,中创价值R,CN2627.CNI,CNI
指数,CN2628,700成长R,CN2628.CNI,CNI
指数,CN2629,700价值R,CN2629.CNI,CNI
指数,CN2630,1000成长R,CN2630.CNI,CNI
指数,CN2631,1000价值R,CN2631.CNI,CNI
指数,CN2632,深100EWR,CN2632.CNI,CNI
指数,CN2633,深300EWR,CN2633.CNI,CNI
指数,CN2634,中小等权R,CN2634.CNI,CNI
指数,CN2635,创业板EWR,CN2635.CNI,CNI
指数,CN2636,深证装备R,CN2636.CNI,CNI
指数,CN2637,深证地产R,CN2637.CNI,CNI
指数,CN2638,深证环保R,CN2638.CNI,CNI
指数,CN2639,深证大宗R,CN2639.CNI,CNI
指数,CN2640,创业基础R,CN2640.CNI,CNI
指数,CN2641,深证新兴R,CN2641.CNI,CNI
指数,CN2642,中小新兴R,CN2642.CNI,CNI
指数,CN2643,创业新兴R,CN2643.CNI,CNI
指数,CN2644,深证时钟R,CN2644.CNI,CNI
指数,CN2645,100低波R,CN2645.CNI,CNI
指数,CN2646,深消费50R,CN2646.CNI,CNI
指数,CN2647,深医药50R,CN2647.CNI,CNI
指数,CN2648,深证GDPR,CN2648.CNI,CNI
指数,CN2649,中小红利R,CN2649.CNI,CNI
指数,CN2650,中小治理R,CN2650.CNI,CNI
指数,CN2651,中小责任R,CN2651.CNI,CNI
指数,CN2652,中创高新R,CN2652.CNI,CNI
指数,CN2653,深证龙头R,CN2653.CNI,CNI
指数,CN2654,深证文化R,CN2654.CNI,CNI
指数,CN2655,深证绩效R,CN2655.CNI,CNI
指数,CN2656,100绩效R,CN2656.CNI,CNI
指数,CN2657,300绩效R,CN2657.CNI,CNI
指数,CN2658,中小绩效R,CN2658.CNI,CNI
指数,CN2659,深成指EWR,CN2659.CNI,CNI
指数,CN2660,中创EWR,CN2660.CNI,CNI
指数,CN2661,深证低波R,CN2661.CNI,CNI
指数,CN2662,深证高贝R,CN2662.CNI,CNI
指数,CN2663,中小低波R,CN2663.CNI,CNI
指数,CN2664,中小高贝R,CN2664.CNI,CNI
指数,CN2665,中创低波R,CN2665.CNI,CNI
指数,CN2666,中创高贝R,CN2666.CNI,CNI
指数,CN2667,创业成长R,CN2667.CNI,CNI
指数,CN2668,创业板VR,CN2668.CNI,CNI
指数,CN2669,深证农业R,CN2669.CNI,CNI
指数,CN2670,深周期50R,CN2670.CNI,CNI
指数,CN2671,深防御50R,CN2671.CNI,CNI
指数,CN2672,深红利50R,CN2672.CNI,CNI
指数,CN2673,创业板50R,CN2673.CNI,CNI
指数,CN2674,深A医药R,CN2674.CNI,CNI
指数,CN2675,深互联网R,CN2675.CNI,CNI
指数,CN2676,深医药EWR,CN2676.CNI,CNI
指数,CN2677,深互联EWR,CN2677.CNI,CNI
指数,CN2678,深次新股R,CN2678.CNI,CNI
指数,CN2680,深成能源R,CN2680.CNI,CNI
指数,CN2681,深成材料R,CN2681.CNI,CNI
指数,CN2682,深成工业R,CN2682.CNI,CNI
指数,CN2683,深成可选R,CN2683.CNI,CNI
指数,CN2684,深成消费R,CN2684.CNI,CNI
指数,CN2685,深成医药R,CN2685.CNI,CNI
指数,CN2686,深成金融R,CN2686.CNI,CNI
指数,CN2687,深成信息R,CN2687.CNI,CNI
指数,CN2688,深成电信R,CN2688.CNI,CNI
指数,CN2689,深成公用R,CN2689.CNI,CNI
指数,CN2692,创业低波R,CN2692.CNI,CNI
指数,CN2693,安防产业R,CN2693.CNI,CNI
指数,CN2694,创业高贝R,CN2694.CNI,CNI
指数,CN2695,深证节能R,CN2695.CNI,CNI
指数,CN2696,深证创投R,CN2696.CNI,CNI
指数,CN2697,中关村60R,CN2697.CNI,CNI
指数,CN2698,优势成长R,CN2698.CNI,CNI
指数,CN2699,金融科技R,CN2699.CNI,CNI
指数,CN2750,深主板50R,CN2750.SZ,SZ
指数,CN2850,深证50R,CN2850.CNI,CNI
指数,CN5061,深证GDP对冲,CN5061.CNI,CNI
指数,CN5062,中经GDP对冲,CN5062.CNI,CNI
指数,CN5074,财富管理,CN5074.CNI,CNI
指数,CN5075,国证信创,CN5075.CNI,CNI
指数,CN5082,国证航天,CN5082.CNI,CNI
指数,CN5084,电信服务,CN5084.CNI,CNI
指数,CN5085,服装纺织,CN5085.CNI,CNI
指数,CN5086,工业服务,CN5086.CNI,CNI
指数,CN5090,国证化工,CN5090.CNI,CNI
指数,CN5093,国证零售,CN5093.CNI,CNI
指数,CN5094,耐用消费,CN5094.CNI,CNI
指数,CN5097,消费服务,CN5097.CNI,CNI
指数,CN5100,白色家电,CN5100.CNI,CNI
指数,CN5101,国证百货,CN5101.CNI,CNI
指数,CN5105,路桥港口,CN5105.CNI,CNI
指数,CN5106,酒店餐饮,CN5106.CNI,CNI
指数,CN5111,定增综指,CN5111.CNI,CNI
指数,CN5122,中小能源,CN5122.CNI,CNI
指数,CN5123,中小材料,CN5123.CNI,CNI
指数,CN5124,中小工业,CN5124.CNI,CNI
指数,CN5125,中小可选,CN5125.CNI,CNI
指数,CN5126,中小消费,CN5126.CNI,CNI
指数,CN5127,中小医药,CN5127.CNI,CNI
指数,CN5128,中小金融,CN5128.CNI,CNI
指数,CN5129,中小信息,CN5129.CNI,CNI
指数,CN5130,中小电信,CN5130.CNI,CNI
指数,CN5131,中小公用,CN5131.CNI,CNI
指数,CN5138,大盘红利,CN5138.CNI,CNI
指数,CN5139,稳进价值,CN5139.CNI,CNI
指数,CN5140,先锋成长,CN5140.CNI,CNI
指数,CN5141,优势价值,CN5141.CNI,CNI
指数,CN6002,北京指数,CN6002.CNI,CNI
指数,CN6003,福建指数,CN6003.CNI,CNI
指数,CN6005,广东指数,CN6005.CNI,CNI
指数,CN6009,河北指数,CN6009.CNI,CNI
指数,CN6010,河南指数,CN6010.CNI,CNI
指数,CN6012,湖北指数,CN6012.CNI,CNI
指数,CN6013,湖南指数,CN6013.CNI,CNI
指数,CN6015,江苏指数,CN6015.CNI,CNI
指数,CN6021,山东指数,CN6021.CNI,CNI
指数,CN6024,上海指数,CN6024.CNI,CNI
指数,CN6025,四川指数,CN6025.CNI,CNI
指数,CN6026,天津指数,CN6026.CNI,CNI
指数,CN6028,新疆指数,CN6028.CNI,CNI
指数,CN6030,浙江指数,CN6030.CNI,CNI
指数,CN6032,农副指数,CN6032.CNI,CNI
指数,CN6033,食品指数,CN6033.CNI,CNI
指数,CN6034,饮料指数,CN6034.CNI,CNI
指数,CN6036,纺织指数,CN6036.CNI,CNI
指数,CN6037,服装指数,CN6037.CNI,CNI
指数,CN6039,木材指数,CN6039.CNI,CNI
指数,CN6041,造纸指数,CN6041.CNI,CNI
指数,CN6042,印刷指数,CN6042.CNI,CNI
指数,CN6043,文教指数,CN6043.CNI,CNI
指数,CN6044,石化指数,CN6044.CNI,CNI
指数,CN6045,化学指数,CN6045.CNI,CNI
指数,CN6046,医药指数,CN6046.CNI,CNI
指数,CN6047,化纤指数,CN6047.CNI,CNI
指数,CN6048,橡胶指数,CN6048.CNI,CNI
指数,CN6049,矿物指数,CN6049.CNI,CNI
指数,CN6050,钢铁指数,CN6050.CNI,CNI
指数,CN6051,有色指数,CN6051.CNI,CNI
指数,CN6052,金属指数,CN6052.CNI,CNI
指数,CN6053,通用指数,CN6053.CNI,CNI
指数,CN6054,专用指数,CN6054.CNI,CNI
指数,CN6055,汽车指数,CN6055.CNI,CNI
指数,CN6056,交运指数,CN6056.CNI,CNI
指数,CN6057,电气指数,CN6057.CNI,CNI
指数,CN6058,电子指数,CN6058.CNI,CNI
指数,CN6059,仪表指数,CN6059.CNI,CNI
指数,CN6060,其他指数,CN6060.CNI,CNI
指数,CN6074,财富管理R,CN6074.CNI,CNI
指数,CN6075,国证信创R,CN6075.CNI,CNI
指数,CN6082,国证航天R,CN6082.CNI,CNI
指数,CN6084,电信服务R,CN6084.CNI,CNI
指数,CN6085,服装纺织R,CN6085.CNI,CNI
指数,CN6086,工业服务R,CN6086.CNI,CNI
指数,CN6090,国证化工R,CN6090.CNI,CNI
指数,CN6093,国证零售R,CN6093.CNI,CNI
指数,CN6094,耐用消费R,CN6094.CNI,CNI
指数,CN6097,消费服务R,CN6097.CNI,CNI
指数,CN6100,白色家电R,CN6100.CNI,CNI
指数,CN6101,国证百货R,CN6101.CNI,CNI
指数,CN6105,路桥港口R,CN6105.CNI,CNI
指数,CN6106,酒店餐饮R,CN6106.CNI,CNI
指数,CN6109,中创100美元R,CN6109.CNI,CNI
指数,CN6111,定增综指R,CN6111.CNI,CNI
指数,CN6122,中小能源R,CN6122.CNI,CNI
指数,CN6123,中小材料R,CN6123.CNI,CNI
指数,CN6124,中小工业R,CN6124.CNI,CNI
指数,CN6125,中小可选R,CN6125.CNI,CNI
指数,CN6126,中小消费R,CN6126.CNI,CNI
指数,CN6127,中小医药R,CN6127.CNI,CNI
指数,CN6128,中小金融R,CN6128.CNI,CNI
指数,CN6129,中小信息R,CN6129.CNI,CNI
指数,CN6130,中小电信R,CN6130.CNI,CNI
指数,CN6131,中小公用R,CN6131.CNI,CNI
指数,CN6138,大盘红利R,CN6138.CNI,CNI
指数,CN6139,稳进价值R,CN6139.CNI,CNI
指数,CN6140,先锋成长R,CN6140.CNI,CNI
指数,CN6141,优势价值R,CN6141.CNI,CNI
指数,CNYR,人民币实际指数,CNYR.CNI,CNI
指数,CNYX-BIS,人民币汇率指数(BIS货币篮子),CNYX-BIS.IB,IB
指数,CNYX-SDR,人民币汇率指数(SDR货币篮子),CNYX-SDR.IB,IB
指数,CNYX,人民币指数,CNYX.CNI,CNI
指数,CNYX,CFETS人民币汇率指数,CNYX.IB,IB
指数,CS,南华连玉米淀粉指数,CS.NH,NH
指数,CSPSADRP,标普A股红利,CSPSADRP.CI,CI
指数,CSPSADRT,标普A股红利全收益,CSPSADRT.CI,CI
指数,CU,南华沪铜指数,CU.NH,NH
指数,CY,南华棉纱指数,CY.NH,NH
指数,DJAPSD,道琼斯亚太精选股息50,DJAPSD.SPI,SPI
指数,DJBGGIEP,道琼斯布鲁克菲尔德全球绿色基础设施指数,DJBGGIEP.SPI,SPI
指数,DJBGICU,道琼斯布鲁克菲尔德全球基础设施综合指数,DJBGICU.SPI,SPI
指数,DJCHOS50,道琼斯中国离岸50指数,DJCHOS50.SPI,SPI
指数,DJDVP,道琼斯美国精选股息,DJDVP.SPI,SPI
指数,DJEMDIV,道琼斯新兴市场精选股息,DJEMDIV.SPI,SPI
指数,DJEPCSD,道琼斯EPAC精选股息,DJEPCSD.SPI,SPI
指数,DJGSD,道琼斯全球精选股息,DJGSD.SPI,SPI
指数,DJGT,道琼斯全球泰坦50指数,DJGT.SPI,SPI
指数,DJIAJT,道琼斯工业平均(TTM)(JPY),DJIAJT.SPI,SPI
指数,DJIBJTH,道琼斯工业平均日元对冲(TTM)(日本日历),DJIBJTH.SPI,SPI
指数,DJID1UP,道琼斯国际红利100,DJID1UP.SPI,SPI
指数,DJIDEV,道琼斯伊斯兰市场发达市场指数,DJIDEV.SPI,SPI
指数,DJIEW,道琼斯工业平均等权重,DJIEW.SPI,SPI
指数,DJINTCUP,道琼斯国际互联网,DJINTCUP.SPI,SPI
指数,DJIYW,道琼斯工业平均收益率权重,DJIYW.SPI,SPI
指数,DJSCLCP,道琼斯智利可持续发展,DJSCLCP.SPI,SPI
指数,DJSEA1UP,道琼斯新兴东盟顶尖100指数,DJSEA1UP.SPI,SPI
指数,DJSEMUP,道琼斯新兴市场可持续发展,DJSEMUP.SPI,SPI
指数,DJSEMXEP,道琼斯新兴市场可持续发展除酒精烟草赌博军火成人娱乐,DJSEMXEP.SPI,SPI
指数,DJSENAED,道琼斯欧洲可持续发展除酒精烟草赌博军火成人娱乐,DJSENAED.SPI,SPI
指数,DJSEUR,道琼斯欧洲可持续发展,DJSEUR.SPI,SPI
指数,DJSEUXAD,道琼斯欧洲可持续发展除酒精烟草赌博军火,DJSEUXAD.SPI,SPI
指数,DJSEUZ,道琼斯欧元区可持续发展,DJSEUZ.SPI,SPI
指数,DJSEZXA,道琼斯欧元区可持续发展除酒精烟草赌博军火,DJSEZXA.SPI,SPI
指数,DJSHCP,道琼斯美国精选医疗保健提供商,DJSHCP.SPI,SPI
指数,DJSHMB,道琼斯美国精选房屋建筑,DJSHMB.SPI,SPI
指数,DJSIK,道琼斯韩国可持续发展,DJSIK.SPI,SPI
指数,DJSINS,道琼斯美国精选保险指数,DJSINS.SPI,SPI
指数,DJSINV,道琼斯美国精选投资服务,DJSINV.SPI,SPI
指数,DJSKC2,道琼斯韩国可持续发展(25%上限),DJSKC2.SPI,SPI
指数,DJSM,道琼斯精选微型股,DJSM.SPI,SPI
指数,DJSMDQ,道琼斯美国精选医疗设备,DJSMDQ.SPI,SPI
指数,DJSMPAUP,道琼斯拉丁美洲太平洋联盟可持续发展,DJSMPAUP.SPI,SPI
指数,DJSND,道琼斯北欧国家可持续发展,DJSND.SPI,SPI
指数,DJSOES,道琼斯美国精选行业专项指数,DJSOES.SPI,SPI
指数,DJSPHM,道琼斯美国精选制药指数,DJSPHM.SPI,SPI
指数,DJSRBK,道琼斯美国精选区域银行,DJSRBK.SPI,SPI
指数,DJSTEL,道琼斯美国精选电信,DJSTEL.SPI,SPI
指数,DJSUKTXR,道琼斯伊斯兰债券总回报(不包括再投资),DJSUKTXR.SPI,SPI
指数,DJSWECD,道琼斯全球扩大可持续发展,DJSWECD.SPI,SPI
指数,DJSWEX4D,道琼斯全球扩大可持续发展除酒精烟草赌博军火成人娱乐,DJSWEX4D.SPI,SPI
指数,DJSZXAE,道琼斯欧元区可持续发展除酒精烟草赌博军火成人娱乐,DJSZXAE.SPI,SPI
指数,DJUMECUP,道琼斯美国精选医疗设备上限35/20指数,DJUMECUP.SPI,SPI
指数,DJUSDIV,道琼斯美股红利100,DJUSDIV.SPI,SPI
指数,DJUSFV,道琼斯美国金融服务,DJUSFV.SPI,SPI
指数,DJUSSC,道琼斯美国半导体,DJUSSC.SPI,SPI
指数,DJUSSTRP,道琼斯美国精选短期房地产投资信托,DJUSSTRP.SPI,SPI
指数,DW25,道琼斯美国广泛股票市场,DW25.SPI,SPI
指数,DWCF,道琼斯美国全股,DWCF.SPI,SPI
指数,DWGRS,道琼斯全球精选房地产指数,DWGRS.SPI,SPI
指数,DWL,道琼斯美国大盘股全市场,DWL.SPI,SPI
指数,DWLGT,道琼斯美国大盘成长全市场全收益,DWLGT.SPI,SPI
指数,DWLV,道琼斯美国大盘价值全市场,DWLV.SPI,SPI
指数,DWM,道琼斯美国中盘股全市场,DWM.SPI,SPI
指数,DWS,道琼斯美国小盘股全市场,DWS.SPI,SPI
指数,DWST,道琼斯美国小盘股全市场全收益,DWST.SPI,SPI
指数,DWXRS,道琼斯全球(除美国)房地产证券,DWXRS.SPI,SPI
指数,EB,南华苯乙烯指数,EB.NH,NH
指数,EC,南华欧线指数,EC.NH,NH
指数,EG,南华乙二醇指数,EG.NH,NH
指数,ER,南华郑籼稻指数,ER.NH,NH
指数,FACCNYG,中华A股外资优先配置R,FACCNYG.CNI,CNI
指数,FB,南华连纤维板指数,FB.NH,NH
指数,FG,南华郑玻璃指数,FG.NH,NH
指数,FQE,富时罗素新兴市场中国A股指数,FQE.FI,FI
指数,FQEAC,富时罗素新兴市场中国A股全资本指数,FQEAC.FI,FI
指数,FQEACN,富时罗素新兴市场中国A股税后指数,FQEACN.FI,FI
指数,FQEACR,富时罗素新兴市场中国A股税后指数(US),FQEACR.FI,FI
指数,FQEN,富时罗素新兴市场中国A股全资本税后指数,FQEN.FI,FI
指数,FTXIN0USD,富时中国50(美元),FTXIN0USD.FI,FI
指数,FU,南华沪燃油指数,FU.NH,NH
指数,FXICI0006,富时申万香港中国概念,FXICI0006.XI,XI
指数,FXIEV0001,富时价值驱动A200,FXIEV0001.XI,XI
指数,FXIEV0002,富时价值驱动A300,FXIEV0002.XI,XI
指数,G10,富时罗素大中国全资本指数,G10.FI,FI
指数,GBACNYG,中华大湾区优势产业R,GBACNYG.CNI,CNI
指数,GLCEUA,标普欧盟碳排放配额(EUA)指数,GLCEUA.SPI,SPI
指数,GPMPF040,富时MPF中国A股,GPMPF040.FI,FI
指数,GTHHKDG,中华港股通成长R,GTHHKDG.CNI,CNI
指数,H861307,现金流质量50全收益(长江),H861307.CJ,CJ
指数,H861308,现金流价值除金融全收益(长江),H861308.CJ,CJ
指数,H861309,现金流价值全收益(长江),H861309.CJ,CJ
指数,H861401,红利指数(长江)全收益,H861401.CJ,CJ
指数,H861402,潜在分红(长江)全收益,H861402.CJ,CJ
指数,H861403,能源红利(长江)全收益,H861403.CJ,CJ
指数,H861404,原材料红利(长江)全收益,H861404.CJ,CJ
指数,H861405,工业红利(长江)全收益,H861405.CJ,CJ
指数,H861406,可选消费红利(长江)全收益,H861406.CJ,CJ
指数,H861407,必选消费红利(长江)全收益,H861407.CJ,CJ
指数,H861408,医疗红利(长江)全收益,H861408.CJ,CJ
指数,H861409,金融红利(长江)全收益,H861409.CJ,CJ
指数,H861410,信息技术与硬件红利(长江)全收益,H861410.CJ,CJ
指数,H861411,行业中性红利(长江)全收益,H861411.CJ,CJ
指数,H861412,通讯业务红利(长江)全收益,H861412.CJ,CJ
指数,H861413,公用事业及服务红利(长江)全收益,H861413.CJ,CJ
指数,H861414,房地产及服务红利(长江)全收益,H861414.CJ,CJ
指数,H861415,国企红利质量(长江)全收益,H861415.CJ,CJ
指数,H861416,红利低波(长江)全收益,H861416.CJ,CJ
指数,H861417,红利质量(长江)全收益,H861417.CJ,CJ
指数,H861421,大盘红利(长江)全收益,H861421.CJ,CJ
指数,HC,南华沪热轧卷板指数,HC.NH,NH
指数,I,南华连铁矿石指数,I.NH,NH
指数,IBTCNYG,中华创新医药R,IBTCNYG.CNI,CNI
指数,IC,南华500股指指数,IC.NH,NH
指数,IF,南华沪深指数,IF.NH,NH
指数,IH,南华上证指数,IH.NH,NH
指数,IIJRY,景顺日本全市值房地产投资信托(日元),IIJRY.SPI,SPI
指数,IM,南华1000股指指数,IM.NH,NH
指数,IVIX,中国波指,IVIX.SH,SH
指数,IXB,标普原材料精选行业,IXB.SPI,SPI
指数,IXCPR,标普通信服务精选行业,IXCPR.SPI,SPI
指数,IXE,标普能源精选行业指数,IXE.SPI,SPI
指数,IXFS,金融服务精选行业指数,IXFS.SPI,SPI
指数,IXI,标普工业精选行业指数,IXI.SPI,SPI
指数,IXM,标普金融精选行业,IXM.SPI,SPI
指数,IXR,标普消费者必需品精选行业指数,IXR.SPI,SPI
指数,IXRE,标普房地产精选行业,IXRE.SPI,SPI
指数,IXT,标普科技精选行业指数,IXT.SPI,SPI
指数,IXU,标普公用事业精选行业指数,IXU.SPI,SPI
指数,IXV,标普医疗保健精选行业,IXV.SPI,SPI
指数,IXY,标普可选消费品精选行业指数,IXY.SPI,SPI
指数,IXYTR,标普可选消费品精选行业全收益指数,IXYTR.SPI,SPI
指数,J,南华连焦炭指数,J.NH,NH
指数,JD,南华连鸡蛋指数,JD.NH,NH
指数,JM,南华连焦煤指数,JM.NH,NH
指数,JR,南华郑粳稻指数,JR.NH,NH
指数,KBORGP,标普Kensho佩戴装置行业,KBORGP.SPI,SPI
指数,KBOTSP,标普Kensho机器人行业,KBOTSP.SPI,SPI
指数,KCARSP,标普Kensho无人驾驶汽车行业,KCARSP.SPI,SPI
指数,KCLEANP,标普Kensho清洁技术,KCLEANP.SPI,SPI
指数,KCNNECTP,标普Kensho未来通讯行业,KCNNECTP.SPI,SPI
指数,KDDDPP,标普Kensho立体打印行业,KDDDPP.SPI,SPI
指数,KEVOLVEP,标普Kensho人类进化行业,KEVOLVEP.SPI,SPI
指数,KEVP,标普Kensho电动汽车行业全收益,KEVP.SPI,SPI
指数,KEVPR,标普Kensho电动汽车行业,KEVPR.SPI,SPI
指数,KEXPLORP,标普Kensho最终前沿,KEXPLORP.SPI,SPI
指数,KINFRAP,标普Kensho智能基础设施,KINFRAP.SPI,SPI
指数,KMAKEP,标普Kensho先进制造业,KMAKEP.SPI,SPI
指数,KNANOP,标普Kensho纳米科技行业,KNANOP.SPI,SPI
指数,KNESLXP,标普Kensho新经济精选,KNESLXP.SPI,SPI
指数,KNEXP,标普Kensho新经济综合,KNEXP.SPI,SPI
指数,KPOWERP,标普Kensho清洁电力,KPOWERP.SPI,SPI
指数,KSECUREP,标普Kensho未来安全,KSECUREP.SPI,SPI
指数,KTEAMP,标普Kensho企业合作行业,KTEAMP.SPI,SPI
指数,KVRP,标普Kensho虚拟实境行业,KVRP.SPI,SPI
指数,L,南华连乙烯指数,L.NH,NH
指数,L01140,H100能源人民币全收益,L01140.CSI,CSI
指数,L01141,H100材料人民币全收益,L01141.CSI,CSI
指数,L01142,H100工业人民币全收益,L01142.CSI,CSI
指数,L01143,H100可选(全)CNY,L01143.CSI,CSI
指数,L01144,H100消费(全)CNY,L01144.CSI,CSI
指数,L01145,H100医药人民币全收益,L01145.CSI,CSI
指数,L01146,H100金融人民币全收益,L01146.CSI,CSI
指数,L01147,H100信息(全)CNY,L01147.CSI,CSI
指数,L01148,H100电信(全)CNY,L01148.CSI,CSI
指数,L01149,H100公用人民币全收益,L01149.CSI,CSI
指数,L01150,CN80能源全收益,L01150.CSI,CSI
指数,L01151,CN80材料全收益,L01151.CSI,CSI
指数,L01152,CN80工业(全),L01152.CSI,CSI
指数,L01153,CN80可选(全),L01153.CSI,CSI
指数,L01154,CN80消费(全),L01154.CSI,CSI
指数,L01155,CN80医药(全),L01155.CSI,CSI
指数,L01156,CN80金融(全),L01156.CSI,CSI
指数,L01157,CN80信息(全),L01157.CSI,CSI
指数,L01158,CN80电信(全),L01158.CSI,CSI
指数,L01159,CN80公用(全),L01159.CSI,CSI
指数,L01160,C130能源(全),L01160.CSI,CSI
指数,L01161,C130材料(全),L01161.CSI,CSI
指数,L01162,C130工业(全),L01162.CSI,CSI
指数,L01163,C130可选(全),L01163.CSI,CSI
指数,L01164,C130消费(全),L01164.CSI,CSI
指数,L01165,C130医药(全),L01165.CSI,CSI
指数,L01166,C130金融(全),L01166.CSI,CSI
指数,L01167,C130信息(全),L01167.CSI,CSI
指数,L01168,C130电信(全),L01168.CSI,CSI
指数,L01169,C130公用(全),L01169.CSI,CSI
指数,L01170,C430能源(全),L01170.CSI,CSI
指数,L01171,C430材料(全),L01171.CSI,CSI
指数,L01172,C430工业(全),L01172.CSI,CSI
指数,L01173,C430可选(全),L01173.CSI,CSI
指数,L01174,C430消费(全),L01174.CSI,CSI
指数,L01175,C430医药(全),L01175.CSI,CSI
指数,L01176,C430金融(全),L01176.CSI,CSI
指数,L01177,C430信息(全),L01177.CSI,CSI
指数,L01178,C430电信(全),L01178.CSI,CSI
指数,L01179,C430公用(全),L01179.CSI,CSI
指数,L01180,H100能源全收益,L01180.CSI,CSI
指数,L01181,H100材料全收益,L01181.CSI,CSI
指数,L01182,H100工业全收益,L01182.CSI,CSI
指数,L01183,H100可选(全),L01183.CSI,CSI
指数,L01184,H100消费全收益,L01184.CSI,CSI
指数,L01185,H100医药全收益,L01185.CSI,CSI
指数,L01186,H100金融全收益,L01186.CSI,CSI
指数,L01187,H100信息(全),L01187.CSI,CSI
指数,L01188,H100电信(全),L01188.CSI,CSI
指数,L01189,H100公用全收益,L01189.CSI,CSI
指数,L01190,CN80能源(全)U,L01190.CSI,CSI
指数,L01191,US80材料全收益,L01191.CSI,CSI
指数,L01192,CN80工业(全)U,L01192.CSI,CSI
指数,L01193,CN80可选(全)U,L01193.CSI,CSI
指数,L01194,CN80消费(全)U,L01194.CSI,CSI
指数,L01195,CN80医药(全)U,L01195.CSI,CSI
指数,L01196,CN80金融(全)U,L01196.CSI,CSI
指数,L01197,CN80信息(全)U,L01197.CSI,CSI
指数,L01198,CN80电信(全)U,L01198.CSI,CSI
指数,L01199,CN80公用(全)U,L01199.CSI,CSI
指数,L01200,C130能源(全)U,L01200.CSI,CSI
指数,L01201,C130材料(全)USD,L01201.CSI,CSI
指数,L01202,C130工业(全)U,L01202.CSI,CSI
指数,L01203,C130可选(全)U,L01203.CSI,CSI
指数,L01204,C130消费(全)U,L01204.CSI,CSI
指数,L01205,C130医药(全)U,L01205.CSI,CSI
指数,L01206,C130金融(全)U,L01206.CSI,CSI
指数,L01207,C130信息(全)U,L01207.CSI,CSI
指数,L01208,C130电信(全)U,L01208.CSI,CSI
指数,L01209,C130公用(全)U,L01209.CSI,CSI
指数,L01210,C430能源(全)U,L01210.CSI,CSI
指数,L01211,C430材料(全)U,L01211.CSI,CSI
指数,L01212,C430工业(全)U,L01212.CSI,CSI
指数,L01213,C430可选(全)U,L01213.CSI,CSI
指数,L01214,C430消费(全)U,L01214.CSI,CSI
指数,L01215,C430医药(全)U,L01215.CSI,CSI
指数,L01216,C430金融(全)U,L01216.CSI,CSI
指数,L01217,C430信息(全)U,L01217.CSI,CSI
指数,L01218,C430电信(全)U,L01218.CSI,CSI
指数,L01219,C430公用(全)U,L01219.CSI,CSI
指数,L01220,中证H300能源全收益,L01220.CSI,CSI
指数,L01221,中证H300材料全收益,L01221.CSI,CSI
指数,L01222,中证H300工业全收益,L01222.CSI,CSI
指数,L01223,中证H300可选(全),L01223.CSI,CSI
指数,L01224,中证H300消费全收益,L01224.CSI,CSI
指数,L01226,中证H300金融全收益,L01226.CSI,CSI
指数,L01227,中证H300信息(全),L01227.CSI,CSI
指数,L01228,中证H300电信(全),L01228.CSI,CSI
指数,L01229,中证H300公用全收益,L01229.CSI,CSI
指数,L01230,中证H300能源人民币全收益,L01230.CSI,CSI
指数,L01231,中证H300材料人民币全收益,L01231.CSI,CSI
指数,L01232,中证H300工业人民币全收益,L01232.CSI,CSI
指数,L01233,中证H300可选(全)CNY,L01233.CSI,CSI
指数,L01234,中证H300消费(全)CNY,L01234.CSI,CSI
指数,L01236,中证H300金融人民币全收益,L01236.CSI,CSI
指数,L01237,中证H300信息(全)CNY,L01237.CSI,CSI
指数,L01238,中证H300电信(全)CNY,L01238.CSI,CSI
指数,L01239,中证H300公用人民币全收益,L01239.CSI,CSI
指数,L01501,300能源全收益,L01501.CSI,CSI
指数,L01502,300材料全收益,L01502.CSI,CSI
指数,L01503,300资本品全收益,L01503.CSI,CSI
指数,L01506,300汽车全收益,L01506.CSI,CSI
指数,L01507,300耐用与服装全收益,L01507.CSI,CSI
指数,L01509,300媒体全收益,L01509.CSI,CSI
指数,L01510,300零售全收益,L01510.CSI,CSI
指数,L01512,300食品饮料全收益,L01512.CSI,CSI
指数,L01515,300制药生物全收益,L01515.CSI,CSI
指数,L01518,300保险全收益,L01518.CSI,CSI
指数,L01520,300软件服务全收益,L01520.CSI,CSI
指数,L01521,300硬件全收益,L01521.CSI,CSI
指数,L01525,300公用全收益,L01525.CSI,CSI
指数,L01604,300建材全收益,L01604.CSI,CSI
指数,L01606,300金属与采矿全收益,L01606.CSI,CSI
指数,L01608,300国防全收益,L01608.CSI,CSI
指数,L01610,300建筑工程全收益,L01610.CSI,CSI
指数,L01613,300机械全收益,L01613.CSI,CSI
指数,L01617,300航空公司全收益,L01617.CSI,CSI
指数,L01618,300海运全收益,L01618.CSI,CSI
指数,L01620,300交通设施全收益,L01620.CSI,CSI
指数,L01621,300汽车配件全收益,L01621.CSI,CSI
指数,L01623,300家庭耐用全收益,L01623.CSI,CSI
指数,L01625,300纺织服装全收益,L01625.CSI,CSI
指数,L01634,300食品肉类全收益,L01634.CSI,CSI
指数,L01640,300制药全收益,L01640.CSI,CSI
指数,L01641,300商业银行全收益,L01641.CSI,CSI
指数,L01642,300综合金融服务全收益,L01642.CSI,CSI
指数,L01643,300资本市场全收益,L01643.CSI,CSI
指数,L01644,300保险全收益,L01644.CSI,CSI
指数,L01649,300电脑全收益,L01649.CSI,CSI
指数,L01655,300电力全收益,L01655.CSI,CSI
指数,L11140,H100能源人民币,L11140.CSI,CSI
指数,L11141,H100材料人民币,L11141.CSI,CSI
指数,L11142,H100工业人民币,L11142.CSI,CSI
指数,L11143,H100可选CNY,L11143.CSI,CSI
指数,L11144,H100消费人民币,L11144.CSI,CSI
指数,L11145,H100医药人民币,L11145.CSI,CSI
指数,L11146,H100金融人民币,L11146.CSI,CSI
指数,L11147,H100信息CNY,L11147.CSI,CSI
指数,L11148,H100电信CNY,L11148.CSI,CSI
指数,L11149,H100公用人民币,L11149.CSI,CSI
指数,L11150,CN80能源,L11150.CSI,CSI
指数,L11151,CN80材料,L11151.CSI,CSI
指数,L11152,CN80工业,L11152.CSI,CSI
指数,L11153,CN80可选,L11153.CSI,CSI
指数,L11154,CN80消费,L11154.CSI,CSI
指数,L11155,CN80医药,L11155.CSI,CSI
指数,L11156,CN80金融,L11156.CSI,CSI
指数,L11157,CN80信息,L11157.CSI,CSI
指数,L11158,CN80通信,L11158.CSI,CSI
指数,L11159,CN80公用,L11159.CSI,CSI
指数,L11160,C130能源,L11160.CSI,CSI
指数,L11161,C130材料,L11161.CSI,CSI
指数,L11162,C130工业,L11162.CSI,CSI
指数,L11163,C130可选,L11163.CSI,CSI
指数,L11164,C130消费,L11164.CSI,CSI
指数,L11165,C130医药,L11165.CSI,CSI
指数,L11166,C130金融,L11166.CSI,CSI
指数,L11167,C130信息,L11167.CSI,CSI
指数,L11168,C130通信,L11168.CSI,CSI
指数,L11169,C130公用,L11169.CSI,CSI
指数,L11170,C430能源,L11170.CSI,CSI
指数,L11171,C430材料,L11171.CSI,CSI
指数,L11172,C430工业,L11172.CSI,CSI
指数,L11173,C430可选,L11173.CSI,CSI
指数,L11174,C430消费,L11174.CSI,CSI
指数,L11175,C430医药,L11175.CSI,CSI
指数,L11176,C430金融,L11176.CSI,CSI
指数,L11177,C430信息,L11177.CSI,CSI
指数,L11178,C430通信,L11178.CSI,CSI
指数,L11179,C430公用,L11179.CSI,CSI
指数,L11180,H100能源,L11180.CSI,CSI
指数,L11181,H100材料,L11181.CSI,CSI
指数,L11182,H100工业,L11182.CSI,CSI
指数,L11183,H100可选,L11183.CSI,CSI
指数,L11184,H100消费,L11184.CSI,CSI
指数,L11185,H100医药,L11185.CSI,CSI
指数,L11186,H100金融,L11186.CSI,CSI
指数,L11187,H100信息,L11187.CSI,CSI
指数,L11188,H100通信,L11188.CSI,CSI
指数,L11189,H100公用,L11189.CSI,CSI
指数,L11190,CN80能源U,L11190.CSI,CSI
指数,L11191,US80材料,L11191.CSI,CSI
指数,L11192,CN80工业U,L11192.CSI,CSI
指数,L11193,CN80可选U,L11193.CSI,CSI
指数,L11194,CN80消费U,L11194.CSI,CSI
指数,L11195,CN80医药U,L11195.CSI,CSI
指数,L11196,CN80金融U,L11196.CSI,CSI
指数,L11197,CN80信息U,L11197.CSI,CSI
指数,L11198,CN80电信U,L11198.CSI,CSI
指数,L11199,CN80公用U,L11199.CSI,CSI
指数,L11200,C130能源U,L11200.CSI,CSI
指数,L11201,C130材料USD,L11201.CSI,CSI
指数,L11202,C130工业U,L11202.CSI,CSI
指数,L11203,C130可选U,L11203.CSI,CSI
指数,L11204,C130消费U,L11204.CSI,CSI
指数,L11205,C130医药U,L11205.CSI,CSI
指数,L11206,C130金融U,L11206.CSI,CSI
指数,L11207,C130信息U,L11207.CSI,CSI
指数,L11208,C130电信U,L11208.CSI,CSI
指数,L11209,C130公用U,L11209.CSI,CSI
指数,L11210,C430能源U,L11210.CSI,CSI
指数,L11211,C430材料U,L11211.CSI,CSI
指数,L11212,C430工业U,L11212.CSI,CSI
指数,L11213,C430可选U,L11213.CSI,CSI
指数,L11214,C430消费U,L11214.CSI,CSI
指数,L11215,C430医药U,L11215.CSI,CSI
指数,L11216,C430金融U,L11216.CSI,CSI
指数,L11217,C430信息U,L11217.CSI,CSI
指数,L11218,C430电信U,L11218.CSI,CSI
指数,L11219,C430公用U,L11219.CSI,CSI
指数,L11220,中证H300能源,L11220.CSI,CSI
指数,L11221,中证H300材料,L11221.CSI,CSI
指数,L11222,中证H300工业,L11222.CSI,CSI
指数,L11223,中证H300可选,L11223.CSI,CSI
指数,L11224,中证H300消费,L11224.CSI,CSI
指数,L11226,中证H300金融,L11226.CSI,CSI
指数,L11227,中证H300信息,L11227.CSI,CSI
指数,L11228,沪深H300通信,L11228.CSI,CSI
指数,L11229,中证H300公用,L11229.CSI,CSI
指数,L11230,中证H300能源人民币,L11230.CSI,CSI
指数,L11231,中证H300材料人民币,L11231.CSI,CSI
指数,L11232,中证H300工业人民币,L11232.CSI,CSI
指数,L11233,中证H300可选CNY,L11233.CSI,CSI
指数,L11234,中证H300消费人民币,L11234.CSI,CSI
指数,L11236,中证H300金融人民币,L11236.CSI,CSI
指数,L11237,中证H300信息CNY,L11237.CSI,CSI
指数,L11238,中证H300电信CNY,L11238.CSI,CSI
指数,L11239,中证H300公用人民币,L11239.CSI,CSI
指数,L11501,300能源,L11501.CSI,CSI
指数,L11502,沪深300化工,L11502.CSI,CSI
指数,L11503,300资本品,L11503.CSI,CSI
指数,L11506,300汽车,L11506.CSI,CSI
指数,L11507,300耐用与服装,L11507.CSI,CSI
指数,L11509,300媒体,L11509.CSI,CSI
指数,L11510,300零售,L11510.CSI,CSI
指数,L11512,300食品饮料,L11512.CSI,CSI
指数,L11515,300制药生物,L11515.CSI,CSI
指数,L11518,300保险,L11518.CSI,CSI
指数,L11520,沪深300计算机,L11520.CSI,CSI
指数,L11521,沪深300电子,L11521.CSI,CSI
指数,L11525,300公用,L11525.CSI,CSI
指数,L11604,300建材,L11604.CSI,CSI
指数,L11606,300金属与采矿,L11606.CSI,CSI
指数,L11608,300国防,L11608.CSI,CSI
指数,L11610,300建筑工程,L11610.CSI,CSI
指数,L11613,300机械,L11613.CSI,CSI
指数,L11617,沪深300航空运输,L11617.CSI,CSI
指数,L11618,沪深300运输业,L11618.CSI,CSI
指数,L11620,300交通设施,L11620.CSI,CSI
指数,L11621,300汽车配件,L11621.CSI,CSI
指数,L11623,沪深300耐用消费品,L11623.CSI,CSI
指数,L11625,300纺织服装,L11625.CSI,CSI
指数,L11634,沪深300食品,L11634.CSI,CSI
指数,L11640,300制药,L11640.CSI,CSI
指数,L11641,300商业银行,L11641.CSI,CSI
指数,L11642,300综合金融服务,L11642.CSI,CSI
指数,L11643,沪深300证券公司,L11643.CSI,CSI
指数,L11644,300保险,L11644.CSI,CSI
指数,L11649,300电脑,L11649.CSI,CSI
指数,L11655,300电力,L11655.CSI,CSI
指数,LC,南华碳酸锂指数,LC.NH,NH
指数,LH,南华生猪指数,LH.NH,NH
指数,LR,南华郑晚籼稻指数,LR.NH,NH
指数,LU,南华低硫燃油指数,LU.NH,NH
指数,LUNTUSLC,LuntCapital美国大盘股轮换全收益,LUNTUSLC.SPI,SPI
指数,M,南华连豆粕指数,M.NH,NH
指数,MA,南华甲醇指数,MA.NH,NH
指数,ME,南华郑甲醇指数,ME.NH,NH
指数,MOTHKDG,中华港股通护城河R,MOTHKDG.CNI,CNI
指数,MXCXBRV,MSCI Emerging Markets ex China Index,MXCXBRV.GI,GI
指数,N99001,三板成指全收益,N99001.CSI,CSI
指数,N99002,三板做市全收益,N99002.CSI,CSI
指数,NACEX,CIBC Atlas 清洁能源,NACEX.SPI,SPI
指数,NHAECI,南华经济作物指数,NHAECI.NH,NH
指数,NHAI,南华农产品指数,NHAI.NH,NH
指数,NHBMI,南华建材指数,NHBMI.NH,NH
指数,NHCCI,南华煤制化工指数,NHCCI.NH,NH
指数,NHCI,南华商品指数,NHCI.NH,NH
指数,NHCIMi,南华迷你综合指数,NHCIMi.NH,NH
指数,NHECI,南华能化指数,NHECI.NH,NH
指数,NHEI,南华能源指数,NHEI.NH,NH
指数,NHFI,南华黑色指数,NHFI.NH,NH
指数,NHFMI,南华黑色原材料指数,NHFMI.NH,NH
指数,NHII,南华工业品指数,NHII.NH,NH
指数,NHMI,南华金属指数,NHMI.NH,NH
指数,NHNFI,南华有色金属,NHNFI.NH,NH
指数,NHNMI,南华新材料指数,NHNMI.NH,NH
指数,NHOOI,南华油脂油料指数,NHOOI.NH,NH
指数,NHPCI,南华石油化工指数,NHPCI.NH,NH
指数,NHPMI,南华贵金属指数,NHPMI.NH,NH
指数,NHRECI,南华风险均衡商品指数,NHRECI.NH,NH
指数,NI,南华沪镍指数,NI.NH,NH
指数,NR,南华20号胶指数,NR.NH,NH
指数,OI,南华郑油指数,OI.NH,NH
指数,P,南华连棕油指数,P.NH,NH
指数,P1SGI,道琼斯亚太地区可持续发展,P1SGI.SPI,SPI
指数,P1SUS,道琼斯亚太地区可持续发展除酒精烟草赌博军火,P1SUS.SPI,SPI
指数,PB,南华沪铅指数,PB.NH,NH
指数,PELHKDG,中华港股通泛休闲娱乐R,PELHKDG.CNI,CNI
指数,PF,南华短纤指数,PF.NH,NH
指数,PG,南华LPG指数,PG.NH,NH
指数,PK,南华花生指数,PK.NH,NH
指数,PP,南华连聚丙烯指数,PP.NH,NH
指数,PR,南华瓶片指数,PR.NH,NH
指数,PSMHKDG,中华国证港股物业R,PSMHKDG.CNI,CNI
指数,PX,南华对二甲苯指数,PX.NH,NH
指数,RB,南华沪螺钢指数,RB.NH,NH
指数,RETHKDG,中华房地产信托基金R,RETHKDG.CNI,CNI
指数,REVWDIV,标普900股息收入加权指数,REVWDIV.SPI,SPI
指数,REVWL,标普500收入加权,REVWL.SPI,SPI
指数,REVWM,标普中盘400营收加权,REVWM.SPI,SPI
指数,RI,南华早稻指数,RI.NH,NH
指数,RM,南华郑菜籽粕指数,RM.NH,NH
指数,RO,南华郑菜油指数,RO.NH,NH
指数,RR,南华粳米指数,RR.NH,NH
指数,RS,南华郑油菜籽指数,RS.NH,NH
指数,RU,南华沪天胶指数,RU.NH,NH
指数,S5HCRT,S5HCRT Index,S5HCRT.SPI,SPI
指数,S5HTRR,S5HTRR Index,S5HTRR.SPI,SPI
指数,S5REDV,S5REDV Index,S5REDV.SPI,SPI
指数,S5REID,S5REID Index,S5REID.SPI,SPI
指数,S5REITS,S5REITS Index,S5REITS.SPI,SPI
指数,S5REOF,S5REOF Index,S5REOF.SPI,SPI
指数,S5RERE,S5RERE Index,S5RERE.SPI,SPI
指数,S5RERT,S5REIT Index,S5RERT.SPI,SPI
指数,S5RESP,55RESP Index,S5RESP.SPI,SPI
指数,S6FINL,标普小盘600金融,S6FINL.SPI,SPI
指数,S6HLTH,标普小盘600医疗保健,S6HLTH.SPI,SPI
指数,S6INDU,标普小盘600工业,S6INDU.SPI,SPI
指数,SA,南华纯碱指数,SA.NH,NH
指数,SAMAU,道琼斯澳大利亚可持续发展,SAMAU.SPI,SPI
指数,SBBMGLU,标普全球BMI,SBBMGLU.SPI,SPI
指数,SBPRGLU,标准普尔全球大中盘指数,SBPRGLU.SPI,SPI
指数,SC,南华原油指数,SC.NH,NH
指数,SCRTAE,标普新兴亚太BMI,SCRTAE.SPI,SPI
指数,SCRTEM,标普新兴市场BMI,SCRTEM.SPI,SPI
指数,SCRTWU,标普发达市场(除美国)BMI指数,SCRTWU.SPI,SPI
指数,SECBUP,标普新兴市场(除中国)BMI指数,SECBUP.SPI,SPI
指数,SF,南华郑硅铁指数,SF.NH,NH
指数,SH,南华烧碱指数,SH.NH,NH
指数,SHHKSI,沪港通AH股精明,SHHKSI.CSI,CSI
指数,SI,南华工业硅指数,SI.NH,NH
指数,SJXDR10T,标普/东证风险控制10%指数,SJXDR10T.SPI,SPI
指数,SJXDR15T,标普/东证风险控制15%指数,SJXDR15T.SPI,SPI
指数,SJXDR5T,标普/东证风险控制5%指数,SJXDR5T.SPI,SPI
指数,SM,南华郑锰硅指数,SM.NH,NH
指数,SN,南华沪锡指数,SN.NH,NH
指数,SP,南华纸浆指数,SP.NH,NH
指数,SP100,标普100,SP100.SPI,SPI
指数,SP1000,标普1000,SP1000.SPI,SPI
指数,SP1000G,标普1000成长指数,SP1000G.SPI,SPI
指数,SP1000PG,标普1000纯成长指数,SP1000PG.SPI,SPI
指数,SP1000PV,标普1000纯价值指数,SP1000PV.SPI,SPI
指数,SP1000V,标普1000价值指数,SP1000V.SPI,SPI
指数,SP1500,标普1500综合指数,SP1500.SPI,SPI
指数,SP1500G,标普1500综合成长指数,SP1500G.SPI,SPI
指数,SP1500PG,标普1500综合纯成长指数,SP1500PG.SPI,SPI
指数,SP1500PV,标普1500综合纯价值指数,SP1500PV.SPI,SPI
指数,SP1500V,标普1500综合价值指数,SP1500V.SPI,SPI
指数,SP15F3YP,标普/东证150无化石燃料指数,SP15F3YP.SPI,SPI
指数,SP400,标普400中盘指数,SP400.SPI,SPI
指数,SP400G,标普中盘400成长指数,SP400G.SPI,SPI
指数,SP400PG,标普中盘400纯成长指数,SP400PG.SPI,SPI
指数,SP400PV,标普中盘400纯价值指数,SP400PV.SPI,SPI
指数,SP400V,标普中盘400价值指数,SP400V.SPI,SPI
指数,SP4ESUP,标普中盘400可持续性筛选,SP4ESUP.SPI,SPI
指数,SP4GRPUP,标普中盘400GARP,SP4GRPUP.SPI,SPI
指数,SP4LVI,标普中型股400低波动率指数,SP4LVI.SPI,SPI
指数,SP500-1010,标普500能源行业指数,SP500-1010.SPI,SPI
指数,SP500-101010,标普500能源设备和服务行业指数,SP500-101010.SPI,SPI
指数,SP500-101020,标普500石油天然气和消耗性燃油行业指数,SP500-101020.SPI,SPI
指数,SP500-1010TR,标普500能源行业全收益指数,SP500-1010TR.SPI,SPI
指数,SP500-1510,标普500原材料行业指数,SP500-1510.SPI,SPI
指数,SP500-151010,标普500化学行业指数,SP500-151010.SPI,SPI
指数,SP500-151020,标普500建筑材料行业指数,SP500-151020.SPI,SPI
指数,SP500-151030,标普500容器和包装行业指数,SP500-151030.SPI,SPI
指数,SP500-151040,标普500金属和采矿行业指数,SP500-151040.SPI,SPI
指数,SP500-1510TR,标普500原材料行业全收益指数,SP500-1510TR.SPI,SPI
指数,SP500-2010,标普500生产资料行业指数,SP500-2010.SPI,SPI
指数,SP500-201010,标普500航空航天和国防行业指数,SP500-201010.SPI,SPI
指数,SP500-201020,标普500建筑产品行业指数,SP500-201020.SPI,SPI
指数,SP500-201030,标普500建筑工程行业指数,SP500-201030.SPI,SPI
指数,SP500-201040,标普500电气设备行业指数,SP500-201040.SPI,SPI
指数,SP500-201050,标普500工业集团行业指数,SP500-201050.SPI,SPI
指数,SP500-201060,标普500机械行业指数,SP500-201060.SPI,SPI
指数,SP500-2010TR,标普500生产资料行业全收益指数,SP500-2010TR.SPI,SPI
指数,SP500-2020,标普500商业和职业服务行业指数,SP500-2020.SPI,SPI
指数,SP500-202010,标普500商业服务和用品行业指数,SP500-202010.SPI,SPI
指数,SP500-202020,标普500职业服务行业指数,SP500-202020.SPI,SPI
指数,SP500-2020TR,标普500商业和职业服务行业全收益指数,SP500-2020TR.SPI,SPI
指数,SP500-2030,标普500交通行业指数,SP500-2030.SPI,SPI
指数,SP500-203010,标普500空运和物流行业指数,SP500-203010.SPI,SPI
指数,SP500-203020,标普500航空行业指数,SP500-203020.SPI,SPI
指数,SP500-203040,标普500公路和铁路行业指数,SP500-203040.SPI,SPI
指数,SP500-2030TR,标普500交通行业全收益指数,SP500-2030TR.SPI,SPI
指数,SP500-2510,标普500汽车和零部件行业指数,SP500-2510.SPI,SPI
指数,SP500-251010,标普500汽车零配件行业指数,SP500-251010.SPI,SPI
指数,SP500-251020,标普500汽车指数,SP500-251020.SPI,SPI
指数,SP500-2510TR,标普500汽车及零部件行业全收益指数,SP500-2510TR.SPI,SPI
指数,SP500-2520,标普500耐用消费品与服装行业指数,SP500-2520.SPI,SPI
指数,SP500-252010,标普500家庭耐用消费品行业指数,SP500-252010.SPI,SPI
指数,SP500-252020,标普500休闲设备与用品行业指数,SP500-252020.SPI,SPI
指数,SP500-252030,标普500纺织品服装与奢侈品行业指数,SP500-252030.SPI,SPI
指数,SP500-2520TR,标普500耐用消费品与服装行业全收益指数,SP500-2520TR.SPI,SPI
指数,SP500-2530,标普500消费者服务行业指数,SP500-2530.SPI,SPI
指数,SP500-253010,标普500酒店餐馆与休闲行业指数,SP500-253010.SPI,SPI
指数,SP500-253020,标普500多元化消费服务行业指数,SP500-253020.SPI,SPI
指数,SP500-2530TR,标普500消费者服务行业全收益指数,SP500-2530TR.SPI,SPI
指数,SP500-2550,标普500零售行业指数,SP500-2550.SPI,SPI
指数,SP500-255010,标普500经销商行业指数,SP500-255010.SPI,SPI
指数,SP500-255030,标普500多线零售行业指数,SP500-255030.SPI,SPI
指数,SP500-255040,标普500专营零售行业指数,SP500-255040.SPI,SPI
指数,SP500-2550TR,标普500零售行业全收益指数,SP500-2550TR.SPI,SPI
指数,SP500-3010,标普500食品与主要用品零售行业指数,SP500-3010.SPI,SPI
指数,SP500-301010,标普500食品和日用品零售行业指数,SP500-301010.SPI,SPI
指数,SP500-3010TR,标普500食品与主要用品零售行业全收益指数,SP500-3010TR.SPI,SPI
指数,SP500-3020,标普500食品饮料和烟草行业指数,SP500-3020.SPI,SPI
指数,SP500-302010,标普500饮料行业指数,SP500-302010.SPI,SPI
指数,SP500-302020,标普500食品产品行业指数,SP500-302020.SPI,SPI
指数,SP500-3020TR,标普500食品饮料和烟草行业全收益指数,SP500-3020TR.SPI,SPI
指数,SP500-3030,标普500家庭和个人用品行业指数,SP500-3030.SPI,SPI
指数,SP500-303010,标普500家庭消费品行业指数,SP500-303010.SPI,SPI
指数,SP500-303020,标普500个人用品行业指数,SP500-303020.SPI,SPI
指数,SP500-3030TR,标普500家庭和个人用品行业全收益指数,SP500-3030TR.SPI,SPI
指数,SP500-3510,标普500医疗保健器械和服务行业指数,SP500-3510.SPI,SPI
指数,SP500-351010,标普500医疗保健设备行业指数,SP500-351010.SPI,SPI
指数,SP500-351020,标普500医疗保健供应商和服务行业指数,SP500-351020.SPI,SPI
指数,SP500-351030,标普500医疗保健行业指数,SP500-351030.SPI,SPI
指数,SP500-3510TR,标普500医疗保健器械和服务行业全收益指数,SP500-3510TR.SPI,SPI
指数,SP500-3520,标普500药物生物技术和生命科学行业指数,SP500-3520.SPI,SPI
指数,SP500-352010,标普500生物技术行业指数,SP500-352010.SPI,SPI
指数,SP500-352020,标普500药物行业指数,SP500-352020.SPI,SPI
指数,SP500-352030,标普500生命科学工具和服务行业指数,SP500-352030.SPI,SPI
指数,SP500-3520TR,标普500药物生物技术和生命科学行业全收益指数,SP500-3520TR.SPI,SPI
指数,SP500-4010,标普500银行行业指数,SP500-4010.SPI,SPI
指数,SP500-401010,标普500银行行业指数,SP500-401010.SPI,SPI
指数,SP500-4010TR,标普500银行行业全收益指数,SP500-4010TR.SPI,SPI
指数,SP500-4020,标普500多元化金融行业指数,SP500-4020.SPI,SPI
指数,SP500-402010,标普500多元化金融服务行业指数,SP500-402010.SPI,SPI
指数,SP500-402020,标普500消费金融行业指数,SP500-402020.SPI,SPI
指数,SP500-402030,标普500资本市场行业指数,SP500-402030.SPI,SPI
指数,SP500-4020TR,标普500多元化金融行业全收益指数,SP500-4020TR.SPI,SPI
指数,SP500-4030,标普500保险行业指数,SP500-4030.SPI,SPI
指数,SP500-403010,标普500保险行业指数,SP500-403010.SPI,SPI
指数,SP500-4030TR,标普500保险行业全收益指数,SP500-4030TR.SPI,SPI
指数,SP500-4510,标普500软件和服务行业指数,SP500-4510.SPI,SPI
指数,SP500-451010,标普500互联网软件和服务行业指数,SP500-451010.SPI,SPI
指数,SP500-451020,标普500IT服务行业指数,SP500-451020.SPI,SPI
指数,SP500-451030,标普500软件行业指数,SP500-451030.SPI,SPI
指数,SP500-4510TR,标普500软件和服务行业全收益指数,SP500-4510TR.SPI,SPI
指数,SP500-4520,标普500计算机硬件和设备行业指数,SP500-4520.SPI,SPI
指数,SP500-452010,标普500通讯设备行业指数,SP500-452010.SPI,SPI
指数,SP500-452020,标普500技术硬件存储和周边设备行业指数,SP500-452020.SPI,SPI
指数,SP500-452030,标普500电子设备仪器和零件行业指数,SP500-452030.SPI,SPI
指数,SP500-4520TR,标普500计算机硬件和设备行业全收益指数,SP500-4520TR.SPI,SPI
指数,SP500-4530,标普500半导体和半导体设备行业指数,SP500-4530.SPI,SPI
指数,SP500-453010,标普500半导体和半导体设备行业指数,SP500-453010.SPI,SPI
指数,SP500-4530TR,标普500半导体和半导体设备行业全收益指数,SP500-4530TR.SPI,SPI
指数,SP500-5010,标普500通讯服务行业指数,SP500-5010.SPI,SPI
指数,SP500-501010,标普500多元化通讯服务行业指数,SP500-501010.SPI,SPI
指数,SP500-5010TR,标普500通讯服务行业全收益指数,SP500-5010TR.SPI,SPI
指数,SP500-5020,标普500媒体与娱乐行业指数,SP500-5020.SPI,SPI
指数,SP500-502010,标普500媒体行业指数,SP500-502010.SPI,SPI
指数,SP500-5020TR,标普500媒体与娱乐行业全收益指数,SP500-5020TR.SPI,SPI
指数,SP500-5510,标普500公用事业行业指数,SP500-5510.SPI,SPI
指数,SP500-551010,标普500电力公用事业行业指数,SP500-551010.SPI,SPI
指数,SP500-551030,标普500多元公共事业行业指数,SP500-551030.SPI,SPI
指数,SP500-551050,标普500清洁和可再生电力行业指数,SP500-551050.SPI,SPI
指数,SP500-5510TR,标普500公用事业行业全收益指数,SP500-5510TR.SPI,SPI
指数,SP500-6010,标普500房地产行业指数,SP500-6010.SPI,SPI
指数,SP500-601010,标普500多元化REIT行业指数,SP500-601010.SPI,SPI
指数,SP500-6010TR,标普500房地产行业全收益指数,SP500-6010TR.SPI,SPI
指数,SP500-602010,标普500房地产管理和发展行业指数,SP500-602010.SPI,SPI
指数,SP500,标普500,SP500.SPI,SPI
指数,SP500DCC,标普500每日覆盖式看涨期权,SP500DCC.SPI,SPI
指数,SP500EW-10,标普500等权重能源行业,SP500EW-10.SPI,SPI
指数,SP500EW-15,标普500等权重材料行业,SP500EW-15.SPI,SPI
指数,SP500EW-20,标普500等权重工业行业,SP500EW-20.SPI,SPI
指数,SP500EW-25,标普500等权重可选消费行业,SP500EW-25.SPI,SPI
指数,SP500EW-30,标普500等权重日常消费品行业,SP500EW-30.SPI,SPI
指数,SP500EW-35,标普500等权重医疗保健行业,SP500EW-35.SPI,SPI
指数,SP500EW-40,标普500等权重金融行业,SP500EW-40.SPI,SPI
指数,SP500EW-45,标普500等权重信息技术行业,SP500EW-45.SPI,SPI
指数,SP500EW-50,标普500等权重通讯服务,SP500EW-50.SPI,SPI
指数,SP500EW-55,标普500等权重公用事业行业,SP500EW-55.SPI,SPI
指数,SP500EW,标普500等权重指数,SP500EW.SPI,SPI
指数,SP500G,标普500成长指数,SP500G.SPI,SPI
指数,SP500HBETA,标普500高贝塔指数,SP500HBETA.SPI,SPI
指数,SP500INV,标普500反向指数,SP500INV.SPI,SPI
指数,SP500LVOL,标普500低波动率指数,SP500LVOL.SPI,SPI
指数,SP500MUP,标普500动量,SP500MUP.SPI,SPI
指数,SP500NTR,标普500净收益指数,SP500NTR.SPI,SPI
指数,SP500NTR2XL,标普500单日正向2倍指数,SP500NTR2XL.SPI,SPI
指数,SP500PG,标普500纯成长指数,SP500PG.SPI,SPI
指数,SP500PV,标普500纯价值指数,SP500PV.SPI,SPI
指数,SP500SH,标普500伊斯兰教法指数,SP500SH.SPI,SPI
指数,SP500TLIT,标普500电信和IT指数,SP500TLIT.SPI,SPI
指数,SP500TR,标普500全收益指数,SP500TR.SPI,SPI
指数,SP500TR2XI,标普500单日反向2倍指数,SP500TR2XI.SPI,SPI
指数,SP500V,标普500价值指数,SP500V.SPI,SPI
指数,SP50PAUP,标普500净零2050巴黎协定一致ESG指数,SP50PAUP.SPI,SPI
指数,SP520,标普500O-Strip指数,SP520.SPI,SPI
指数,SP5CSSUP,标普500消费精选,SP5CSSUP.SPI,SPI
指数,SP5ECMUP,标普500经济护城河,SP5ECMUP.SPI,SPI
指数,SP5ECMUT,标普500经济护城河总回报指数,SP5ECMUT.SPI,SPI
指数,SP5ESUP,标普500可持续性筛选,SP5ESUP.SPI,SPI
指数,SP5F3UP,标普500无化石燃料,SP5F3UP.SPI,SPI
指数,SP5HPEUP,标普500净零2050巴黎协定一致ESG+指数,SP5HPEUP.SPI,SPI
指数,SP5LVEUN,标普500低波动率增强净收益指数,SP5LVEUN.SPI,SPI
指数,SP5LVEUP,标普500低波动率增强指数,SP5LVEUP.SPI,SPI
指数,SP5LVEUT,标普500低波动率增强全收益指数,SP5LVEUT.SPI,SPI
指数,SP5LVHD,标普500低波红利指数,SP5LVHD.SPI,SPI
指数,SP5LVHDN,标普500低波红利净收益指数,SP5LVHDN.SPI,SPI
指数,SP5LVHEN,标普500低波动率净收益指数(欧元对冲),SP5LVHEN.SPI,SPI
指数,SP5LVHEP,标普500低波动率指数(欧元对冲),SP5LVHEP.SPI,SPI
指数,SP5LVHET,标普500低波动率全收益指数(欧元对冲),SP5LVHET.SPI,SPI
指数,SP5LVIN,标普500低波动率净收益指数,SP5LVIN.SPI,SPI
指数,SP5LVIT,标普500低波动率全收益指数,SP5LVIT.SPI,SPI
指数,SP5LVRUN,标普500低波动率利率响应净收益指数(美元),SP5LVRUN.SPI,SPI
指数,SP5LVRUP,标普500低波动率利率响应指数(美元),SP5LVRUP.SPI,SPI
指数,SP5LVRUT,标普500低波动率利率响应全收益指数(美元),SP5LVRUT.SPI,SPI
指数,SP5MV,标普500最小波动率指数,SP5MV.SPI,SPI
指数,SP5QFAUP,标普500优质自由现金流精选指数,SP5QFAUP.SPI,SPI
指数,SP5T5,标普500前50指数,SP5T5.SPI,SPI
指数,SP5T5T,标普500前50全收益指数,SP5T5T.SPI,SPI
指数,SP5XHCUP,标普500除医疗保健指数,SP5XHCUP.SPI,SPI
指数,SP600,标普600小盘指数,SP600.SPI,SPI
指数,SP600G,标普小盘600成长指数,SP600G.SPI,SPI
指数,SP600PG,标普小盘600纯成长指数,SP600PG.SPI,SPI
指数,SP600PV,标普小盘600纯价值指数,SP600PV.SPI,SPI
指数,SP600V,标普小盘600价值指数,SP600V.SPI,SPI
指数,SP6ESUP,标普小盘600可持续发展筛选,SP6ESUP.SPI,SPI
指数,SP6GRPUP,标普小盘600GARP,SP6GRPUP.SPI,SPI
指数,SP6LVI,标普小盘600低波动率,SP6LVI.SPI,SPI
指数,SP6QUP,标普小盘600质量,SP6QUP.SPI,SPI
指数,SP900,标普900,SP900.SPI,SPI
指数,SP900G,标普900成长指数,SP900G.SPI,SPI
指数,SP900PG,标普900纯成长指数,SP900PG.SPI,SPI
指数,SP900PV,标普900纯价值指数,SP900PV.SPI,SPI
指数,SP900V,标普900价值指数,SP900V.SPI,SPI
指数,SP9BKCUP,标普900银行(行业)7/4上限指数,SP9BKCUP.SPI,SPI
指数,SPACEVCP,标普沪港深中国增强价值(人民币),SPACEVCP.SPI,SPI
指数,SPACEVCT,标普沪港深中国增强价值全收益(人民币),SPACEVCT.SPI,SPI
指数,SPACVPCP,标普沪港深增强价值指数(人民币中间价),SPACVPCP.SPI,SPI
指数,SPACVPCT,标普沪港深增强价值指数全(人民币中间价),SPACVPCT.SPI,SPI
指数,SPAEDOUP,标普泛亚洲道德精选股息机会指数,SPAEDOUP.SPI,SPI
指数,SPAGREDP,标普全球农业企业指数,SPAGREDP.SPI,SPI
指数,SPAGREDT,标普全球农业企业全收益指数,SPAGREDT.SPI,SPI
指数,SPAHCFHP,标普港股通自由现金流50(港币),SPAHCFHP.SPI,SPI
指数,SPAHCFHT,标普港股通自由现金流50全收益(港币),SPAHCFHT.SPI,SPI
指数,SPAHLVCP,标普港股通低波红利指数,SPAHLVCP.SPI,SPI
指数,SPAHLVCT,标普港股通低波红利全收益指数,SPAHLVCT.SPI,SPI
指数,SPAHLVHP,标普港股通低波红利指数(港币),SPAHLVHP.SPI,SPI
指数,SPAHLVHT,标普港股通低波红利全收益指数(港币),SPAHLVHT.SPI,SPI
指数,SPALLASX50,标普澳交所全澳50指数,SPALLASX50.SPI,SPI
指数,SPASIA50,标准普尔亚洲50指数,SPASIA50.SPI,SPI
指数,SPASX50,标普澳交所50指数,SPASX50.SPI,SPI
指数,SPATAEUP,标普亚洲替代能源指数,SPATAEUP.SPI,SPI
指数,SPAU,标普泛亚BMI,SPAU.SPI,SPI
指数,SPBCAXUSD,标准普尔BMI泛亚(除日本和台湾)指数,SPBCAXUSD.SPI,SPI
指数,SPBCDXUSD,标准普尔BMI泛亚发达市场(除日本)指数,SPBCDXUSD.SPI,SPI
指数,SPBCEMUSD,标普BMI新兴指数,SPBCEMUSD.SPI,SPI
指数,SPBCGLUSD,标普BMI全球指数,SPBCGLUSD.SPI,SPI
指数,SPBCHKUSD,标准普尔BMI中国及香港指数,SPBCHKUSD.SPI,SPI
指数,SPBCLHUSD,标准普尔BMI香港上市中国企业指数,SPBCLHUSD.SPI,SPI
指数,SPBCWDUSD,标普BMI世界指数,SPBCWDUSD.SPI,SPI
指数,SPBCXSUSD,标准普尔BMI中国(除AB股)指数,SPBCXSUSD.SPI,SPI
指数,SPBCXTUSD,标准普尔BMI大中华区(除台湾上市)指数,SPBCXTUSD.SPI,SPI
指数,SPBMGUU,标普全球除美国房地产,SPBMGUU.SPI,SPI
指数,SPBRIC,标普金砖国家40指数,SPBRIC.SPI,SPI
指数,SPBRICNTR,标普金砖国家40净收益指数,SPBRICNTR.SPI,SPI
指数,SPBTC,标准普尔比特币指数,SPBTC.SPI,SPI
指数,SPBTCFU,标普CME比特币期货,SPBTCFU.SPI,SPI
指数,SPBTCFUE,标普比特币期货指数(超额收益),SPBTCFUE.SPI,SPI
指数,SPBUYUP,标普500回购指数,SPBUYUP.SPI,SPI
指数,SPC300,标普中国A300,SPC300.SPI,SPI
指数,SPC30010,标普中国A300能源,SPC30010.SPI,SPI
指数,SPC30015,标普中国A300原材料,SPC30015.SPI,SPI
指数,SPC30020,标普中国A300工业,SPC30020.SPI,SPI
指数,SPC30025,标普中国A300可选消费,SPC30025.SPI,SPI
指数,SPC30030,标普中国A300日常消费品,SPC30030.SPI,SPI
指数,SPC30035,标普中国A300医疗保健,SPC30035.SPI,SPI
指数,SPC30040,标普中国A300金融,SPC30040.SPI,SPI
指数,SPC30045,标普中国A300信息技术,SPC30045.SPI,SPI
指数,SPC30050,标普中国A300通讯服务,SPC30050.SPI,SPI
指数,SPC30055,标普中国A300公用事业,SPC30055.SPI,SPI
指数,SPC30060,标普中国A300房地产,SPC30060.SPI,SPI
指数,SPC300UP,标普中国A300(美元),SPC300UP.SPI,SPI
指数,SPC50,标普中国A50,SPC50.SPI,SPI
指数,SPC500CP,标普中国500指数(CNY),SPC500CP.SPI,SPI
指数,SPC500UP,标普中国500指数(USD),SPC500UP.SPI,SPI
指数,SPC6LHUP,标普小盘600低波动率高股息,SPC6LHUP.SPI,SPI
指数,SPCALHCP,标普中国A股低波红利,SPCALHCP.SPI,SPI
指数,SPCAM5CP,标普中国A中盘500(人民币),SPCAM5CP.SPI,SPI
指数,SPCAM5UP,标普中国A中盘500(美元),SPCAM5UP.SPI,SPI
指数,SPCBMICCNUSD,标普中国BMI,SPCBMICCNUSD.SPI,SPI
指数,SPCBMIREUUSD,标普欧洲BMI,SPCBMIREUUSD.SPI,SPI
指数,SPCBMIRWDUSD1,标普发达市场BMI,SPCBMIRWDUSD1.SPI,SPI
指数,SPCC10,标普加密货币前10名等权重,SPCC10.SPI,SPI
指数,SPCESGGN,STOXX邮银中国A股ESG全收益(人民币),SPCESGGN.DF,DF
指数,SPCHCJP,东证/标普资本支出与人力资本指数,SPCHCJP.SPI,SPI
指数,SPCHCJT,东证/标普资本支出与人力资本全收益指数,SPCHCJT.SPI,SPI
指数,SPCHGCHN,标普中银香港中国香港大湾区净零2050气候转型指数(净总收益),SPCHGCHN.SPI,SPI
指数,SPCHGCHP,标普中银香港中国香港大湾区净零2050气候转型指数,SPCHGCHP.SPI,SPI
指数,SPCLLHCP,标普中国A股大盘红利低波50,SPCLLHCP.SPI,SPI
指数,SPCLLHCT,标普中国A股大盘红利低波50指数全收益,SPCLLHCT.SPI,SPI
指数,SPCLVTUP,标普1500低估值倾斜,SPCLVTUP.SPI,SPI
指数,SPCMC,标准普尔加密货币大市值指数,SPCMC.SPI,SPI
指数,SPCMCFU,标普加密货币超大市值期货指数,SPCMCFU.SPI,SPI
指数,SPCMI,标普综合,SPCMI.SPI,SPI
指数,SPCPAG,标普大宗商品生产商农业综合企业指数,SPCPAG.SPI,SPI
指数,SPCPG,标普黄金生产商,SPCPG.SPI,SPI
指数,SPCPMTUP,标普1500正动量倾斜指数,SPCPMTUP.SPI,SPI
指数,SPCPOG,标普大宗商品生产商油气勘探与开采指数,SPCPOG.SPI,SPI
指数,SPDAUDP,标普500分红贵族,SPDAUDP.SPI,SPI
指数,SPDBADUP,标普发达市场BMI精选航空航天与国防35/20上限指数,SPDBADUP.SPI,SPI
指数,SPDEEDUP,标普发达市场ESG股息贵族指数,SPDEEDUP.SPI,SPI
指数,SPDEUU2B,标普发达市场除美国小型股指数,SPDEUU2B.SPI,SPI
指数,SPDIGIUP,"标普数据中心,塔式房地产投资信托和通信设备",SPDIGIUP.SPI,SPI
指数,SPDIGIUT,标普数据中心、塔式REIT及通信设备总回报指数,SPDIGIUT.SPI,SPI
指数,SPDLQVUP,"标普500质量,价值与动量前90%多因子",SPDLQVUP.SPI,SPI
指数,SPDMQVUP,"标普中盘400质量,价值与动量前90%多因子",SPDMQVUP.SPI,SPI
指数,SPDQFAUP,标普发达市场质量自由现金流贵族指数,SPDQFAUP.SPI,SPI
指数,SPDSQVUP,"标普小盘600质量,价值与动量前90%多因子",SPDSQVUP.SPI,SPI
指数,SPDUESUN,标普发达市场(除美国)及新兴市场50/50伊斯兰指数净总回报,SPDUESUN.SPI,SPI
指数,SPDUESUP,标普DM除美国及新兴市场50/50伊斯兰,SPDUESUP.SPI,SPI
指数,SPDUKMUP,标普全球除美国市场动量,SPDUKMUP.SPI,SPI
指数,SPDV5UP,标普500股息和自由现金流收益率,SPDV5UP.SPI,SPI
指数,SPDYCI,标普GSCI动态展期策略全收益指数,SPDYCI.SPI,SPI
指数,SPE350,标普欧洲350指数,SPE350.SPI,SPI
指数,SPEEHDUP,标普ESG精英高收益股息贵族指数,SPEEHDUP.SPI,SPI
指数,SPEHDFUP,标普高收益股息贵族筛选FMC加权指数,SPEHDFUP.SPI,SPI
指数,SPEHYDUP,标普高收益股息贵族筛选指数,SPEHYDUP.SPI,SPI
指数,SPEKCVUP,标普发达市场天主教价值观(除美国以外),SPEKCVUP.SPI,SPI
指数,SPEL75UP,标普欧洲75,SPEL75UP.SPI,SPI
指数,SPEMDA,标普新兴市场高收益股息贵族指数,SPEMDA.SPI,SPI
指数,SPEMDVUP,标普新兴市场股息及自由现金流收益率指数,SPEMDVUP.SPI,SPI
指数,SPEMLVUP,标普BMI新兴市场低波动率,SPEMLVUP.SPI,SPI
指数,SPEMPMUP,标普动量新兴加大型中型股指数,SPEMPMUP.SPI,SPI
指数,SPEPABEP,标普欧元区大盘中盘净零2050巴黎协定ESG指数,SPEPABEP.SPI,SPI
指数,SPERSCUP,标普全球所有股权房地产投资信托(符合伊斯兰教法)上限指数,SPERSCUP.SPI,SPI
指数,SPETH,标准普尔以太坊指数,SPETH.SPI,SPI
指数,SPEUHDA,标普欧洲高收益股息贵族指数,SPEUHDA.SPI,SPI
指数,SPEUPAEP,标普欧洲大盘中盘净零2050巴黎协定ESG指数,SPEUPAEP.SPI,SPI
指数,SPEUROPL,标普欧元+指数,SPEUROPL.SPI,SPI
指数,SPEUROPL10,标普欧元区精选能源行业,SPEUROPL10.SPI,SPI
指数,SPEUROPL15,标普欧元区精选原材料行业,SPEUROPL15.SPI,SPI
指数,SPEUROPL20,标普欧元区精选工业行业,SPEUROPL20.SPI,SPI
指数,SPEUROPL25,标普欧元区精选可选消费行业,SPEUROPL25.SPI,SPI
指数,SPEUROPL30,标普欧元区精选日常消费品行业,SPEUROPL30.SPI,SPI
指数,SPEUROPL35,标普欧元区精选医疗保健行业,SPEUROPL35.SPI,SPI
指数,SPEUROPL40,标普欧元区精选金融行业,SPEUROPL40.SPI,SPI
指数,SPEUROPL45,标普欧元区精选信息技术行业,SPEUROPL45.SPI,SPI
指数,SPEUROPL50,标普欧元区精选通讯服务行业,SPEUROPL50.SPI,SPI
指数,SPEUROPL55,标普欧元区精选公用事业行业,SPEUROPL55.SPI,SPI
指数,SPEUROPL60,标普欧元区精选房地产行业,SPEUROPL60.SPI,SPI
指数,SPEUU2B,标普新兴市场小型股指数,SPEUU2B.SPI,SPI
指数,SPEXUKEP,标普欧洲(除英国)大盘中盘指数,SPEXUKEP.SPI,SPI
指数,SPG100,标普全球100指数,SPG100.SPI,SPI
指数,SPG1200,标普全球1200指数,SPG1200.SPI,SPI
指数,SPG120010,标普全球1200能源行业,SPG120010.SPI,SPI
指数,SPG120015,标普全球1200材料行业,SPG120015.SPI,SPI
指数,SPG120020,标普全球1200工业行业,SPG120020.SPI,SPI
指数,SPG120025,标普全球1200可选消费行业,SPG120025.SPI,SPI
指数,SPG120030,标普全球1200日常消费品行业,SPG120030.SPI,SPI
指数,SPG120035,标普全球1200医疗保健行业,SPG120035.SPI,SPI
指数,SPG120040,标普全球1200金融行业,SPG120040.SPI,SPI
指数,SPG120045,标普全球1200信息技术行业,SPG120045.SPI,SPI
指数,SPG120050,标普全球1200通讯服务行业,SPG120050.SPI,SPI
指数,SPG120055,标普全球1200公用事业行业,SPG120055.SPI,SPI
指数,SPG120060,标普全球1200房地产行业,SPG120060.SPI,SPI
指数,SPG1200XJ,标普全球1200指数（日本除外）,SPG1200XJ.SPI,SPI
指数,SPG25CUP,标普全球1200消费者非必需品(行业)上限,SPG25CUP.SPI,SPI
指数,SPG30CUP,标普全球1200必需消费品(行业)上限指数,SPG30CUP.SPI,SPI
指数,SPG55CUP,标普全球1200公用事业(行业)上限,SPG55CUP.SPI,SPI
指数,SPGBMUP,标普全球核心电池金属,SPGBMUP.SPI,SPI
指数,SPGDAUP,标普全球股息贵族,SPGDAUP.SPI,SPI
指数,SPGEIFD,标普新兴市场基础设施指数,SPGEIFD.SPI,SPI
指数,SPGENCUP,标普全球1200能源4.5/22.5/45上限,SPGENCUP.SPI,SPI
指数,SPGITCUP,标普全球1200信息技术4.5/22.5/45上限,SPGITCUP.SPI,SPI
指数,SPGLGCN,全球高端消费品净价全收益(CNY),SPGLGCN.SPI,SPI
指数,SPGLGCP,全球高端消费品(CNY),SPGLGCP.SPI,SPI
指数,SPGLGCT,全球高端消费品全收益(CNY),SPGLGCT.SPI,SPI
指数,SPGLGEN,全球高端消费品净价全收益(EUR),SPGLGEN.SPI,SPI
指数,SPGLGEP,全球高端消费品(EUR),SPGLGEP.SPI,SPI
指数,SPGLGET,全球高端消费品全收益(EUR),SPGLGET.SPI,SPI
指数,SPGLGUN,全球高端消费品净价全收益,SPGLGUN.SPI,SPI
指数,SPGLGUP,全球高端消费品,SPGLGUP.SPI,SPI
指数,SPGLGUT,全球高端消费品全收益,SPGLGUT.SPI,SPI
指数,SPGNAUP,标普全球自然资源农业指数,SPGNAUP.SPI,SPI
指数,SPGNEUP,标普全球自然资源能源指数,SPGNEUP.SPI,SPI
指数,SPGNMUP,标普全球自然资源金属和矿业指数,SPGNMUP.SPI,SPI
指数,SPGNRUP,标普全球自然资源,SPGNRUP.SPI,SPI
指数,SPGNRUT,标普全球自然资源净总回报指数,SPGNRUT.SPI,SPI
指数,SPGOGUP,标普全球石油指数,SPGOGUP.SPI,SPI
指数,SPGRSEU,标普全球精选自然资源等权重,SPGRSEU.SPI,SPI
指数,SPGSCIECLP,标普高盛原油增强(超额收益),SPGSCIECLP.SPI,SPI
指数,SPGSSINR,标普北美自然资源行业,SPGSSINR.SPI,SPI
指数,SPGSTISO,标普北美科技软件,SPGSTISO.SPI,SPI
指数,SPGTAE,标普全球替代能源指数,SPGTAE.SPI,SPI
指数,SPGTAQUA,标普全球水资源指数,SPGTAQUA.SPI,SPI
指数,SPGTCLEN,标普全球清洁能源指数,SPGTCLEN.SPI,SPI
指数,SPGTDOU,标普国际股息机会,SPGTDOU.SPI,SPI
指数,SPGTECOL,标普全球生态指数,SPGTECOL.SPI,SPI
指数,SPGTEDUP,标普新兴市场红利机会,SPGTEDUP.SPI,SPI
指数,SPGTINFR,标普全球基础设施指数,SPGTINFR.SPI,SPI
指数,SPGTNE,标普全球核能指数,SPGTNE.SPI,SPI
指数,SPGTTF,标普全球木材和林业指数,SPGTTF.SPI,SPI
指数,SPGUDAUP,标普国际股息贵族,SPGUDAUP.SPI,SPI
指数,SPHCMSHP,标普香港上市中国中小盘精选指数,SPHCMSHP.SPI,SPI
指数,SPHKG,标普香港创业板,SPHKG.SPI,SPI
指数,SPHKL,标普香港大型股,SPHKL.SPI,SPI
指数,SPHYARUP,标普高收益亚太地区(新西兰除外)房地产投资信托精选指数,SPHYARUP.SPI,SPI
指数,SPHYDA,标普高股息贵族指数,SPHYDA.SPI,SPI
指数,SPHYDATR,标普高股息贵族全收益指数,SPHYDATR.SPI,SPI
指数,SPIDLVUP,标普BMI国际发达市场低波动率,SPIDLVUP.SPI,SPI
指数,SPINT,标普国际700指数,SPINT.SPI,SPI
指数,SPJ,标普日本500,SPJ.SPI,SPI
指数,SPJMID,标普日本中盘100,SPJMID.SPI,SPI
指数,SPJPCEJP,标普/东证碳效率指数,SPJPCEJP.SPI,SPI
指数,SPJPCEJT,标普/东证碳效率全收益,SPJPCEJT.SPI,SPI
指数,SPJPEAJP,标普/东证500ESG评分倾斜(1.0)指数,SPJPEAJP.SPI,SPI
指数,SPJPEHJP,标普/东证500ESG评分倾斜(2.0)指数,SPJPEHJP.SPI,SPI
指数,SPJPELJP,标普/东证500ESG评分倾斜(0.25)指数,SPJPELJP.SPI,SPI
指数,SPJPEMJP,标普/东证500ESG评分倾斜(0.5)指数,SPJPEMJP.SPI,SPI
指数,SPJRTPJP,标普日本区域-东海地区,SPJRTPJP.SPI,SPI
指数,SPJSML,标普日本小盘250,SPJSML.SPI,SPI
指数,SPJXDAJP,标普/东证股息贵族指数,SPJXDAJP.SPI,SPI
指数,SPKMOVE,标普肯肖智能交通,SPKMOVE.SPI,SPI
指数,SPLAC,标普拉丁美洲40指数,SPLAC.SPI,SPI
指数,SPLAC10,标普拉丁美洲40能源指数,SPLAC10.SPI,SPI
指数,SPLAC15,标普拉丁美洲40材料指数,SPLAC15.SPI,SPI
指数,SPLAC20,标普拉丁美洲40工业指数,SPLAC20.SPI,SPI
指数,SPLAC25,标普拉丁美洲40可选消费指数,SPLAC25.SPI,SPI
指数,SPLAC30,标普拉丁美洲40日常消费指数,SPLAC30.SPI,SPI
指数,SPLAC40,标普拉丁美洲40金融指数,SPLAC40.SPI,SPI
指数,SPLAC50,标普拉丁美洲40通讯服务指数,SPLAC50.SPI,SPI
指数,SPLAC55,标普拉丁美洲40公用事业指数,SPLAC55.SPI,SPI
指数,SPLSALP,标准普尔合并套利指数,SPLSALP.SPI,SPI
指数,SPMDC26,标普免税市政可赎回调整2026年12月指数,SPMDC26.SPI,SPI
指数,SPMDC26T,标普AMT免费市政系列可调整因子2026指数,SPMDC26T.SPI,SPI
指数,SPMDC27,标普免替代性最低税市政债券系列可赎回调整2027年12月指数,SPMDC27.SPI,SPI
指数,SPMDC27T,标普AMT免费市政系列可调整因子2027指数,SPMDC27T.SPI,SPI
指数,SPMDC28,标普免税市政可赎回调整2028年12月指数,SPMDC28.SPI,SPI
指数,SPMDC28T,标普AMT免费市政系列可调整因子2028指数,SPMDC28T.SPI,SPI
指数,SPMDC29,标普免税市政债券系列可调提前赎回价2029年12月指数,SPMDC29.SPI,SPI
指数,SPMDC30,标普AMT免费政系列可赎回调整2030年12月,SPMDC30.SPI,SPI
指数,SPMUD24,标普免税市政2024年12月指数,SPMUD24.SPI,SPI
指数,SPMUS25,标普免税市政2025系列指数,SPMUS25.SPI,SPI
指数,SPMVMOUP,标普中盘400高动量价值,SPMVMOUP.SPI,SPI
指数,SPNANRUP,标普BMI北美自然资源,SPNANRUP.SPI,SPI
指数,SPNATEUP,标普北美扩展科技行业,SPNATEUP.SPI,SPI
指数,SPNCSCHN,标普中国新经济行业,SPNCSCHN.SPI,SPI
指数,SPNCSUP,标普新中国行业指数,SPNCSUP.SPI,SPI
指数,SPNFCFUP,标普500行业中性自由现金流,SPNFCFUP.SPI,SPI
指数,SPNFCFUT,标普500行业中性自由现金流总回报指数,SPNFCFUT.SPI,SPI
指数,SPOEXEUP,标普100等权重指数,SPOEXEUP.SPI,SPI
指数,SPPACSUP,标普500净零2050巴黎协定一致可持续筛选指数,SPPACSUP.SPI,SPI
指数,SPPHQUP,标普美国高质量优先股,SPPHQUP.SPI,SPI
指数,SPQDXUUP,标普质量型发达市场(除美国)大盘中盘,SPQDXUUP.SPI,SPI
指数,SPREVWS,标普小盘600营收加权,SPREVWS.SPI,SPI
指数,SPSDCSUP,标普通信服务精选行业每日35/20上限指数,SPSDCSUP.SPI,SPI
指数,SPSDEUP,标普能源精选行业每日35/20上限指数,SPSDEUP.SPI,SPI
指数,SPSDRUP,标普必需消费品精选行业每日35/20上限指数,SPSDRUP.SPI,SPI
指数,SPSDYUP,标普非必需消费品精选行业每日35/20上限指数,SPSDYUP.SPI,SPI
指数,SPSHTX,标普/东证150伊斯兰指数,SPSHTX.SPI,SPI
指数,SPSIAD,标普航空航天和国防精选行业,SPSIAD.SPI,SPI
指数,SPSIBI,标普生物技术精选行业,SPSIBI.SPI,SPI
指数,SPSIBK,标普银行精选行业,SPSIBK.SPI,SPI
指数,SPSICH,标普计算机硬件精选行业,SPSICH.SPI,SPI
指数,SPSICM,标普资本市场精选行业,SPSICM.SPI,SPI
指数,SPSIEUP,标普500伊斯兰行业排除指数,SPSIEUP.SPI,SPI
指数,SPSIFB,标普食品和饮料精选行业,SPSIFB.SPI,SPI
指数,SPSIHE,标普医疗保健设备精选行业,SPSIHE.SPI,SPI
指数,SPSIHO,标普房屋建筑精选行业,SPSIHO.SPI,SPI
指数,SPSIHP,标普医疗保健精选行业,SPSIHP.SPI,SPI
指数,SPSIIN,标普互联网精选行业,SPSIIN.SPI,SPI
指数,SPSIINS,标普保险精选行业,SPSIINS.SPI,SPI
指数,SPSIMM,标普金属和矿产精选行业,SPSIMM.SPI,SPI
指数,SPSIOP,标普石油天然气勘探及生产精选行业,SPSIOP.SPI,SPI
指数,SPSIOPTR,标普石油天然气上游股票全收益指数,SPSIOPTR.SPI,SPI
指数,SPSIOS,标普石油和天然气设备精选行业,SPSIOS.SPI,SPI
指数,SPSIPH,标普药物精选行业,SPSIPH.SPI,SPI
指数,SPSIRBK,标普医疗保健设备精选行业,SPSIRBK.SPI,SPI
指数,SPSIRE,标普地区银行精选行业,SPSIRE.SPI,SPI
指数,SPSISC,标普半导体精选行业,SPSISC.SPI,SPI
指数,SPSISS,标普软件和服务精选行业,SPSISS.SPI,SPI
指数,SPSITE,标普电信精选行业,SPSITE.SPI,SPI
指数,SPSITN,标普交通运输精选行业,SPSITN.SPI,SPI
指数,SPSNHDUP,标普行业中性高收益分红贵族指数,SPSNHDUP.SPI,SPI
指数,SPSU6CSP,标普小盘600消费必需品(封顶版),SPSU6CSP.SPI,SPI
指数,SPSU6MP,标普小盘600上限材料,SPSU6MP.SPI,SPI
指数,SPSU6UP,标普小盘600上限公用事业和通信服务,SPSU6UP.SPI,SPI
指数,SPSVCDP,标普500非必需消费品行业上限35/20指数,SPSVCDP.SPI,SPI
指数,SPSVCP,标普500通信服务行业上限35/20指数,SPSVCP.SPI,SPI
指数,SPSVCSP,标普500必需消费品行业上限35/20指数,SPSVCSP.SPI,SPI
指数,SPSVEP,标普500能源行业上限35/20指数,SPSVEP.SPI,SPI
指数,SPSVFP,标普500金融行业上限35/20指数,SPSVFP.SPI,SPI
指数,SPSVHCP,标普500医疗保健行业上限35/20指数,SPSVHCP.SPI,SPI
指数,SPSVIP,标普500工业行业上限35/20指数,SPSVIP.SPI,SPI
指数,SPSVITP,标普500信息技术行业上限35/20指数,SPSVITP.SPI,SPI
指数,SPSVMP,标普500材料行业上限35/20指数,SPSVMP.SPI,SPI
指数,SPSVULP,标普500公用事业行业上限35/20指数,SPSVULP.SPI,SPI
指数,SPTDAUP,标普科技股息贵族,SPTDAUP.SPI,SPI
指数,SPTGAU,标普目标风险积极,SPTGAU.SPI,SPI
指数,SPTGCU,标普目标风险保守指数,SPTGCU.SPI,SPI
指数,SPTGGU,标普目标风险成长,SPTGGU.SPI,SPI
指数,SPTGMU,标普目标风险温和,SPTGMU.SPI,SPI
指数,SPTMI,标普TMI,SPTMI.SPI,SPI
指数,SPTOPIX,标普东证指数,SPTOPIX.SPI,SPI
指数,SPTOPIX10,标普日本150能源行业,SPTOPIX10.SPI,SPI
指数,SPTOPIX15,标普日本150原材料行业,SPTOPIX15.SPI,SPI
指数,SPTOPIX20,标普日本150工业行业,SPTOPIX20.SPI,SPI
指数,SPTOPIX25,标普日本150可选消费行业,SPTOPIX25.SPI,SPI
指数,SPTOPIX30,标普日本150日常消费品行业,SPTOPIX30.SPI,SPI
指数,SPTOPIX35,标普日本150医疗保健行业,SPTOPIX35.SPI,SPI
指数,SPTOPIX40,标普日本150金融行业,SPTOPIX40.SPI,SPI
指数,SPTOPIX45,标普日本150信息技术行业,SPTOPIX45.SPI,SPI
指数,SPTOPIX50,标普日本150通讯服务行业,SPTOPIX50.SPI,SPI
指数,SPTOPIX55,标普日本150公用事业行业,SPTOPIX55.SPI,SPI
指数,SPTOPIX60,标普日本150房地产行业,SPTOPIX60.SPI,SPI
指数,SPTPX,标普/东证150指数,SPTPX.SPI,SPI
指数,SPTR500N,标普500净总回报,SPTR500N.SPI,SPI
指数,SPTSCUP,标普运输业精选行业FMC上限指数,SPTSCUP.SPI,SPI
指数,SPTSCUT,标普运输业精选行业FMC上限全收益,SPTSCUT.SPI,SPI
指数,SPUDIGUP,标普美国股息增长,SPUDIGUP.SPI,SPI
指数,SPUK,标普英国指数,SPUK.SPI,SPI
指数,SPUK10,标普英国能源行业,SPUK10.SPI,SPI
指数,SPUK15,标普英国原材料行业,SPUK15.SPI,SPI
指数,SPUK20,标普英国工业行业,SPUK20.SPI,SPI
指数,SPUK25,标普英国可选消费行业,SPUK25.SPI,SPI
指数,SPUK30,标普英国日常消费品行业,SPUK30.SPI,SPI
指数,SPUK35,标普英国医疗保健行业,SPUK35.SPI,SPI
指数,SPUK40,标普英国金融行,SPUK40.SPI,SPI
指数,SPUK45,标普英国信息技术行业,SPUK45.SPI,SPI
指数,SPUK50,标普英国通讯服务行业,SPUK50.SPI,SPI
指数,SPUK55,标普英国公用事业行业,SPUK55.SPI,SPI
指数,SPUK60,标普英国房地产行业指数,SPUK60.SPI,SPI
指数,SPUSSOUP,标普美国分拆,SPUSSOUP.SPI,SPI
指数,SPUST1IP,标普10年期美国国债期货反向超额收益指数,SPUST1IP.SPI,SPI
指数,SPVACYP,标普全球内在价值(GIVI)中国A股指数,SPVACYP.SPI,SPI
指数,SPVACYT,标普全球内在价值(GIVI)中国A股指数全收益,SPVACYT.SPI,SPI
指数,SPVIECUN,标普越南核心指数(净总收益),SPVIECUN.SPI,SPI
指数,SPVIXETR,标普500VIX期货增强展期指数,SPVIXETR.SPI,SPI
指数,SPXA2ASP,标普澳大利亚200房地产投资信托,SPXA2ASP.SPI,SPI
指数,SPXCTFUP,标普500气候转型基础ESG指数,SPXCTFUP.SPI,SPI
指数,SPXCVUN,标普500天主教价值净收益指数,SPXCVUN.SPI,SPI
指数,SPXCVUP,标普500天主教价值指数,SPXCVUP.SPI,SPI
指数,SPXCVUT,标普500天主教价值全收益指数,SPXCVUT.SPI,SPI
指数,SPXDANUP,标普500板块中性股息贵族,SPXDANUP.SPI,SPI
指数,SPXELSUP,标普500等权重ESG领导者精选,SPXELSUP.SPI,SPI
指数,SPXEREUP,标普500等权重房地产行业,SPXEREUP.SPI,SPI
指数,SPXESAUP,标普500评分与筛选增强指数,SPXESAUP.SPI,SPI
指数,SPXESEUP,标普500ESG精英指数,SPXESEUP.SPI,SPI
指数,SPXESLUP,标普500评分与筛选领先者指数,SPXESLUP.SPI,SPI
指数,SPXESQUP,标普500等权评分与筛选指数,SPXESQUP.SPI,SPI
指数,SPXESUP,标普500ESG,SPXESUP.SPI,SPI
指数,SPXEVUN,标普500增强价值净收益指数,SPXEVUN.SPI,SPI
指数,SPXEVUP,标普500增强价值指数,SPXEVUP.SPI,SPI
指数,SPXEVUT,标普500增强价值全收益指数,SPXEVUT.SPI,SPI
指数,SPXEWEUP,标普500能源等权重加权,SPXEWEUP.SPI,SPI
指数,SPXEWNTR,标普500等权重净收益指数,SPXEWNTR.SPI,SPI
指数,SPXEWTR,标普500等权重指数,SPXEWTR.SPI,SPI
指数,SPXF2IP,标普500期货2倍反向收益率超额收益,SPXF2IP.SPI,SPI
指数,SPXF2LP,标普500期货每日2倍杠杆超额收益,SPXF2LP.SPI,SPI
指数,SPXGARPP,标普500 GARP,SPXGARPP.SPI,SPI
指数,SPXGEUP,标普500成长ESG,SPXGEUP.SPI,SPI
指数,SPXHDGUP,标普500高股息增长率,SPXHDGUP.SPI,SPI
指数,SPXHDGUT,标普500高股息增长总回报指数,SPXHDGUT.SPI,SPI
指数,SPXLBHEN,标普500低波动率目标贝塔净收益指数(欧元对冲),SPXLBHEN.SPI,SPI
指数,SPXLBHEP,标普500低波动率目标贝塔指数(欧元对冲),SPXLBHEP.SPI,SPI
指数,SPXLBHET,标普500低波动率目标贝塔全收益指数(欧元对冲),SPXLBHET.SPI,SPI
指数,SPXLTBEN,标普500低波动率目标贝塔净收益指数(欧元),SPXLTBEN.SPI,SPI
指数,SPXLTBEP,标普500低波动率目标贝塔指数(欧元),SPXLTBEP.SPI,SPI
指数,SPXLTBET,标普500低波动率目标贝塔全收益指数(欧元),SPXLTBET.SPI,SPI
指数,SPXLTBUN,标普500低波动率目标贝塔净收益指数,SPXLTBUN.SPI,SPI
指数,SPXLTBUP,标普500低波动率目标贝塔指数,SPXLTBUP.SPI,SPI
指数,SPXLTBUT,标普500低波动率目标贝塔全收益指数,SPXLTBUT.SPI,SPI
指数,SPXQHDUP,标普500质量高股息,SPXQHDUP.SPI,SPI
指数,SPXQUN,标普500质量净收益指数(美元),SPXQUN.SPI,SPI
指数,SPXQUP,标普500质量指数(美元),SPXQUP.SPI,SPI
指数,SPXQUT,标普500质量全收益指数(美元),SPXQUT.SPI,SPI
指数,SPXQVMUP,标普500质量、价值与动量多因子指数,SPXQVMUP.SPI,SPI
指数,SPXT2CUP,标普500前20精选35/20上限指数,SPXT2CUP.SPI,SPI
指数,SPXT2SUP,标普500前20精选指数,SPXT2SUP.SPI,SPI
指数,SPXTSTJN,标普500前20精选(TTM)净总回报指数,SPXTSTJN.SPI,SPI
指数,SPXTTMJH,标普500TTM汇率日元对冲,SPXTTMJH.SPI,SPI
指数,SPXTTMJN,标普500TTM汇率日元对冲净收益,SPXTTMJN.SPI,SPI
指数,SPXVEUP,标普500价值评分与筛选指数,SPXVEUP.SPI,SPI
指数,SPXVMOUP,标普500高动量价值,SPXVMOUP.SPI,SPI
指数,SPXXEGP,标普500除能源指数,SPXXEGP.SPI,SPI
指数,SPXXFISP,标普500除金融指数,SPXXFISP.SPI,SPI
指数,SPXXTSUP,标普500除信息技术指数,SPXXTSUP.SPI,SPI
指数,SR,南华郑白糖指数,SR.NH,NH
指数,SREITTWJ,标普发达市场除日本外房地产投资信托基金REIT全收益,SREITTWJ.SPI,SPI
指数,SS,南华不锈钢指数,SS.NH,NH
指数,STCGUSRE,标普美国房地产投资信托,STCGUSRE.SPI,SPI
指数,SXCNATGC,中国A股STOXX全市场全收益(人民币),SXCNATGC.DF,DF
指数,T,南华债十指数,T.NH,NH
指数,T92005,华证红利全收益,T92005.SSI,SSI
指数,T92006,华证红利质量全收益,T92006.SSI,SSI
指数,T92010,华证红利优选全收益,T92010.SSI,SSI
指数,T93051,华证景智红利全收益,T93051.SSI,SSI
指数,T93052,华证景智港股红利全收益,T93052.SSI,SSI
指数,T93053,景智大盘均衡成长(全),T93053.SSI,SSI
指数,T93055,华证景智小盘策略(全),T93055.SSI,SSI
指数,T93056,景智国企价值机遇(全),T93056.SSI,SSI
指数,T93057,景智大盘低波质量全,T93057.SSI,SSI
指数,T93088,新质生产力精选全收益,T93088.SSI,SSI
指数,T93208,华夏理财港股红利30全,T93208.SSI,SSI
指数,T93218,成长价值策略全收益,T93218.SSI,SSI
指数,T93233,长财价值红利50全收益,T93233.SSI,SSI
指数,T93236,长财龙头成长50全收益,T93236.SSI,SSI
指数,T93241,港股通价值50策略全收益,T93241.SSI,SSI
指数,T93266,低空经济产业全收益,T93266.SSI,SSI
指数,T93288,大模型新质生产力全,T93288.SSI,SSI
指数,T93299,大模型稳健50全收益,T93299.SSI,SSI
指数,T93300,大模型大盘精选全收益,T93300.SSI,SSI
指数,T93301,中邮理财陆港红利50全,T93301.SSI,SSI
指数,T93302,中银理财港股通红利30全,T93302.SSI,SSI
指数,T93339,太朴创新药A+H R,T93339.SSI,SSI
指数,T93399,太朴创新医械A+H R,T93399.SSI,SSI
指数,T93500,华夏500全收益,T93500.SSI,SSI
指数,T93501,A股龙头价值50全收益,T93501.SSI,SSI
指数,T93502,平安理财AI算力全,T93502.SSI,SSI
指数,T93503,安徽科技创新30配置全,T93503.SSI,SSI
指数,T93510,小盘价值低波100TR,T93510.SSI,SSI
指数,T93511,恒选港股通科技成长全,T93511.SSI,SSI
指数,T95006,华证A股红利全收益,T95006.SSI,SSI
指数,T95009,华证红利ESG全收益,T95009.SSI,SSI
指数,T95024,大盘成长动量100(全),T95024.SSI,SSI
指数,T95028,华证A股龙头精选全收益,T95028.SSI,SSI
指数,T95034,小盘成长300全收益,T95034.SSI,SSI
指数,T95040,基金重仓(数量加权)全,T95040.SSI,SSI
指数,T95041,基金重仓(持仓加权)全,T95041.SSI,SSI
指数,T95042,大盘基金重仓全收益,T95042.SSI,SSI
指数,T95043,中盘基金重仓全收益,T95043.SSI,SSI
指数,T95044,小盘基金重仓全收益,T95044.SSI,SSI
指数,T95045,A股基金重仓优选全,T95045.SSI,SSI
指数,T95046,大盘基金重仓优选全,T95046.SSI,SSI
指数,T95047,中盘基金重仓优选全,T95047.SSI,SSI
指数,T95048,小盘基金重仓优选全,T95048.SSI,SSI
指数,T95049,华证中小盘智选300全,T95049.SSI,SSI
指数,T95050,AH龙头50全收益,T95050.SSI,SSI
指数,T95054,成长趋势100全收益,T95054.SSI,SSI
指数,T95056,稳健精选100全收益,T95056.SSI,SSI
指数,T95057,中盘质量成长50全收益,T95057.SSI,SSI
指数,T95058,中盘质量动量50全收益,T95058.SSI,SSI
指数,T95064,品质消费(全),T95064.SSI,SSI
指数,T95066,专精特新全收益,T95066.SSI,SSI
指数,T95067,价值50全收益,T95067.SSI,SSI
指数,T95081,华证银行红利全收益,T95081.SSI,SSI
指数,T95082,龙头红利50全收益,T95082.SSI,SSI
指数,T95101,华证回报50全收益,T95101.SSI,SSI
指数,T95102,华证回报100全收益,T95102.SSI,SSI
指数,T95113,大消费综合(全),T95113.SSI,SSI
指数,T95114,新消费综合(全),T95114.SSI,SSI
指数,T95115,A股长期回报优选全收益,T95115.SSI,SSI
指数,T95123,稳健优势100全收益,T95123.SSI,SSI
指数,T95127,沪港深红利100全收益,T95127.SSI,SSI
指数,T95128,沪深港红利50全收益,T95128.SSI,SSI
指数,T95137,消费红利100全收益,T95137.SSI,SSI
指数,T95138,消费红利50全收益,T95138.SSI,SSI
指数,T95165,国企价值50全收益,T95165.SSI,SSI
指数,T95170,央企龙头50全收益,T95170.SSI,SSI
指数,T95203,港股通高股息50全收益,T95203.SSI,SSI
指数,T95205,港股通高股息100全收益,T95205.SSI,SSI
指数,T95209,价值100全收益,T95209.SSI,SSI
指数,T95211,A股红利优选50全收益,T95211.SSI,SSI
指数,T95212,A股长期红利全收益,T95212.SSI,SSI
指数,T95215,A股股东回报50全收益,T95215.SSI,SSI
指数,T95216,A股股东回报100全收益,T95216.SSI,SSI
指数,T95218,现金流100全收益,T95218.SSI,SSI
指数,T95219,A股红利增长全收益,T95219.SSI,SSI
指数,T95220,战略新兴成长50全收益,T95220.SSI,SSI
指数,T95221,华证央企全收益,T95221.SSI,SSI
指数,T95222,华证国企全收益,T95222.SSI,SSI
指数,T95231,A股低波红利50全收益,T95231.SSI,SSI
指数,T95232,A股成长先锋50全收益,T95232.SSI,SSI
指数,T95233,价值盈利50全收益,T95233.SSI,SSI
指数,T95235,华证中小盘价值低波全收益,T95235.SSI,SSI
指数,T95236,央企价值发现50全收益,T95236.SSI,SSI
指数,T95237,华证微盘价值低波全,T95237.SSI,SSI
指数,T95239,现金流精选50全收益,T95239.SSI,SSI
指数,T95240,大盘现金流50全收益,T95240.SSI,SSI
指数,T95241,小盘现金流100全收益,T95241.SSI,SSI
指数,T95242,华证红利100R,T95242.SSI,SSI
指数,T95245,大盘质量低波全收益,T95245.SSI,SSI
指数,T95246,大中盘质量成长低波全,T95246.SSI,SSI
指数,T95247,沪深港现金流精选全,T95247.SSI,SSI
指数,T95248,港股通现金流精选全,T95248.SSI,SSI
指数,T95249,现金流增长全收益,T95249.SSI,SSI
指数,T95250,港股通价值精选全收益,T95250.SSI,SSI
指数,T95369,智能终端(全),T95369.SSI,SSI
指数,T97701,大盘ESG精选全收益,T97701.SSI,SSI
指数,T99001,华证A指大盘全收益,T99001.SSI,SSI
指数,T99002,华证A指中盘全收益,T99002.SSI,SSI
指数,T99003,华证A指小盘全收益,T99003.SSI,SSI
指数,T99004,华证A指微盘全收益,T99004.SSI,SSI
指数,T99005,华证A指全收益,T99005.SSI,SSI
指数,T99006,华证全指全收益,T99006.SSI,SSI
指数,T99007,华证大盘全收益,T99007.SSI,SSI
指数,T99008,华证中盘全收益,T99008.SSI,SSI
指数,T99009,华证小盘全收益,T99009.SSI,SSI
指数,T99010,华证微盘全收益,T99010.SSI,SSI
指数,T99013,华证港股通综合全收益,T99013.SSI,SSI
指数,T99014,沪深港500全收益,T99014.SSI,SSI
指数,T99017,华证大中盘全收益,T99017.SSI,SSI
指数,T99024,华证中小盘全收益,T99024.SSI,SSI
指数,T99031,制造产业全收益,T99031.SSI,SSI
指数,T99032,周期产业全收益,T99032.SSI,SSI
指数,T99033,大金融产业全收益,T99033.SSI,SSI
指数,T99034,TMT产业全收益,T99034.SSI,SSI
指数,T99035,消费产业全收益,T99035.SSI,SSI
指数,T99036,医疗健康产业全收益,T99036.SSI,SSI
指数,T99037,基础设施产业全收益,T99037.SSI,SSI
指数,T99050,超大盘50全收益,T99050.SSI,SSI
指数,T99058,华证领航全收益,T99058.SSI,SSI
指数,T99059,中盘领航全收益,T99059.SSI,SSI
指数,T99060,小盘领航全收益,T99060.SSI,SSI
指数,T99102,华证ESG领先全收益,T99102.SSI,SSI
指数,T99104,华证ESG400(全),T99104.SSI,SSI
指数,TA,南华郑精对苯二甲酸指数,TA.NH,NH
指数,TB5053,财富管理全收益,TB5053.SSI,SSI
指数,TC,南华郑动力煤指数,TC.NH,NH
指数,TF,南华债五指数,TF.NH,NH
指数,TFTGPDEU003U,富时中国50净收益,TFTGPDEU003U.FI,FI
指数,TFTXIN0H,富时中国50总回报(港币),TFTXIN0H.FI,FI
指数,TFTXIN0U,富时中国50总回报,TFTXIN0U.FI,FI
指数,TL,南华债三十指数,TL.NH,NH
指数,TS,南华债二指数,TS.NH,NH
指数,UR,南华尿素指数,UR.NH,NH
指数,V,南华连聚氯乙烯指数,V.NH,NH
指数,VALHKDG,中华港股通价值R,VALHKDG.CNI,CNI
指数,W1SGI,道琼斯全球可持续发展,W1SGI.SPI,SPI
指数,W1SUS,道琼斯全球可持续发展除酒精烟草赌博军火,W1SUS.SPI,SPI
指数,W1X4X,道琼斯全球可持续发展除酒精烟草赌博军火成人娱乐,W1X4X.SPI,SPI
指数,W3SGI,道琼斯全球发达国家综合可持续发展,W3SGI.SPI,SPI
指数,WH,南华强麦指数,WH.NH,NH
指数,WR,南华沪线材指数,WR.NH,NH
指数,WS,南华郑强麦指数,WS.NH,NH
指数,Y,南华连豆油指数,Y.NH,NH
指数,YLVHKDG,中华港股通高息低波R,YLVHKDG.CNI,CNI
指数,ZC,南华郑煤指数,ZC.NH,NH
指数,ZN,南华沪锌指数,ZN.NH,NH
指数,h00009,上证380全收益,h00009.SH,SH
指数,h00010,180收益,h00010.SH,SH
指数,h00015,红利收益,h00015.SH,SH
指数,h00016,50收益,h00016.SH,SH
指数,h00018,180金收,h00018.SH,SH
指数,h00019,治理收益,h00019.SH,SH
指数,h00020,中企收益,h00020.SH,SH
指数,h00021,180治收,h00021.SH,SH
指数,h00025,180基收,h00025.SH,SH
指数,h00026,180资收,h00026.SH,SH
指数,h00027,180运收,h00027.SH,SH
指数,h00028,180成收,h00028.SH,SH
指数,h00029,180价收,h00029.SH,SH
指数,h00030,180R成收,h00030.SH,SH
指数,h00031,180R价收,h00031.SH,SH
指数,h00032,上证能收,h00032.SH,SH
指数,h00033,上证材收,h00033.SH,SH
指数,h00034,上证工收,h00034.SH,SH
指数,h00035,上证可收,h00035.SH,SH
指数,h00036,上证消收,h00036.SH,SH
指数,h00037,上证医收,h00037.SH,SH
指数,h00038,上证金收,h00038.SH,SH
指数,h00039,上证信收,h00039.SH,SH
指数,h00040,上证电收,h00040.SH,SH
指数,h00041,上证公收,h00041.SH,SH
指数,h00042,上证央收,h00042.SH,SH
指数,h00043,超大收,h00043.SH,SH
指数,h00044,上证中收,h00044.SH,SH
指数,h00045,上证小收,h00045.SH,SH
指数,h00046,上中小收,h00046.SH,SH
指数,h00047,上证全收,h00047.SH,SH
指数,h00048,责任指收,h00048.SH,SH
指数,h00049,上民企收,h00049.SH,SH
指数,h00050,50等权全收益,h00050.SH,SH
指数,h00051,180等收,h00051.SH,SH
指数,h00052,50基本全收益,h00052.SH,SH
指数,h00053,180基本全收益,h00053.SH,SH
指数,h00054,上证海外全收益,h00054.SH,SH
指数,h00055,上证地企全收益,h00055.SH,SH
指数,h00056,上证国企全收益,h00056.SH,SH
指数,h00057,全指成长全收益,h00057.SH,SH
指数,h00058,全指价值全收益,h00058.SH,SH
指数,h00059,全R成长全收益,h00059.SH,SH
指数,h00060,全R价值全收益,h00060.SH,SH
指数,h00062,上证沪企全收益,h00062.SH,SH
指数,h00063,上证周期全收益,h00063.SH,SH
指数,h00064,非周期全收益,h00064.SH,SH
指数,h00065,上证龙头全收益,h00065.SH,SH
指数,h00066,上证商品全收益,h00066.SH,SH
指数,h00067,上证新兴全收益,h00067.SH,SH
指数,h00068,上证资源全收益,h00068.SH,SH
指数,h00069,消费80全收益,h00069.SH,SH
指数,h00070,能源等权全收益,h00070.SH,SH
指数,h00071,材料等权全收益,h00071.SH,SH
指数,h00072,工业等权全收益,h00072.SH,SH
指数,h00073,可选等权全收益,h00073.SH,SH
指数,h00074,消费等权全收益,h00074.SH,SH
指数,h00075,医药等权全收益,h00075.SH,SH
指数,h00076,金融等权全收益,h00076.SH,SH
指数,h00077,信息等权全收益,h00077.SH,SH
指数,h00078,电信等权全收益,h00078.SH,SH
指数,h00079,公用等权全收益,h00079.SH,SH
指数,h00090,上证流通全收益,h00090.SH,SH
指数,h00091,沪财中小全收益,h00091.SH,SH
指数,h00092,资源50全收益,h00092.SH,SH
指数,h00093,180分层全收益,h00093.SH,SH
指数,h00094,上证上游全收益,h00094.SH,SH
指数,h00095,上证中游全收益,h00095.SH,SH
指数,h00096,上证下游全收益,h00096.SH,SH
指数,h00097,高端装备全收益,h00097.SH,SH
指数,h00098,上证F200全收益,h00098.SH,SH
指数,h00099,上证F300全收益,h00099.SH,SH
指数,h00100,上证F500全收益,h00100.SH,SH
指数,h00102,沪投资品全收益,h00102.SH,SH
指数,h00103,沪消费品全收益,h00103.SH,SH
指数,h00104,380能源全收益,h00104.SH,SH
指数,h00105,380材料全收益,h00105.SH,SH
指数,h00106,380工业全收益,h00106.SH,SH
指数,h00107,380可选全收益,h00107.SH,SH
指数,h00108,380消费全收益,h00108.SH,SH
指数,h00109,380医药全收益,h00109.SH,SH
指数,h00110,380金融全收益,h00110.SH,SH
指数,h00111,380信息全收益,h00111.SH,SH
指数,h00112,380电信全收益,h00112.SH,SH
指数,h00113,380公用全收益,h00113.SH,SH
指数,h00114,持续产业全收益,h00114.SH,SH
指数,h00115,380等权全收益,h00115.SH,SH
指数,h00117,380成长全收益,h00117.SH,SH
指数,h00118,380价值全收益,h00118.SH,SH
指数,h00119,380R成长全收益,h00119.SH,SH
指数,h00120,380R价值全收益,h00120.SH,SH
指数,h00121,医药主题全收益,h00121.SH,SH
指数,h00122,农业主题全收益,h00122.SH,SH
指数,h00123,上证180动态全收益,h00123.SH,SH
指数,h00125,上证180稳定全收益,h00125.SH,SH
指数,h00126,消费50全收益,h00126.SH,SH
指数,h00128,380基本全收益,h00128.SH,SH
指数,h00129,180波动全收益,h00129.SH,SH
指数,h00130,380波动全收益,h00130.SH,SH
指数,h00131,上证高新全收益,h00131.SH,SH
指数,h00132,上证100全收益,h00132.SH,SH
指数,h00133,上证150全收益,h00133.SH,SH
指数,h00134,上证银行全收益,h00134.SH,SH
指数,h00135,上证180高贝塔全收益,h00135.SH,SH
指数,h00136,上证180低贝塔全收益,h00136.SH,SH
指数,h00137,上证380高贝塔全收益,h00137.SH,SH
指数,h00138,上证380低贝塔全收益,h00138.SH,SH
指数,h00141,上证380动态全收益,h00141.SH,SH
指数,h00142,上证380稳定全收益,h00142.SH,SH
指数,h00145,优势资源全收益,h00145.SH,SH
指数,h00146,优势制造全收益,h00146.SH,SH
指数,h00147,优势消费全收益,h00147.SH,SH
指数,h00148,消费领先全收益,h00148.SH,SH
指数,h00149,上证180红利全收益,h00149.SH,SH
指数,h00150,上证380红利全收益,h00150.SH,SH
指数,h00151,上证国企红利全收益,h00151.SH,SH
指数,h00152,上证央企红利全收益,h00152.SH,SH
指数,h00153,上证民企红利全收益,h00153.SH,SH
指数,h00155,上证市值百强全收益,h00155.SH,SH
指数,h00158,上证环保全收益,h00158.SH,SH
指数,h00159,沪股通全收益,h00159.SH,SH
指数,h00160,沪新丝路全收益,h00160.SH,SH
指数,h00161,沪中国造全收益,h00161.SH,SH
指数,h00162,沪互联+全收益,h00162.SH,SH
指数,h00171,新兴成指全收益,h00171.CSI,CSI
指数,h00300,300收益,h00300.CSI,CSI
指数,h00801,资源80全收益,h00801.CSI,CSI
指数,h00802,500沪市全收益,h00802.CSI,CSI
指数,h00803,300波动全收益,h00803.CSI,CSI
指数,h00804,500波动全收益,h00804.CSI,CSI
指数,h00805,A股资源全收益,h00805.CSI,CSI
指数,h00806,消费服务全收益,h00806.CSI,CSI
指数,h00807,食品饮料全收益,h00807.CSI,CSI
指数,h00808,医药生物全收益,h00808.CSI,CSI
指数,h00811,细分有色全收益,h00811.CSI,CSI
指数,h00812,细分机械全收益,h00812.CSI,CSI
指数,h00813,细分化工全收益,h00813.CSI,CSI
指数,h00814,细分医药全收益,h00814.CSI,CSI
指数,h00815,细分食品全收益,h00815.CSI,CSI
指数,h00816,细分地产全收益,h00816.CSI,CSI
指数,h00818,细分金融全收益,h00818.CSI,CSI
指数,h00819,有色金属全收益,h00819.CSI,CSI
指数,h00820,煤炭指数全收益,h00820.CSI,CSI
指数,h00821,沪深300红利全收益,h00821.CSI,CSI
指数,h00822,中证500红利全收益,h00822.CSI,CSI
指数,h00824,中证国企红利全收益,h00824.CSI,CSI
指数,h00825,中证央企红利全收益,h00825.CSI,CSI
指数,h00826,中证民企红利全收益,h00826.CSI,CSI
指数,h00827,中证环保全收益,h00827.CSI,CSI
指数,h00828,沪深300高贝塔全收益,h00828.CSI,CSI
指数,h00829,沪深300低贝塔全收益,h00829.CSI,CSI
指数,h00830,中证500高贝塔全收益,h00830.CSI,CSI
指数,h00831,中证500低贝塔全收益,h00831.CSI,CSI
指数,h00838,中证创业价值全收益,h00838.CSI,CSI
指数,h00839,中证浙企综指全收益,h00839.CSI,CSI
指数,h00840,中证浙江民企全收益,h00840.CSI,CSI
指数,h00841,800医药(二级)全收益,h00841.CSI,CSI
指数,h00842,中证800等权全收益,h00842.CSI,CSI
指数,h00843,沪深300动态全收益,h00843.CSI,CSI
指数,h00844,沪深300稳定全收益,h00844.CSI,CSI
指数,h00846,中证ESG100全收益,h00846.CSI,CSI
指数,h00852,中证1000全收益,h00852.SH,SH
指数,h00855,央视500全收益,h00855.SH,SH
指数,h00859,国企一带一路全收益,h00859.CSI,CSI
指数,h00860,结构调整全收益,h00860.CSI,CSI
指数,h00861,央企创新全收益,h00861.CSI,CSI
指数,h00891,新兴综指全收益,h00891.CSI,CSI
指数,h00901,小康收益,h00901.CSI,CSI
指数,h00902,中证流通全收益,h00902.CSI,CSI
指数,h00903,A100收益,h00903.CSI,CSI
指数,h00904,200收益,h00904.CSI,CSI
指数,h00905,500收益,h00905.CSI,CSI
指数,h00906,800收益,h00906.CSI,CSI
指数,h00907,700收益,h00907.CSI,CSI
指数,h00908,300能源全收益,h00908.CSI,CSI
指数,h00909,300材料收益,h00909.CSI,CSI
指数,h00910,300工业收益,h00910.CSI,CSI
指数,h00911,300可选收益,h00911.CSI,CSI
指数,h00912,300消费收益,h00912.CSI,CSI
指数,h00913,300医药收益,h00913.CSI,CSI
指数,h00914,金融收益,h00914.CSI,CSI
指数,h00915,300信息收益,h00915.CSI,CSI
指数,h00916,300电信收益,h00916.CSI,CSI
指数,h00917,300公用收益,h00917.CSI,CSI
指数,h00918,300收成,h00918.CSI,CSI
指数,h00919,300收价,h00919.CSI,CSI
指数,h00920,300R收成,h00920.CSI,CSI
指数,h00921,300R收价,h00921.CSI,CSI
指数,h00922,中证红利全收益,h00922.CSI,CSI
指数,h00925,基面50收,h00925.CSI,CSI
指数,h00926,中证央收,h00926.CSI,CSI
指数,h00927,央100收,h00927.CSI,CSI
指数,h00928,800能源全收益,h00928.CSI,CSI
指数,h00929,800材料全收益,h00929.CSI,CSI
指数,h00930,800工业全收益,h00930.CSI,CSI
指数,h00931,800可选全收益,h00931.CSI,CSI
指数,h00932,800消费全收益,h00932.CSI,CSI
指数,h00933,800医卫全收益,h00933.CSI,CSI
指数,h00934,800金地全收益,h00934.CSI,CSI
指数,h00935,800信息全收益,h00935.CSI,CSI
指数,h00936,800通信全收益,h00936.CSI,CSI
指数,h00937,800公用全收益,h00937.CSI,CSI
指数,h00938,中民企收,h00938.CSI,CSI
指数,h00939,民企成长(全),h00939.CSI,CSI
指数,h00940,财富大收,h00940.CSI,CSI
指数,h00941,新能源收,h00941.CSI,CSI
指数,h00942,内地消收,h00942.CSI,CSI
指数,h00943,新基建50全收益,h00943.CSI,CSI
指数,h00944,内地资收,h00944.CSI,CSI
指数,h00945,内地运收,h00945.CSI,CSI
指数,h00947,内地银收,h00947.CSI,CSI
指数,h00948,内地地收,h00948.CSI,CSI
指数,h00949,中证农业全收益,h00949.CSI,CSI
指数,h00950,300基收,h00950.CSI,CSI
指数,h00951,300银收,h00951.CSI,CSI
指数,h00952,300地产,h00952.CSI,CSI
指数,h00953,中证地企全收益,h00953.CSI,CSI
指数,h00954,地企100全收益,h00954.CSI,CSI
指数,h00955,中证国企全收益,h00955.CSI,CSI
指数,h00956,国企200全收益,h00956.CSI,CSI
指数,h00957,300运输全收益,h00957.CSI,CSI
指数,h00958,创业成长全收益,h00958.CSI,CSI
指数,h00959,银河99全收益,h00959.CSI,CSI
指数,h00961,中证上游全收益,h00961.CSI,CSI
指数,h00962,中证中游全收益,h00962.CSI,CSI
指数,h00963,中证下游全收益,h00963.CSI,CSI
指数,h00964,中证新兴全收益,h00964.CSI,CSI
指数,h00965,基本200全收益,h00965.CSI,CSI
指数,h00966,基本400全收益,h00966.CSI,CSI
指数,h00967,基本600全收益,h00967.CSI,CSI
指数,h00968,300周期全收益,h00968.CSI,CSI
指数,h00969,300非周全收益,h00969.CSI,CSI
指数,h00970,ESG40全收益,h00970.CSI,CSI
指数,h00971,等权90全收益,h00971.CSI,CSI
指数,h00972,300沪市全收益,h00972.CSI,CSI
指数,h00975,钱江30全收益,h00975.CSI,CSI
指数,h00977,内地低碳全收益,h00977.CSI,CSI
指数,h00978,医药100全收益,h00978.CSI,CSI
指数,h00979,大宗商品全收益,h00979.CSI,CSI
指数,h00980,中证超大全收益,h00980.CSI,CSI
指数,h00981,300分层全收益,h00981.CSI,CSI
指数,h00982,500等权全收益,h00982.CSI,CSI
指数,h00984,300等权全收益,h00984.CSI,CSI
指数,h00985,中证全指全收益,h00985.CSI,CSI
指数,h00986,全指能源全收益,h00986.CSI,CSI
指数,h00987,全指材料全收益,h00987.CSI,CSI
指数,h00988,全指工业全收益,h00988.CSI,CSI
指数,h00989,全指可选全收益,h00989.CSI,CSI
指数,h00990,全指消费全收益,h00990.CSI,CSI
指数,h00991,全指医药全收益,h00991.CSI,CSI
指数,h00992,金融地产全收益,h00992.CSI,CSI
指数,h00993,全指信息全收益,h00993.CSI,CSI
指数,h00994,全指电信全收益,h00994.CSI,CSI
指数,h00995,全指公用全收益,h00995.CSI,CSI
指数,h00998,中证TMT全收益,h00998.CSI,CSI
指数,h00999,光大阳光,h00999.CSI,CSI
指数,h01051,钢铁产业,h01051.CSI,CSI
指数,h01052,智能电车全收益,h01052.CSI,CSI
指数,h01053,纺织产业,h01053.CSI,CSI
指数,h01054,装备产业,h01054.CSI,CSI
指数,h01055,船舶产业,h01055.CSI,CSI
指数,h01057,石化产业,h01057.CSI,CSI
指数,h01058,轻工产业,h01058.CSI,CSI
指数,h01059,工业有色全收益,h01059.CSI,CSI
指数,h01060,物流产业,h01060.CSI,CSI
指数,h01100,香港100全收益,h01100.CSI,CSI
指数,h01101,香港100人民币全收益,h01101.CSI,CSI
指数,h01102,非港内地全收益,h01102.CSI,CSI
指数,h01103,香港内地50人民币全收益,h01103.CSI,CSI
指数,h01104,海外内地全收益,h01104.CSI,CSI
指数,h01105,非台海外全收益,h01105.CSI,CSI
指数,h01106,非台华股全收益,h01106.CSI,CSI
指数,h01108,两岸三地全收益,h01108.CSI,CSI
指数,h01110,香港F50全收益,h01110.CSI,CSI
指数,h01111,香港F50人民币全收益,h01111.CSI,CSI
指数,h01112,非港内地美元全收益,h01112.CSI,CSI
指数,h01113,中国低碳全收益,h01113.CSI,CSI
指数,h01114,海外内地美元全收益,h01114.CSI,CSI
指数,h01115,非台海外美元全收益,h01115.CSI,CSI
指数,h01116,非台华股美元全收益,h01116.CSI,CSI
指数,h01118,两岸三地(全)U$,h01118.CSI,CSI
指数,h01120,香港中盘精选全收益,h01120.CSI,CSI
指数,h01121,富国多空全收益,h01121.CSI,CSI
指数,h01123,香港内地50全收益,h01123.CSI,CSI
指数,h01124,海外内地港元全收益,h01124.CSI,CSI
指数,h01125,非台海外港元全收益,h01125.CSI,CSI
指数,h01126,非台华股港元全收益,h01126.CSI,CSI
指数,h01128,两岸三地(全)HKD,h01128.CSI,CSI
指数,h01134,中证中国东盟180(全),h01134.CSI,CSI
指数,h01135,中国东盟180(全)U$,h01135.CSI,CSI
指数,h01136,中国互联网全收益,h01136.CSI,CSI
指数,h01137,中国互联网美元全收益,h01137.CSI,CSI
指数,h01138,两岸三地(全)TWD,h01138.CSI,CSI
指数,h01140,香港红利全收益,h01140.CSI,CSI
指数,h01141,香港红利人民币全收益,h01141.CSI,CSI
指数,h01142,HKT香港地产全收益,h01142.CSI,CSI
指数,h01143,港股通内地地产全收益,h01143.CSI,CSI
指数,h01144,HKT内地消费全收益,h01144.CSI,CSI
指数,h01145,HKT内地银行全收益,h01145.CSI,CSI
指数,h01146,港股通内地金融全收益,h01146.CSI,CSI
指数,h01147,HKT香港地产(全)CNY,h01147.CSI,CSI
指数,h01148,港股通内地地产(全)CNY,h01148.CSI,CSI
指数,h01149,HKT内地消费(全)CNY,h01149.CSI,CSI
指数,h01150,HKT内地银行(全)CNY,h01150.CSI,CSI
指数,h01151,港股通内地金融(全)CNY,h01151.CSI,CSI
指数,h01152,内地民营全收益,h01152.CSI,CSI
指数,h01153,内地国有全收益,h01153.CSI,CSI
指数,h01154,内地民营(全)CNY,h01154.CSI,CSI
指数,h01155,内地国有人民币全收益,h01155.CSI,CSI
指数,h01156,中国可选消费(全),h01156.CSI,CSI
指数,h01157,中国可选消费(全)U,h01157.CSI,CSI
指数,h01158,中国主要消费全收益,h01158.CSI,CSI
指数,h01159,中国主要消费(全)U,h01159.CSI,CSI
指数,h01160,中国五年规划全收益,h01160.CSI,CSI
指数,h01161,中国五年规划(全)美元,h01161.CSI,CSI
指数,h01162,中国城市化全收益,h01162.CSI,CSI
指数,h01163,中国城市化美元全收益,h01163.CSI,CSI
指数,h01164,中证香港300全收益,h01164.CSI,CSI
指数,h01165,中证香港200全收益,h01165.CSI,CSI
指数,h01166,中证HK300内地全收益,h01166.CSI,CSI
指数,h01167,中证HK300本地全收益,h01167.CSI,CSI
指数,h01168,中证香港300人民币全收益,h01168.CSI,CSI
指数,h01169,中证香港200人民币全收益,h01169.CSI,CSI
指数,h01170,中证HK300内地人民币全收益,h01170.CSI,CSI
指数,h01171,中证HK300本地人民币全收益,h01171.CSI,CSI
指数,h01172,中证HK300V全收益,h01172.CSI,CSI
指数,h01173,中证HK300G全收益,h01173.CSI,CSI
指数,h01174,中证HK300RV全收益,h01174.CSI,CSI
指数,h01175,中证HK300RG全收益,h01175.CSI,CSI
指数,h01176,中证HK300V人民币全收益,h01176.CSI,CSI
指数,h01177,中证HK300G人民币全收益,h01177.CSI,CSI
指数,h01178,中证HK300RV人民币全收益,h01178.CSI,CSI
指数,h01179,中证HK300RG人民币全收益,h01179.CSI,CSI
指数,h01181,中证金砖国家全收益,h01181.CSI,CSI
指数,h01182,中证金砖USD全收益,h01182.CSI,CSI
指数,h01183,中证金砖(HK)全收益,h01183.CSI,CSI
指数,h01184,中证金砖(HK) U全收益,h01184.CSI,CSI
指数,h11030,AMAC农林,h11030.CSI,CSI
指数,h11031,AMAC采矿,h11031.CSI,CSI
指数,h11041,AMAC公用,h11041.CSI,CSI
指数,h11042,AMAC建筑,h11042.CSI,CSI
指数,h11043,AMAC交运,h11043.CSI,CSI
指数,h11044,AMAC信息,h11044.CSI,CSI
指数,h11045,AMAC批零,h11045.CSI,CSI
指数,h11046,AMAC金融,h11046.CSI,CSI
指数,h11047,AMAC地产,h11047.CSI,CSI
指数,h11049,AMAC文体,h11049.CSI,CSI
指数,h11050,AMAC综企,h11050.CSI,CSI
指数,h11051,钢铁产业,h11051.CSI,CSI
指数,h11052,智能电车,h11052.CSI,CSI
指数,h11053,纺织产业,h11053.CSI,CSI
指数,h11054,装备产业,h11054.CSI,CSI
指数,h11055,船舶产业,h11055.CSI,CSI
指数,h11057,石化产业,h11057.CSI,CSI
指数,h11058,轻工产业,h11058.CSI,CSI
指数,h11059,工业有色,h11059.CSI,CSI
指数,h11060,物流产业,h11060.CSI,CSI
指数,h11100,香港100,h11100.CSI,CSI
指数,h11101,香港100人民币,h11101.CSI,CSI
指数,h11102,非港内地,h11102.CSI,CSI
指数,h11103,香港内地50人民币,h11103.CSI,CSI
指数,h11104,海外内地,h11104.CSI,CSI
指数,h11105,非台海外,h11105.CSI,CSI
指数,h11106,非台华股,h11106.CSI,CSI
指数,h11108,两岸三地,h11108.CSI,CSI
指数,h11110,香港F50,h11110.CSI,CSI
指数,h11111,香港F50人民币,h11111.CSI,CSI
指数,h11112,非港内地美元,h11112.CSI,CSI
指数,h11113,中国低碳,h11113.CSI,CSI
指数,h11114,海外内地美元,h11114.CSI,CSI
指数,h11115,非台海外美元,h11115.CSI,CSI
指数,h11116,非台华股美元,h11116.CSI,CSI
指数,h11118,两岸三地美元,h11118.CSI,CSI
指数,h11120,香港中盘精选,h11120.CSI,CSI
指数,h11121,富国多空,h11121.CSI,CSI
指数,h11123,香港内地50,h11123.CSI,CSI
指数,h11124,海外内地港元,h11124.CSI,CSI
指数,h11125,非台海外港元,h11125.CSI,CSI
指数,h11126,非台华股港元,h11126.CSI,CSI
指数,h11128,两岸三地港元,h11128.CSI,CSI
指数,h11134,中证中国东盟180,h11134.CSI,CSI
指数,h11135,中证中国东盟180美元,h11135.CSI,CSI
指数,h11136,中国互联网,h11136.CSI,CSI
指数,h11136EUR13,中国互联网EUR(CNH)(LN),h11136EUR13.CSI,CSI
指数,h11136EUR14,中国互联网(全)EUR(CNH)(LN),h11136EUR14.CSI,CSI
指数,h11136GBP13,中国互联网GBP(CNH)(LN),h11136GBP13.CSI,CSI
指数,h11136GBP14,中国互联网(全)GBP(CNH)(LN),h11136GBP14.CSI,CSI
指数,h11137,中国互联网美元,h11137.CSI,CSI
指数,h11138,两岸三地新台币,h11138.CSI,CSI
指数,h11140,香港红利,h11140.CSI,CSI
指数,h11141,香港红利人民币,h11141.CSI,CSI
指数,h11142,HKT香港地产,h11142.CSI,CSI
指数,h11143,港股通内地地产,h11143.CSI,CSI
指数,h11144,HKT内地消费,h11144.CSI,CSI
指数,h11145,HKT内地银行,h11145.CSI,CSI
指数,h11146,港股通内地金融,h11146.CSI,CSI
指数,h11147,HKT香港地产CNY,h11147.CSI,CSI
指数,h11148,港股通内地地产人民币,h11148.CSI,CSI
指数,h11149,HKT内地消费人民币,h11149.CSI,CSI
指数,h11150,HKT内地银行人民币,h11150.CSI,CSI
指数,h11151,港股通内地金融人民币,h11151.CSI,CSI
指数,h11152,内地民营,h11152.CSI,CSI
指数,h11153,内地国有,h11153.CSI,CSI
指数,h11154,内地民营人民币,h11154.CSI,CSI
指数,h11155,内地国有人民币,h11155.CSI,CSI
指数,h11156,中国可选消费,h11156.CSI,CSI
指数,h11157,中国可选消费U$,h11157.CSI,CSI
指数,h11158,中国主要消费,h11158.CSI,CSI
指数,h11159,中国主要消费美元,h11159.CSI,CSI
指数,h11160,中国五年规划,h11160.CSI,CSI
指数,h11161,中国五年规划美元,h11161.CSI,CSI
指数,h11162,中国城市化,h11162.CSI,CSI
指数,h11163,中国城市化美元,h11163.CSI,CSI
指数,h11164,中证香港300,h11164.CSI,CSI
指数,h11165,中证香港200,h11165.CSI,CSI
指数,h11166,中证HK300内地,h11166.CSI,CSI
指数,h11167,中证HK300本地,h11167.CSI,CSI
指数,h11168,中证香港300人民币,h11168.CSI,CSI
指数,h11169,中证香港200人民币,h11169.CSI,CSI
指数,h11170,中证HK300内地人民币,h11170.CSI,CSI
指数,h11171,中证HK300本地人民币,h11171.CSI,CSI
指数,h11172,中证HK300V,h11172.CSI,CSI
指数,h11173,中证HK300G,h11173.CSI,CSI
指数,h11174,中证HK300RV,h11174.CSI,CSI
指数,h11175,中证HK300RG,h11175.CSI,CSI
指数,h11176,中证HK300V人民币,h11176.CSI,CSI
指数,h11177,中证HK300G人民币,h11177.CSI,CSI
指数,h11178,中证HK300RV人民币,h11178.CSI,CSI
指数,h11179,中证HK300RG人民币,h11179.CSI,CSI
指数,h11180,中证合成期权,h11180.CSI,CSI
指数,h11181,中证金砖国家,h11181.CSI,CSI
指数,h11182,中证金砖USD,h11182.CSI,CSI
指数,h11183,中证金砖(HK),h11183.CSI,CSI
指数,h11184,中证金砖(HK) U,h11184.CSI,CSI
指数,h20001,中证环渤海全收益,h20001.CSI,CSI
指数,h20002,中证长三角全收益,h20002.CSI,CSI
指数,h20004,中证中部崛起全收益,h20004.CSI,CSI
指数,h20005,中证西部开发全收益,h20005.CSI,CSI
指数,h20006,中证东北振兴全收益,h20006.CSI,CSI
指数,h20007,中证芯片产业全收益,h20007.CSI,CSI
指数,h20011,中证800材料全收益,h20011.CSI,CSI
指数,h20012,中证800资本全收益,h20012.CSI,CSI
指数,h20013,800商业全收益,h20013.CSI,CSI
指数,h20014,800运输全收益,h20014.CSI,CSI
指数,h20015,中证800汽车全收益,h20015.CSI,CSI
指数,h20016,800耐用全收益,h20016.CSI,CSI
指数,h20017,800服务全收益,h20017.CSI,CSI
指数,h20018,800传媒全收益,h20018.CSI,CSI
指数,h20019,800零售全收益,h20019.CSI,CSI
指数,h20020,800食品全收益,h20020.CSI,CSI
指数,h20022,800银行全收益,h20022.CSI,CSI
指数,h20023,800资本全收益,h20023.CSI,CSI
指数,h20024,800保险全收益,h20024.CSI,CSI
指数,h20025,800地产全收益,h20025.CSI,CSI
指数,h20031,800有色全收益,h20031.CSI,CSI
指数,h20033,800证保全收益,h20033.CSI,CSI
指数,h20034,中证300有色全收益,h20034.CSI,CSI
指数,h20035,中证300非银金融全收益,h20035.CSI,CSI
指数,h20068,中证文化全收益,h20068.CSI,CSI
指数,h20073,中证红利回报全收益,h20073.CSI,CSI
指数,h20074,中证服务全收益,h20074.CSI,CSI
指数,h20079,沪深300信服全收益,h20079.CSI,CSI
指数,h20080,沪深300消服全收益,h20080.CSI,CSI
指数,h20081,沪深300公运全收益,h20081.CSI,CSI
指数,h20086,800金融全收益,h20086.CSI,CSI
指数,h20087,中证500动态全收益,h20087.CSI,CSI
指数,h20088,中证500稳定全收益,h20088.CSI,CSI
指数,h20089,红利潜力全收益,h20089.CSI,CSI
指数,h20090,能源红利全收益,h20090.CSI,CSI
指数,h20091,材料红利全收益,h20091.CSI,CSI
指数,h20092,工业红利全收益,h20092.CSI,CSI
指数,h20093,可选红利全收益,h20093.CSI,CSI
指数,h20094,消费红利全收益,h20094.CSI,CSI
指数,h20095,医药红利全收益,h20095.CSI,CSI
指数,h20096,金融红利全收益,h20096.CSI,CSI
指数,h20097,信息红利全收益,h20097.CSI,CSI
指数,h20098,电信红利全收益,h20098.CSI,CSI
指数,h20099,公用红利全收益,h20099.CSI,CSI
指数,h20100,港股通上游资源(全),h20100.CSI,CSI
指数,h20101,H300中游港币(全),h20101.CSI,CSI
指数,h20102,H300下游港币(全),h20102.CSI,CSI
指数,h20103,H300周期港币(全),h20103.CSI,CSI
指数,h20104,H300非周期港币(全),h20104.CSI,CSI
指数,h20105,H300地产港币(全),h20105.CSI,CSI
指数,h20106,H300金融服务港币(全),h20106.CSI,CSI
指数,h20107,H300现代服务港币(全),h20107.CSI,CSI
指数,h20109,H300消费港币(全),h20109.CSI,CSI
指数,h20110,港股通上游资源(全)CNY,h20110.CSI,CSI
指数,h20111,H300中游人民币(全),h20111.CSI,CSI
指数,h20112,H300下游人民币(全),h20112.CSI,CSI
指数,h20113,H300周期人民币(全),h20113.CSI,CSI
指数,h20114,H300非周期人民币(全),h20114.CSI,CSI
指数,h20115,H300地产人民币(全),h20115.CSI,CSI
指数,h20116,H300金融服务人民币(全),h20116.CSI,CSI
指数,h20117,H300现代服务人民币(全),h20117.CSI,CSI
指数,h20119,H300消费人民币(全),h20119.CSI,CSI
指数,h20124,安中动态全收益,h20124.CSI,CSI
指数,h20131,中国消费人民币(全),h20131.CSI,CSI
指数,h20132,中国消费美元(全),h20132.CSI,CSI
指数,h20133,金砖DR全收益,h20133.CSI,CSI
指数,h20134,金砖DR U全收益,h20134.CSI,CSI
指数,h20135,金砖DR(HK)全收益,h20135.CSI,CSI
指数,h20136,金砖DR(HK)U全收益,h20136.CSI,CSI
指数,h20137,中证城镇全收益,h20137.CSI,CSI
指数,h20138,智慧城镇全收益,h20138.CSI,CSI
指数,h20139,绿色城镇全收益,h20139.CSI,CSI
指数,h20140,城镇交通全收益,h20140.CSI,CSI
指数,h20141,智能交通全收益,h20141.CSI,CSI
指数,h20142,城镇消费全收益,h20142.CSI,CSI
指数,h20143,新基建全收益,h20143.CSI,CSI
指数,h20164,中证全指汽车汽配全收益,h20164.CSI,CSI
指数,h20166,中证全指机械制造全收益,h20166.CSI,CSI
指数,h20168,中证全指证券公司全收益,h20168.CSI,CSI
指数,h20169,中证全指资本品全收益,h20169.CSI,CSI
指数,h20170,中证全指商业指数全收益,h20170.CSI,CSI
指数,h20171,中证全指运输指数全收益,h20171.CSI,CSI
指数,h20172,中证全指耐用服装全收益,h20172.CSI,CSI
指数,h20173,中证全指消费者全收益,h20173.CSI,CSI
指数,h20174,中证全指媒体指数全收益,h20174.CSI,CSI
指数,h20175,中证全指零售指数全收益,h20175.CSI,CSI
指数,h20176,中证全指食药零售全收益,h20176.CSI,CSI
指数,h20177,中证全指食品全收益,h20177.CSI,CSI
指数,h20178,中证全指医疗保健全收益,h20178.CSI,CSI
指数,h20179,制药生物全收益,h20179.CSI,CSI
指数,h20180,中证银行指数全收益,h20180.CSI,CSI
指数,h20182,计算机全收益,h20182.CSI,CSI
指数,h20183,中证全指电子全收益,h20183.CSI,CSI
指数,h20184,中证全指半导体全收益,h20184.CSI,CSI
指数,h20186,中证全指保险指数全收益,h20186.CSI,CSI
指数,h20187,中证全指化学制品全收益,h20187.CSI,CSI
指数,h20190,中证全指电子仪器全收益,h20190.CSI,CSI
指数,h20192,食品肉类全收益,h20192.CSI,CSI
指数,h20193,中证全指纺织服装全收益,h20193.CSI,CSI
指数,h20195,中证全指建筑工程全收益,h20195.CSI,CSI
指数,h20196,中证全指耐用消费全收益,h20196.CSI,CSI
指数,h20197,中证全指一般零售全收益,h20197.CSI,CSI
指数,h20198,油气产业全收益,h20198.CSI,CSI
指数,h20199,中证全指电力指数全收益,h20199.CSI,CSI
指数,h20200,中证全指交通设施全收益,h20200.CSI,CSI
指数,h20201,中证全指贸易经销全收益,h20201.CSI,CSI
指数,h20202,中证全指软件指数全收益,h20202.CSI,CSI
指数,h20203,中证全指信息服务全收益,h20203.CSI,CSI
指数,h20204,中证全指休闲服务全收益,h20204.CSI,CSI
指数,h20205,饮料指数全收益,h20205.CSI,CSI
指数,h20206,中证全指纸类林业全收益,h20206.CSI,CSI
指数,h20207,中证全指电脑设备全收益,h20207.CSI,CSI
指数,h20208,中证全指专营零售全收益,h20208.CSI,CSI
指数,h20209,中证全指建筑产品全收益,h20209.CSI,CSI
指数,h20211,中证全指资本市场全收益,h20211.CSI,CSI
指数,h20213,CS航空航天全收益,h20213.CSI,CSI
指数,h20214,中证全指油气开采服务全收益,h20214.CSI,CSI
指数,h20215,中证全指休闲用品全收益,h20215.CSI,CSI
指数,h20216,航运指数全收益,h20216.CSI,CSI
指数,h20217,医疗器械全收益,h20217.CSI,CSI
指数,h20218,中证全指水务指数全收益,h20218.CSI,CSI
指数,h20219,中证全指容器包装全收益,h20219.CSI,CSI
指数,h20220,中证全指文化娱乐全收益,h20220.CSI,CSI
指数,h20221,中证全指复合公用全收益,h20221.CSI,CSI
指数,h20222,中证全指运输业全收益,h20222.CSI,CSI
指数,h20223,中证全指航空公司全收益,h20223.CSI,CSI
指数,h20229,中证军工全收益,h20229.CSI,CSI
指数,h20230,H300LV(全),h20230.CSI,CSI
指数,h20231,H300LB(全),h20231.CSI,CSI
指数,h20232,H300HB(全),h20232.CSI,CSI
指数,h20233,H300稳定(全),h20233.CSI,CSI
指数,h20234,H300动态(全),h20234.CSI,CSI
指数,h20235,H300CNLV(全),h20235.CSI,CSI
指数,h20236,H300CNLB(全)(HKD),h20236.CSI,CSI
指数,h20237,H300CNHB(全),h20237.CSI,CSI
指数,h20238,HK100EW(全),h20238.CSI,CSI
指数,h20239,HKCN50EW(全),h20239.CSI,CSI
指数,h20240,H300LV(全)CNY,h20240.CSI,CSI
指数,h20241,H300LB(全)CNY,h20241.CSI,CSI
指数,h20242,H300HB(全)CNY,h20242.CSI,CSI
指数,h20243,H300稳定(全)CNY,h20243.CSI,CSI
指数,h20244,H300动态(全)CNY,h20244.CSI,CSI
指数,h20245,H300CNLV(全)CNY,h20245.CSI,CSI
指数,h20246,H300CNLB(全)CNY,h20246.CSI,CSI
指数,h20247,H300CNHB(全)CNY,h20247.CSI,CSI
指数,h20248,HK100EW(全)CNY,h20248.CSI,CSI
指数,h20249,HKCN50EW(全)CNY,h20249.CSI,CSI
指数,h20250,中证500能源全收益,h20250.CSI,CSI
指数,h20251,中证500原料全收益,h20251.CSI,CSI
指数,h20252,中证500工业全收益,h20252.CSI,CSI
指数,h20253,中证500可选全收益,h20253.CSI,CSI
指数,h20254,中证500消费全收益,h20254.CSI,CSI
指数,h20255,中证500医药全收益,h20255.CSI,CSI
指数,h20256,中证500金地全收益,h20256.CSI,CSI
指数,h20257,中证500信息全收益,h20257.CSI,CSI
指数,h20258,500通信全收益,h20258.CSI,CSI
指数,h20259,中证500公用全收益,h20259.CSI,CSI
指数,h20260,300动量全收益,h20260.CSI,CSI
指数,h20261,300ERC全收益,h20261.CSI,CSI
指数,h20262,地产等权全收益,h20262.CSI,CSI
指数,h20269,红利低波(全),h20269.CSI,CSI
指数,h20270,红利价值(全),h20270.CSI,CSI
指数,h20271,A100动态全收益,h20271.CSI,CSI
指数,h20272,A100稳定全收益,h20272.CSI,CSI
指数,h20273,200动态全收益,h20273.CSI,CSI
指数,h20274,200稳定全收益,h20274.CSI,CSI
指数,h20318,科技传媒通信150全收益,h20318.CSI,CSI
指数,h20319,中证传媒全收益,h20319.CSI,CSI
指数,h20320,移动互联全收益,h20320.CSI,CSI
指数,h20321,中证国防全收益,h20321.CSI,CSI
指数,h20324,H300银行(全),h20324.CSI,CSI
指数,h20325,H300运输(全),h20325.CSI,CSI
指数,h20326,港股通资源产业(全),h20326.CSI,CSI
指数,h20327,H300基建(全),h20327.CSI,CSI
指数,h20328,H300物流(全),h20328.CSI,CSI
指数,h20329,H300休闲(全),h20329.CSI,CSI
指数,h20330,HK细分龙头(全),h20330.CSI,CSI
指数,h20331,HK行业龙头(全),h20331.CSI,CSI
指数,h20332,香港50(全),h20332.CSI,CSI
指数,h20334,H300银行(全)CNY,h20334.CSI,CSI
指数,h20335,H300运输(全)CNY,h20335.CSI,CSI
指数,h20336,港股通资源产业(全)CNY,h20336.CSI,CSI
指数,h20337,H300基建(全)CNY,h20337.CSI,CSI
指数,h20338,H300物流(全)CNY,h20338.CSI,CSI
指数,h20339,H300休闲(全)CNY,h20339.CSI,CSI
指数,h20340,HK细分龙头(全)CNY,h20340.CSI,CSI
指数,h20341,HK行业龙头(全)CNY,h20341.CSI,CSI
指数,h20342,香港50(全)CNY,h20342.CSI,CSI
指数,h20343,养老产业全收益,h20343.CSI,CSI
指数,h20344,健康产业全收益,h20344.CSI,CSI
指数,h20349,国企改革全收益,h20349.SZ,SZ
指数,h20351,500成长全收益,h20351.CSI,CSI
指数,h20352,500价值全收益,h20352.CSI,CSI
指数,h20353,500R成长全收益,h20353.CSI,CSI
指数,h20354,500R价值全收益,h20354.CSI,CSI
指数,h20355,中证800成长全收益,h20355.CSI,CSI
指数,h20356,中证800价值全收益,h20356.CSI,CSI
指数,h20357,中证800R成长全收益,h20357.CSI,CSI
指数,h20358,中证800R价值全收益,h20358.CSI,CSI
指数,h20359,转型成长全收益,h20359.CSI,CSI
指数,h20362,基本300全收益,h20362.CSI,CSI
指数,h20363,基本500全收益,h20363.CSI,CSI
指数,h20365,文娱传媒全收益,h20365.CSI,CSI
指数,h20366,高息策略全收益,h20366.CSI,CSI
指数,h20367,大农业全收益,h20367.CSI,CSI
指数,h20368,中证高新全收益,h20368.CSI,CSI
指数,h20371,环境治理全收益,h20371.CSI,CSI
指数,h20372,中证安全全收益,h20372.CSI,CSI
指数,h20373,百发100全收益,h20373.CSI,CSI
指数,h20374,中国内地全指(全),h20374.CSI,CSI
指数,h20375,CN能源综合(全),h20375.CSI,CSI
指数,h20376,CN材料综合(全),h20376.CSI,CSI
指数,h20377,CN工业综合(全),h20377.CSI,CSI
指数,h20378,CN可选综合(全),h20378.CSI,CSI
指数,h20379,CN消费综合(全),h20379.CSI,CSI
指数,h20380,CN医药综合(全),h20380.CSI,CSI
指数,h20381,CN金融综合(全),h20381.CSI,CSI
指数,h20382,CN信息综合(全),h20382.CSI,CSI
指数,h20383,CN电信综合(全),h20383.CSI,CSI
指数,h20384,CN公用综合(全),h20384.CSI,CSI
指数,h20385,中国内地全指(全)USD,h20385.CSI,CSI
指数,h20386,CN能源综合(全)USD,h20386.CSI,CSI
指数,h20387,CN材料综合(全)USD,h20387.CSI,CSI
指数,h20388,CN工业综合(全)USD,h20388.CSI,CSI
指数,h20389,CN可选综合(全)USD,h20389.CSI,CSI
指数,h20390,CN消费综合(全)USD,h20390.CSI,CSI
指数,h20391,CN医药综合(全)USD,h20391.CSI,CSI
指数,h20392,CN金融综合(全)USD,h20392.CSI,CSI
指数,h20393,CN信息综合(全)USD,h20393.CSI,CSI
指数,h20394,CN电信综合(全)USD,h20394.CSI,CSI
指数,h20395,CN公用综合(全)USD,h20395.CSI,CSI
指数,h20399,中证智能家居全收益,h20399.CSI,CSI
指数,h20418,香港100动量(全),h20418.CSI,CSI
指数,h20419,香港200动量(全),h20419.CSI,CSI
指数,h20420,香港50ERC(全),h20420.CSI,CSI
指数,h20421,香港100ERC(全),h20421.CSI,CSI
指数,h20422,香港50EW(全),h20422.CSI,CSI
指数,h20434,香港100动量(全)CNY,h20434.CSI,CSI
指数,h20435,香港200动量(全)CNY,h20435.CSI,CSI
指数,h20436,香港50ERC(全)CNY,h20436.CSI,CSI
指数,h20437,香港100ERC(全)CNY,h20437.CSI,CSI
指数,h20438,香港50EW(全)CNY,h20438.CSI,CSI
指数,h20439,1000能源全收益,h20439.CSI,CSI
指数,h20440,1000材料全收益,h20440.CSI,CSI
指数,h20441,1000工业全收益,h20441.CSI,CSI
指数,h20442,1000可选全收益,h20442.CSI,CSI
指数,h20443,1000消费全收益,h20443.CSI,CSI
指数,h20444,1000医药全收益,h20444.CSI,CSI
指数,h20445,1000金融全收益,h20445.CSI,CSI
指数,h20446,1000信息全收益,h20446.CSI,CSI
指数,h20447,1000通信全收益,h20447.CSI,CSI
指数,h20448,1000公用全收益,h20448.CSI,CSI
指数,h20451,中证医疗全收益,h20451.CSI,CSI
指数,h20455,沪港深500(全),h20455.CSI,CSI
指数,h20456,沪港深通中小(全),h20456.CSI,CSI
指数,h20457,沪港深通综合(全),h20457.CSI,CSI
指数,h20458,沪港深500能源(全),h20458.CSI,CSI
指数,h20459,沪港深500材料(全),h20459.CSI,CSI
指数,h20460,沪港深500工业(全),h20460.CSI,CSI
指数,h20461,沪港深500可选(全),h20461.CSI,CSI
指数,h20462,沪港深500消费(全),h20462.CSI,CSI
指数,h20463,沪港深500医药(全),h20463.CSI,CSI
指数,h20464,沪港深500金融(全),h20464.CSI,CSI
指数,h20465,沪港深500信息(全),h20465.CSI,CSI
指数,h20466,沪港深500电信(全),h20466.CSI,CSI
指数,h20467,沪港深500公用(全),h20467.CSI,CSI
指数,h20468,沪港深通中小能源综合(全),h20468.CSI,CSI
指数,h20469,沪港深通中小材料综合(全),h20469.CSI,CSI
指数,h20470,沪港深通中小工业综合(全),h20470.CSI,CSI
指数,h20471,沪港深通中小可选综合(全),h20471.CSI,CSI
指数,h20472,沪港深通中小消费综合(全),h20472.CSI,CSI
指数,h20473,沪港深通中小医药综合(全),h20473.CSI,CSI
指数,h20474,沪港深通中小金融综合(全),h20474.CSI,CSI
指数,h20475,沪港深通中小信息综合(全),h20475.CSI,CSI
指数,h20476,沪港深通中小电信综合(全),h20476.CSI,CSI
指数,h20477,沪港深通中小公用综合(全),h20477.CSI,CSI
指数,h20478,沪港深通能源综合(全),h20478.CSI,CSI
指数,h20479,沪港深通材料综合(全),h20479.CSI,CSI
指数,h20480,沪港深通工业综合(全),h20480.CSI,CSI
指数,h20481,沪港深通可选综合(全),h20481.CSI,CSI
指数,h20482,沪港深通消费综合(全),h20482.CSI,CSI
指数,h20483,沪港深通医药综合(全),h20483.CSI,CSI
指数,h20484,沪港深通金融综合(全),h20484.CSI,CSI
指数,h20485,沪港深通信息综合(全),h20485.CSI,CSI
指数,h20486,沪港深通电信综合(全),h20486.CSI,CSI
指数,h20487,沪港深通公用综合(全),h20487.CSI,CSI
指数,h20488,沪港深500(全)HKD,h20488.CSI,CSI
指数,h20489,沪港深通中小(全)HKD,h20489.CSI,CSI
指数,h20490,沪港深通综合(全)HKD,h20490.CSI,CSI
指数,h20491,沪港深500能源(全)HKD,h20491.CSI,CSI
指数,h20492,沪港深500材料(全)HKD,h20492.CSI,CSI
指数,h20493,沪港深500工业(全)HKD,h20493.CSI,CSI
指数,h20494,沪港深500可选(全)HKD,h20494.CSI,CSI
指数,h20495,沪港深500消费(全)HKD,h20495.CSI,CSI
指数,h20496,沪港深500医药(全)HKD,h20496.CSI,CSI
指数,h20497,沪港深500金融(全)HKD,h20497.CSI,CSI
指数,h20498,沪港深500信息(全)HKD,h20498.CSI,CSI
指数,h20499,沪港深500电信(全)HKD,h20499.CSI,CSI
指数,h20500,沪港深500公用(全)HKD,h20500.CSI,CSI
指数,h20501,沪港深通中小能源综合(全)HKD,h20501.CSI,CSI
指数,h20502,沪港深通中小材料综合(全)HKD,h20502.CSI,CSI
指数,h20503,沪港深通中小工业综合(全)HKD,h20503.CSI,CSI
指数,h20504,沪港深通中小可选综合(全)HKD,h20504.CSI,CSI
指数,h20505,沪港深通中小消费综合(全)HKD,h20505.CSI,CSI
指数,h20506,沪港深通中小医药综合(全)HKD,h20506.CSI,CSI
指数,h20507,沪港深通中小金融综合(全)HKD,h20507.CSI,CSI
指数,h20508,沪港深通中小信息综合(全)HKD,h20508.CSI,CSI
指数,h20509,沪港深通中小电信综合(全)HKD,h20509.CSI,CSI
指数,h20510,沪港深通中小公用综合(全)HKD,h20510.CSI,CSI
指数,h20511,沪港深通能源综合(全)HKD,h20511.CSI,CSI
指数,h20512,沪港深通材料综合(全)HKD,h20512.CSI,CSI
指数,h20513,沪港深通工业综合(全)HKD,h20513.CSI,CSI
指数,h20514,沪港深通可选综合(全)HKD,h20514.CSI,CSI
指数,h20515,沪港深通消费综合(全)HKD,h20515.CSI,CSI
指数,h20516,沪港深通医药综合(全)HKD,h20516.CSI,CSI
指数,h20517,沪港深通金融综合(全)HKD,h20517.CSI,CSI
指数,h20518,沪港深通信息综合(全)HKD,h20518.CSI,CSI
指数,h20519,沪港深通电信综合(全)HKD,h20519.CSI,CSI
指数,h20520,沪港深通公用综合(全)HKD,h20520.CSI,CSI
指数,h20522,新能源车全收益,h20522.CSI,CSI
指数,h20523,中证酒全收益,h20523.CSI,CSI
指数,h20524,500ERC全收益,h20524.CSI,CSI
指数,h20525,300SER全收益,h20525.CSI,CSI
指数,h20526,500SER全收益,h20526.CSI,CSI
指数,h20531,精工制造全收益,h20531.CSI,CSI
指数,h20532,资源优选全收益,h20532.CSI,CSI
指数,h20533,中国互联网50(全),h20533.CSI,CSI
指数,h20534,中国互联网50(全)USD,h20534.CSI,CSI
指数,h20535,互联网全收益,h20535.CSI,CSI
指数,h20536,高铁产业全收益,h20536.CSI,CSI
指数,h20537,淘金100全收益,h20537.CSI,CSI
指数,h20538,煤炭等权全收益,h20538.CSI,CSI
指数,h20539,中证白酒全收益,h20539.CSI,CSI
指数,h20542,中证体育全收益,h20542.CSI,CSI
指数,h20543,中证国安全收益,h20543.CSI,CSI
指数,h20544,沪港深通上游(全),h20544.CSI,CSI
指数,h20545,沪港深通中游(全),h20545.CSI,CSI
指数,h20546,沪港深通下游(全),h20546.CSI,CSI
指数,h20547,沪港深通周期(全),h20547.CSI,CSI
指数,h20548,沪港深通非周期(全),h20548.CSI,CSI
指数,h20550,沪港深通金融服务(全),h20550.CSI,CSI
指数,h20551,沪港深通现代服务(全),h20551.CSI,CSI
指数,h20552,沪港深通TMT(全),h20552.CSI,CSI
指数,h20554,沪港深通信息产业(全),h20554.CSI,CSI
指数,h20555,沪港深通银行(全),h20555.CSI,CSI
指数,h20556,沪港深通运输(全),h20556.CSI,CSI
指数,h20557,沪港深通资源(全),h20557.CSI,CSI
指数,h20558,沪港深通基建(全),h20558.CSI,CSI
指数,h20559,沪港深通物流(全),h20559.CSI,CSI
指数,h20560,沪港深通休闲(全),h20560.CSI,CSI
指数,h20561,沪港深500上游(全),h20561.CSI,CSI
指数,h20562,沪港深500中游(全),h20562.CSI,CSI
指数,h20563,沪港深500下游(全),h20563.CSI,CSI
指数,h20564,沪港深500周期(全),h20564.CSI,CSI
指数,h20565,沪港深500非周期(全),h20565.CSI,CSI
指数,h20566,沪港深通上游(全)HKD,h20566.CSI,CSI
指数,h20567,沪港深通中游(全)HKD,h20567.CSI,CSI
指数,h20568,沪港深通下游(全)HKD,h20568.CSI,CSI
指数,h20569,沪港深通周期(全)HKD,h20569.CSI,CSI
指数,h20570,沪港深通非周期(全)HKD,h20570.CSI,CSI
指数,h20572,沪港深通金融服务(全)HKD,h20572.CSI,CSI
指数,h20573,沪港深通现代服务(全)HKD,h20573.CSI,CSI
指数,h20574,沪港深通TMT(全)HKD,h20574.CSI,CSI
指数,h20576,沪港深通信息产业(全)HKD,h20576.CSI,CSI
指数,h20577,沪港深通银行(全)HKD,h20577.CSI,CSI
指数,h20578,沪港深通运输(全)HKD,h20578.CSI,CSI
指数,h20579,沪港深通资源(全)HKD,h20579.CSI,CSI
指数,h20580,沪港深通基建(全)HKD,h20580.CSI,CSI
指数,h20581,沪港深通物流(全)HKD,h20581.CSI,CSI
指数,h20582,沪港深通休闲(全)HKD,h20582.CSI,CSI
指数,h20583,沪港深500上游(全)HKD,h20583.CSI,CSI
指数,h20584,沪港深500中游(全)HKD,h20584.CSI,CSI
指数,h20585,沪港深500下游(全)HKD,h20585.CSI,CSI
指数,h20586,沪港深500周期(全)HKD,h20586.CSI,CSI
指数,h20587,沪港深500非周期(全)HKD,h20587.CSI,CSI
指数,h20588,中证证保全收益,h20588.CSI,CSI
指数,h20590,机器人全收益,h20590.CSI,CSI
指数,h20591,互联金融全收益,h20591.CSI,CSI
指数,h20592,中证新能全收益,h20592.CSI,CSI
指数,h20593,一带一路全收益,h20593.CSI,CSI
指数,h20595,保险主题全收益,h20595.CSI,CSI
指数,h20596,中证煤炭全收益,h20596.CSI,CSI
指数,h20597,新材料全收益,h20597.CSI,CSI
指数,h20598,稀土产业全收益,h20598.CSI,CSI
指数,h20599,中证高装全收益,h20599.CSI,CSI
指数,h20600,工业4.0全收益,h20600.CSI,CSI
指数,h20601,中证软件全收益,h20601.CSI,CSI
指数,h20602,信息安全全收益,h20602.CSI,CSI
指数,h20603,基建工程全收益,h20603.CSI,CSI
指数,h20604,中国互联网30(全),h20604.CSI,CSI
指数,h20605,中国互联网30(全)USD,h20605.CSI,CSI
指数,h20606,中证钢铁全收益,h20606.CSI,CSI
指数,h20607,中证汽车全收益,h20607.CSI,CSI
指数,h20608,中证基建全收益,h20608.CSI,CSI
指数,h20611,中小国改全收益,h20611.CSI,CSI
指数,h20612,混合改革全收益,h20612.CSI,CSI
指数,h20613,非周民企全收益,h20613.CSI,CSI
指数,h20614,环保50全收益,h20614.CSI,CSI
指数,h20616,中证文体全收益,h20616.CSI,CSI
指数,h20617,军工信息全收益,h20617.CSI,CSI
指数,h20618,中证保险全收益,h20618.CSI,CSI
指数,h20619,黄金采掘全收益,h20619.CSI,CSI
指数,h20620,CSSW丝路全收益,h20620.CSI,CSI
指数,h20621,CSSW高铁全收益,h20621.CSI,CSI
指数,h20622,CSSW白酒全收益,h20622.CSI,CSI
指数,h20625,SHS互联网(全),h20625.CSI,CSI
指数,h20626,沪港深内地保险(全),h20626.CSI,CSI
指数,h20627,SHS互联网(全)HKD,h20627.CSI,CSI
指数,h20628,沪港深内地保险(全)HKD,h20628.CSI,CSI
指数,h20629,CSSW健康全收益,h20629.CSI,CSI
指数,h20630,CSWD并购全收益,h20630.CSI,CSI
指数,h20631,CSWD生科全收益,h20631.CSI,CSI
指数,h20632,CS稀金属全收益,h20632.CSI,CSI
指数,h20633,中证旅游全收益,h20633.CSI,CSI
指数,h20634,CS土改农全收益,h20634.CSI,CSI
指数,h20635,CS智慧农全收益,h20635.CSI,CSI
指数,h20640,CSWD重组全收益,h20640.CSI,CSI
指数,h20641,中证中药全收益,h20641.CSI,CSI
指数,h20642,中证核电全收益,h20642.CSI,CSI
指数,h20643,CS轻资产全收益,h20643.CSI,CSI
指数,h20644,港股通中国内地全(HKD),h20644.CSI,CSI
指数,h20645,港股通中国内地全(CNY),h20645.CSI,CSI
指数,h20646,美股中国内地全(USD),h20646.CSI,CSI
指数,h20647,美股中国内地全(CNY),h20647.CSI,CSI
指数,h20648,CS智消费全收益,h20648.CSI,CSI
指数,h20649,中证安防全收益,h20649.CSI,CSI
指数,h20650,中证海洋全收益,h20650.CSI,CSI
指数,h20651,CS计算机全收益,h20651.CSI,CSI
指数,h20652,CS电子全收益,h20652.CSI,CSI
指数,h20653,CS食品饮全收益,h20653.CSI,CSI
指数,h20654,CS休闲娱全收益,h20654.CSI,CSI
指数,h20660,CSSW体育全收益,h20660.CSI,CSI
指数,h20661,CSSW互金全收益,h20661.CSI,CSI
指数,h20662,CS现代农全收益,h20662.CSI,CSI
指数,h20667,300精明全收益,h20667.CSI,CSI
指数,h20668,300精明(HKD)全收益,h20668.CSI,CSI
指数,h20669,300精明(USD)全收益,h20669.CSI,CSI
指数,h20670,500商业全收益,h20670.CSI,CSI
指数,h20671,500运输全收益,h20671.CSI,CSI
指数,h20672,500资本品全收益,h20672.CSI,CSI
指数,h20673,500房地产全收益,h20673.CSI,CSI
指数,h20674,500零售全收益,h20674.CSI,CSI
指数,h20675,500媒体全收益,h20675.CSI,CSI
指数,h20676,500耐用全收益,h20676.CSI,CSI
指数,h20677,500汽车汽配全收益,h20677.CSI,CSI
指数,h20679,500硬件全收益,h20679.CSI,CSI
指数,h20680,500软件全收益,h20680.CSI,CSI
指数,h20681,500制药生物全收益,h20681.CSI,CSI
指数,h20682,500食品饮料全收益,h20682.CSI,CSI
指数,h20683,500电气设备全收益,h20683.CSI,CSI
指数,h20684,500机械全收益,h20684.CSI,CSI
指数,h20685,500建筑工程全收益,h20685.CSI,CSI
指数,h20686,500多元零售全收益,h20686.CSI,CSI
指数,h20687,500纺织服装全收益,h20687.CSI,CSI
指数,h20688,500耐用消费全收益,h20688.CSI,CSI
指数,h20689,500煤炭全收益,h20689.CSI,CSI
指数,h20690,500电子仪器全收益,h20690.CSI,CSI
指数,h20691,500制药全收益,h20691.CSI,CSI
指数,h20692,500化学制品全收益,h20692.CSI,CSI
指数,h20693,500建筑材料全收益,h20693.CSI,CSI
指数,h20694,500有色全收益,h20694.CSI,CSI
指数,h20695,500农牧渔全收益,h20695.CSI,CSI
指数,h20696,500饮料全收益,h20696.CSI,CSI
指数,h20697,家用电器全收益,h20697.CSI,CSI
指数,h20698,CS水利全收益,h20698.CSI,CSI
指数,h20700,CS上海全收益,h20700.CSI,CSI
指数,h20701,CS京津冀全收益,h20701.CSI,CSI
指数,h20702,CS西部全收益,h20702.CSI,CSI
指数,h20703,福建50全收益,h20703.CSI,CSI
指数,h20704,CS广东全收益,h20704.CSI,CSI
指数,h20706,中证水泥全收益,h20706.CSI,CSI
指数,h20707,中证畜牧全收益,h20707.CSI,CSI
指数,h20708,中证有色全收益,h20708.CSI,CSI
指数,h20709,香港证券全收益,h20709.CSI,CSI
指数,h20710,香港证券(CNY)全收益,h20710.CSI,CSI
指数,h20711,CS智穿戴全收益,h20711.CSI,CSI
指数,h20712,CS物联网全收益,h20712.CSI,CSI
指数,h20713,CS人工智全收益,h20713.CSI,CSI
指数,h20715,CS朝阳88全收益,h20715.CSI,CSI
指数,h20716,CS物流全收益,h20716.CSI,CSI
指数,h20717,SHS中国教育全收益,h20717.CSI,CSI
指数,h20718,CS航运全收益,h20718.CSI,CSI
指数,h20719,CS精准医全收益,h20719.CSI,CSI
指数,h20720,CS互医疗全收益,h20720.CSI,CSI
指数,h20721,CS智汽车全收益,h20721.CSI,CSI
指数,h20722,CS互平台全收益,h20722.CSI,CSI
指数,h20723,沪港深F100全收益,h20723.CSI,CSI
指数,h20724,沪港深F100(HKD)全收益,h20724.CSI,CSI
指数,h20725,CS车联网全收益,h20725.CSI,CSI
指数,h20726,CS生医全收益,h20726.CSI,CSI
指数,h20727,CS自贸区全收益,h20727.CSI,CSI
指数,h20728,CS乐园全收益,h20728.CSI,CSI
指数,h20732,CS中国造全收益,h20732.CSI,CSI
指数,h20733,CS互联+全收益,h20733.CSI,CSI
指数,h20734,360互联+全收益,h20734.CSI,CSI
指数,h20735,海外中国内地全(CNY),h20735.CSI,CSI
指数,h20736,海外中国内地全(HKD),h20736.CSI,CSI
指数,h20737,海外中国内地全(USD),h20737.CSI,CSI
指数,h20738,四川国改全收益,h20738.CSI,CSI
指数,h20740,300红利低波全收益,h20740.CSI,CSI
指数,h20741,CS航空全收益,h20741.CSI,CSI
指数,h20742,中证电商全收益,h20742.CSI,CSI
指数,h20743,中证生科全收益,h20743.CSI,CSI
指数,h20745,CSWD数据全收益,h20745.CSI,CSI
指数,h20746,港中小企全收益,h20746.CSI,CSI
指数,h20747,港中小企(CNY)全收益,h20747.CSI,CSI
指数,h20748,沪深300(全)USD,h20748.CSI,CSI
指数,h20749,沪深300(全)USD(CNH),h20749.CSI,CSI
指数,h20750,中证500(全)USD,h20750.CSI,CSI
指数,h20751,中证500(全)USD(CNH),h20751.CSI,CSI
指数,h20752,中证500(全)HKD,h20752.CSI,CSI
指数,h20753,中证500(全)HKD(CNH),h20753.CSI,CSI
指数,h20754,民企成长(全)USD,h20754.CSI,CSI
指数,h20755,民企成长(全)USD(CNH),h20755.CSI,CSI
指数,h20756,环保(全)USD,h20756.CSI,CSI
指数,h20757,环保(全)USD(CNH),h20757.CSI,CSI
指数,h20758,凤凰50全收益,h20758.CSI,CSI
指数,h20766,民企高装主题全收益,h20766.CSI,CSI
指数,h20767,沪深300优选全收益,h20767.CSI,CSI
指数,h20768,沪深300优选(HKD)全收益,h20768.CSI,CSI
指数,h20771,CS新能源全收益,h20771.CSI,CSI
指数,h20776,CS增持全收益,h20776.CSI,CSI
指数,h20777,CS定增全收益,h20777.CSI,CSI
指数,h20781,中证影视全收益,h20781.CSI,CSI
指数,h20782,500SNLV全收益,h20782.CSI,CSI
指数,h20783,CS英大EI全收益,h20783.CSI,CSI
指数,h20789,CSMA预期全收益,h20789.CSI,CSI
指数,h20790,CS娱乐TI全收益,h20790.CSI,CSI
指数,h20791,CS医药TI全收益,h20791.CSI,CSI
指数,h20792,HK银行(全)HKD,h20792.CSI,CSI
指数,h20793,HK银行(全)CNY,h20793.CSI,CSI
指数,h20794,中美互联网(全)CNY,h20794.CSI,CSI
指数,h20795,中美互联网(全)USD,h20795.CSI,CSI
指数,h20796,全球中国互联网(全)CNY,h20796.CSI,CSI
指数,h20797,全球中国互联网(全)USD,h20797.CSI,CSI
指数,h20820,CS高端制全收益,h20820.CSI,CSI
指数,h20821,中证VR全收益,h20821.CSI,CSI
指数,h20836,沪港深高股息(全)CNY,h20836.CSI,CSI
指数,h20837,沪港深高股息(全)HKD,h20837.CSI,CSI
指数,h20838,CS高股息全收益,h20838.CSI,CSI
指数,h20839,港股通高息精选(全),h20839.CSI,CSI
指数,h20840,港股通高息精选全CNY,h20840.CSI,CSI
指数,h20845,CS供给侧全收益,h20845.CSI,CSI
指数,h20846,300SNLV全收益,h20846.CSI,CSI
指数,h20847,800SNLV全收益,h20847.CSI,CSI
指数,h20848,1000SNLV全收益,h20848.CSI,CSI
指数,h20850,智能制造全收益,h20850.CSI,CSI
指数,h20851,云计算全收益,h20851.CSI,CSI
指数,h20852,量子通信全收益,h20852.CSI,CSI
指数,h20853,海绵城市全收益,h20853.CSI,CSI
指数,h20854,水环境全收益,h20854.CSI,CSI
指数,h20855,CS质量成长全收益,h20855.CSI,CSI
指数,h20856,HK质量(全)HKD,h20856.CSI,CSI
指数,h20857,HK质量(全)CNY,h20857.CSI,CSI
指数,h20858,沪港深质量(全)CNY,h20858.CSI,CSI
指数,h20859,沪港深质量(全)HKD,h20859.CSI,CSI
指数,h20860,盈利质量全收益,h20860.CSI,CSI
指数,h20861,香港EQ(全)HKD,h20861.CSI,CSI
指数,h20862,香港EQ(全)CNY,h20862.CSI,CSI
指数,h20863,沪港深EQ(全)CNY,h20863.CSI,CSI
指数,h20864,沪港深EQ(全)HKD,h20864.CSI,CSI
指数,h20875,空天一体全收益,h20875.CSI,CSI
指数,h20876,香港彩娱(全)HKD,h20876.CSI,CSI
指数,h20877,香港彩娱(全)CNY,h20877.CSI,CSI
指数,h20878,中国质量成长(全)CNY,h20878.CSI,CSI
指数,h20879,中国质量成长(全)USD,h20879.CSI,CSI
指数,h20880,中国盈利质量(全)CNY,h20880.CSI,CSI
指数,h20881,中国盈利质量(全)USD,h20881.CSI,CSI
指数,h20882,CS珠三角全收益,h20882.CSI,CSI
指数,h20883,创新驱动全收益,h20883.CSI,CSI
指数,h20884,300创新全收益,h20884.CSI,CSI
指数,h20885,500创新全收益,h20885.CSI,CSI
指数,h20899,全球消费50(全),h20899.CSI,CSI
指数,h20900,全球消费50(全)USD,h20900.CSI,CSI
指数,h20901,动漫游戏全收益,h20901.CSI,CSI
指数,h20902,中证数据全收益,h20902.CSI,CSI
指数,h20903,中证A股全收益,h20903.CSI,CSI
指数,h20907,香港海外高股息(全),h20907.CSI,CSI
指数,h20908,香港海外高股息全CNY,h20908.CSI,CSI
指数,h20910,农牧渔全收益,h20910.CSI,CSI
指数,h20911,中证化学原料全收益,h20911.CSI,CSI
指数,h20914,港股通高股息(全),h20914.CSI,CSI
指数,h20915,港股通高股息(全)CNY,h20915.CSI,CSI
指数,h20917,SHS高股息(全),h20917.CSI,CSI
指数,h20918,SHS高股息(全)HKD,h20918.CSI,CSI
指数,h20923,港中国中小(全)(HKD),h20923.CSI,CSI
指数,h20924,港中国中小(全)CNY,h20924.CSI,CSI
指数,h20925,沪港深保险(全),h20925.CSI,CSI
指数,h20926,沪港深保险(全)HKD,h20926.CSI,CSI
指数,h20927,CX基石全收益,h20927.CSI,CSI
指数,h20928,CX新动能全收益,h20928.CSI,CSI
指数,h20930,港股综合(全)(HKD),h20930.CSI,CSI
指数,h20931,港股通50(全)(HKD),h20931.CSI,CSI
指数,h20932,港股通内地证券(全),h20932.CSI,CSI
指数,h20933,港股综合(全)CNY,h20933.CSI,CSI
指数,h20934,港股通50(全)CNY,h20934.CSI,CSI
指数,h20935,港股通内地证券(全)CNY,h20935.CSI,CSI
指数,h20937,稳健成长全收益,h20937.CSI,CSI
指数,h20938,500成长估值全收益,h20938.CSI,CSI
指数,h20939,500质量成长全收益,h20939.CSI,CSI
指数,h20945,香港新股(全)(HKD),h20945.CSI,CSI
指数,h20946,香港新股(全)(CNY),h20946.CSI,CSI
指数,h20949,价值回报全收益,h20949.CSI,CSI
指数,h20955,红利低波100全收益,h20955.CSI,CSI
指数,h20956,绿色投资全收益,h20956.CSI,CSI
指数,h20957,港股通中国100(全),h20957.CSI,CSI
指数,h20958,港股通中国100(全)CNY,h20958.CSI,CSI
指数,h20959,港股通海外50(全),h20959.CSI,CSI
指数,h20960,港股通能源C(全),h20960.CSI,CSI
指数,h20961,港股通材料C(全),h20961.CSI,CSI
指数,h20962,港股通工业C(全),h20962.CSI,CSI
指数,h20964,港股通消费C(全),h20964.CSI,CSI
指数,h20965,港股通医药C(全),h20965.CSI,CSI
指数,h20966,港股通金融C(全),h20966.CSI,CSI
指数,h20967,港股通信息C(全),h20967.CSI,CSI
指数,h20968,港股通通信C(全),h20968.CSI,CSI
指数,h20969,港股通公用C(全),h20969.CSI,CSI
指数,h20970,港股通能源C(全)CNY,h20970.CSI,CSI
指数,h20971,港股通材料C(全)CNY,h20971.CSI,CSI
指数,h20972,港股通工业C(全)CNY,h20972.CSI,CSI
指数,h20974,港股通消费C(全)CNY,h20974.CSI,CSI
指数,h20975,港股通医药C(全)CNY,h20975.CSI,CSI
指数,h20976,港股通金融C(全)CNY,h20976.CSI,CSI
指数,h20977,港股通信息C(全)CNY,h20977.CSI,CSI
指数,h20978,港股通通信C(全)CNY,h20978.CSI,CSI
指数,h20979,港股通公用C(全)CNY,h20979.CSI,CSI
指数,h20980,港股通海外50(全)CNY,h20980.CSI,CSI
指数,h20981,东北指数全收益,h20981.CSI,CSI
指数,h20985,500LBLV全收益,h20985.CSI,CSI
指数,h20986,金融科技全收益,h20986.CSI,CSI
指数,h20987,安徽发展全收益,h20987.CSI,CSI
指数,h20992,沪港深红利低波(全)(CNY),h20992.CSI,CSI
指数,h20993,沪港深红利低波(全)(HKD),h20993.CSI,CSI
指数,h20997,新能源车全收益,h20997.CSI,CSI
指数,h20998,港股通大湾区(全),h20998.CSI,CSI
指数,h20999,SHS大湾区(全),h20999.CSI,CSI
指数,h21000,大湾区全收益,h21000.CSI,CSI
指数,h21001,港股通大湾区(全)CNY,h21001.CSI,CSI
指数,h21002,SHS大湾区(全)HKD,h21002.CSI,CSI
指数,h21004,女性消费全收益,h21004.CSI,CSI
指数,h21005,母婴消费全收益,h21005.CSI,CSI
指数,h21006,老年消费全收益,h21006.CSI,CSI
指数,h21008,中证全指汽车指数全收益,h21008.CSI,CSI
指数,h21009,中证全指建筑材料全收益,h21009.CSI,CSI
指数,h21013,消费低波全收益,h21013.CSI,CSI
指数,h21014,成长低波全收益,h21014.CSI,CSI
指数,h21020,装配建筑全收益,h21020.CSI,CSI
指数,h21021,家电龙头全收益,h21021.CSI,CSI
指数,h21022,大气治理全收益,h21022.CSI,CSI
指数,h21023,北京50全收益,h21023.CSI,CSI
指数,h21024,港股通非银(全),h21024.CSI,CSI
指数,h21025,港股通地产(全),h21025.CSI,CSI
指数,h21026,港股通 TMT(全),h21026.CSI,CSI
指数,h21027,港股通大消费(全),h21027.CSI,CSI
指数,h21028,港股通非银(全)CNY,h21028.CSI,CSI
指数,h21029,港股通地产(全)CNY,h21029.CSI,CSI
指数,h21030,港股通 TMT(全)CNY,h21030.CSI,CSI
指数,h21031,港股通大消费(全)CNY,h21031.CSI,CSI
指数,h21032,复兴100全收益,h21032.CSI,CSI
指数,h21033,杭州湾区全收益,h21033.CSI,CSI
指数,h21037,绿色领先全收益,h21037.CSI,CSI
指数,h21038,A100AH(全),h21038.CSI,CSI
指数,h21039,银行AH(全),h21039.CSI,CSI
指数,h21040,证券AH(全),h21040.CSI,CSI
指数,h21041,证保AH(全),h21041.CSI,CSI
指数,h21042,能源AH(全),h21042.CSI,CSI
指数,h21043,央企AH(全),h21043.CSI,CSI
指数,h21044,国企AH(全),h21044.CSI,CSI
指数,h21045,A100AH(全)HKD,h21045.CSI,CSI
指数,h21046,银行AH(全)HKD,h21046.CSI,CSI
指数,h21047,证券AH(全)HKD,h21047.CSI,CSI
指数,h21048,证保AH(全)HKD,h21048.CSI,CSI
指数,h21049,能源AH(全)HKD,h21049.CSI,CSI
指数,h21050,央企AH(全)HKD,h21050.CSI,CSI
指数,h21051,国企AH(全)HKD,h21051.CSI,CSI
指数,h21052,国信价值全收益,h21052.CSI,CSI
指数,h21053,高股息策略全收益,h21053.CSI,CSI
指数,h21054,财务稳健全收益,h21054.CSI,CSI
指数,h21055,稳健低波全收益,h21055.CSI,CSI
指数,h21057,股权激励全收益,h21057.CSI,CSI
指数,h21058,竞争优势全收益,h21058.CSI,CSI
指数,h21062,质量低波全收益,h21062.CSI,CSI
指数,h21063,创始经营全收益,h21063.CSI,CSI
指数,h21066,军工龙头全收益,h21066.CSI,CSI
指数,h21067,绩优策略全收益,h21067.CSI,CSI
指数,h21068,消费龙头全收益,h21068.CSI,CSI
指数,h21069,中金300全收益,h21069.CSI,CSI
指数,h21071,人工智能全收益,h21071.CSI,CSI
指数,h21072,全球中国互联网(全)HKD,h21072.CSI,CSI
指数,h21079,5G通信全收益,h21079.CSI,CSI
指数,h21083,全球电子游戏(全),h21083.CSI,CSI
指数,h21084,全球电子游戏(全)HKD,h21084.CSI,CSI
指数,h21085,全球电子游戏(全)USD,h21085.CSI,CSI
指数,h21087,科技龙头全收益,h21087.CSI,CSI
指数,h21090,海外中国能源全(CNY),h21090.CSI,CSI
指数,h21091,海外中国材料全(CNY),h21091.CSI,CSI
指数,h21092,海外中国工业全(CNY),h21092.CSI,CSI
指数,h21093,海外中国可选全(CNY),h21093.CSI,CSI
指数,h21094,海外中国消费全(CNY),h21094.CSI,CSI
指数,h21096,海外中国金融全(CNY),h21096.CSI,CSI
指数,h21097,海外中国信息全(CNY),h21097.CSI,CSI
指数,h21098,海外中国电信全(CNY),h21098.CSI,CSI
指数,h21099,海外中国公用全(CNY),h21099.CSI,CSI
指数,h21100,海外中国能源全(HKD),h21100.CSI,CSI
指数,h21101,海外中国材料全(HKD),h21101.CSI,CSI
指数,h21102,海外中国工业全(HKD),h21102.CSI,CSI
指数,h21103,海外中国可选全(HKD),h21103.CSI,CSI
指数,h21104,海外中国消费全(HKD),h21104.CSI,CSI
指数,h21106,海外中国金融全(HKD),h21106.CSI,CSI
指数,h21107,海外中国信息全(HKD),h21107.CSI,CSI
指数,h21108,海外中国电信全(HKD),h21108.CSI,CSI
指数,h21109,海外中国公用全(HKD),h21109.CSI,CSI
指数,h21110,海外中国能源全(USD),h21110.CSI,CSI
指数,h21111,海外中国材料全(USD),h21111.CSI,CSI
指数,h21112,海外中国工业全(USD),h21112.CSI,CSI
指数,h21113,海外中国可选全(USD),h21113.CSI,CSI
指数,h21114,海外中国消费全(USD),h21114.CSI,CSI
指数,h21116,海外中国金融全(USD),h21116.CSI,CSI
指数,h21117,海外中国信息全(USD),h21117.CSI,CSI
指数,h21118,海外中国电信全(USD),h21118.CSI,CSI
指数,h21119,海外中国公用全(USD),h21119.CSI,CSI
指数,h21120,中国互联网1040(全)(CNY),h21120.CSI,CSI
指数,h21121,中国互联网1040(全)(USD),h21121.CSI,CSI
指数,h21122,中国互联网1040(全)(EUR),h21122.CSI,CSI
指数,h21127,浙江新动能(全),h21127.CSI,CSI
指数,h21128,浙江新动能(全)USD,h21128.CSI,CSI
指数,h21129,盈利估值全收益,h21129.CSI,CSI
指数,h21130,红利成长低波全收益,h21130.CSI,CSI
指数,h21133,经济蓝筹全收益,h21133.CSI,CSI
指数,h21134,AH经济蓝筹(全),h21134.CSI,CSI
指数,h21135,AH经济蓝筹(全)HKD,h21135.CSI,CSI
指数,h21136,深圳科技(全),h21136.CSI,CSI
指数,h21137,深圳科技(全)HKD,h21137.CSI,CSI
指数,h21138,高息低波全收益,h21138.CSI,CSI
指数,h21139,CS消费50全收益,h21139.CSI,CSI
指数,h21140,医药50全收益,h21140.CSI,CSI
指数,h21141,CS长三角全收益,h21141.CSI,CSI
指数,h21142,东证竞争全收益,h21142.CSI,CSI
指数,h21143,CS红利配置全收益,h21143.CSI,CSI
指数,h21144,通信技术全收益,h21144.CSI,CSI
指数,h21148,ESG80全收益,h21148.CSI,CSI
指数,h21149,环境质量全收益,h21149.CSI,CSI
指数,h21150,绿色质量全收益,h21150.CSI,CSI
指数,h21151,光伏产业全收益,h21151.CSI,CSI
指数,h21152,CS创新药全收益,h21152.CSI,CSI
指数,h21155,300质量成长全收益,h21155.CSI,CSI
指数,h21156,800质量成长全收益,h21156.CSI,CSI
指数,h21157,SHS红利成长LV(全),h21157.CSI,CSI
指数,h21158,SHS红利成长LV(全)HKD,h21158.CSI,CSI
指数,h21159,创新100全收益,h21159.CSI,CSI
指数,h21160,中证全指通信设备全收益,h21160.CSI,CSI
指数,h21163,浙江100全收益,h21163.CSI,CSI
指数,h21165,新兴科技100全收益,h21165.CSI,CSI
指数,h21166,医药健康100全收益,h21166.CSI,CSI
指数,h21167,先进制造100全收益,h21167.CSI,CSI
指数,h21168,绿色价值100全收益,h21168.CSI,CSI
指数,h21169,证券30全收益,h21169.CSI,CSI
指数,h21170,民企龙头全收益,h21170.CSI,CSI
指数,h21186,中证科技全收益,h21186.CSI,CSI
指数,h21187,科技100全收益,h21187.CSI,CSI
指数,h21359,沪深300(全)AUD(CNH),h21359.CSI,CSI
指数,h30001,中证环渤海,h30001.CSI,CSI
指数,h30002,中证长三角,h30002.CSI,CSI
指数,h30004,中证中部崛起,h30004.CSI,CSI
指数,h30005,中证西部开发,h30005.CSI,CSI
指数,h30006,中证东北振兴,h30006.CSI,CSI
指数,h30007,芯片产业,h30007.CSI,CSI
指数,h30011,中证800材料主题,h30011.CSI,CSI
指数,h30012,中证800资本,h30012.CSI,CSI
指数,h30013,800商业,h30013.CSI,CSI
指数,h30014,800运输,h30014.CSI,CSI
指数,h30015,中证800汽车,h30015.CSI,CSI
指数,h30016,800耐用,h30016.CSI,CSI
指数,h30017,800服务,h30017.CSI,CSI
指数,h30018,800传媒,h30018.CSI,CSI
指数,h30019,800零售,h30019.CSI,CSI
指数,h30020,800食品,h30020.CSI,CSI
指数,h30022,800银行,h30022.CSI,CSI
指数,h30023,800资本,h30023.CSI,CSI
指数,h30024,800保险,h30024.CSI,CSI
指数,h30031,800有色,h30031.CSI,CSI
指数,h30034,300有色,h30034.CSI,CSI
指数,h30035,300非银,h30035.CSI,CSI
指数,h30036,AMAC餐饮,h30036.CSI,CSI
指数,h30037,AMAC商务,h30037.CSI,CSI
指数,h30038,AMAC科技,h30038.CSI,CSI
指数,h30039,AMAC公共,h30039.CSI,CSI
指数,h30040,AMAC社会,h30040.CSI,CSI
指数,h30041,AMAC农副,h30041.CSI,CSI
指数,h30042,AMAC食品,h30042.CSI,CSI
指数,h30043,AMAC饮料,h30043.CSI,CSI
指数,h30044,AMAC纺织,h30044.CSI,CSI
指数,h30045,AMAC服装,h30045.CSI,CSI
指数,h30046,AMAC皮革,h30046.CSI,CSI
指数,h30047,AMAC木材,h30047.CSI,CSI
指数,h30048,AMAC家具,h30048.CSI,CSI
指数,h30049,AMAC造纸,h30049.CSI,CSI
指数,h30050,AMAC印刷,h30050.CSI,CSI
指数,h30051,AMAC文教,h30051.CSI,CSI
指数,h30052,AMAC石化,h30052.CSI,CSI
指数,h30053,AMAC化学,h30053.CSI,CSI
指数,h30054,AMAC医药,h30054.CSI,CSI
指数,h30055,AMAC化纤,h30055.CSI,CSI
指数,h30056,AMAC橡胶,h30056.CSI,CSI
指数,h30057,AMAC矿物,h30057.CSI,CSI
指数,h30058,AMAC钢铁,h30058.CSI,CSI
指数,h30059,AMAC有色,h30059.CSI,CSI
指数,h30060,AMAC金属,h30060.CSI,CSI
指数,h30061,AMAC通用,h30061.CSI,CSI
指数,h30062,AMAC专用,h30062.CSI,CSI
指数,h30063,AMAC汽车,h30063.CSI,CSI
指数,h30064,AMAC运输,h30064.CSI,CSI
指数,h30065,AMAC电气,h30065.CSI,CSI
指数,h30066,AMAC电子,h30066.CSI,CSI
指数,h30067,AMAC仪表,h30067.CSI,CSI
指数,h30068,中证文化,h30068.CSI,CSI
指数,h30073,中证红利回报,h30073.CSI,CSI
指数,h30074,中证服务,h30074.CSI,CSI
指数,h30079,300信服,h30079.CSI,CSI
指数,h30080,300消服,h30080.CSI,CSI
指数,h30081,沪深300公运,h30081.CSI,CSI
指数,h30082,300两倍,h30082.CSI,CSI
指数,h30083,300反向,h30083.CSI,CSI
指数,h30084,300反两,h30084.CSI,CSI
指数,h30086,800金融,h30086.CSI,CSI
指数,h30087,中证500动态,h30087.CSI,CSI
指数,h30088,中证500稳定,h30088.CSI,CSI
指数,h30089,红利潜力,h30089.CSI,CSI
指数,h30090,能源红利,h30090.CSI,CSI
指数,h30091,材料红利,h30091.CSI,CSI
指数,h30092,工业红利,h30092.CSI,CSI
指数,h30093,可选红利,h30093.CSI,CSI
指数,h30094,消费红利,h30094.CSI,CSI
指数,h30095,医药红利,h30095.CSI,CSI
指数,h30096,金融红利,h30096.CSI,CSI
指数,h30097,信息红利,h30097.CSI,CSI
指数,h30098,通信红利,h30098.CSI,CSI
指数,h30099,公用红利,h30099.CSI,CSI
指数,h30100,港股通上游资源,h30100.CSI,CSI
指数,h30101,H300中游港币,h30101.CSI,CSI
指数,h30102,H300下游港币,h30102.CSI,CSI
指数,h30103,H300周期港币,h30103.CSI,CSI
指数,h30104,H300非周期港币,h30104.CSI,CSI
指数,h30105,H300地产港币,h30105.CSI,CSI
指数,h30106,H300金融服务港币,h30106.CSI,CSI
指数,h30107,H300现代服务港币,h30107.CSI,CSI
指数,h30109,H300消费港币,h30109.CSI,CSI
指数,h30110,港股通上游资源CNY,h30110.CSI,CSI
指数,h30111,H300中游人民币,h30111.CSI,CSI
指数,h30112,H300下游人民币,h30112.CSI,CSI
指数,h30113,H300周期人民币,h30113.CSI,CSI
指数,h30114,H300非周期人民币,h30114.CSI,CSI
指数,h30115,H300地产人民币,h30115.CSI,CSI
指数,h30116,H300金融服务人民币,h30116.CSI,CSI
指数,h30117,H300现代服务人民币,h30117.CSI,CSI
指数,h30119,H300消费人民币,h30119.CSI,CSI
指数,h30124,安中动态,h30124.CSI,CSI
指数,h30131,中国消费人民币,h30131.CSI,CSI
指数,h30132,中国消费美元,h30132.CSI,CSI
指数,h30133,金砖DR,h30133.CSI,CSI
指数,h30134,金砖DR U,h30134.CSI,CSI
指数,h30135,金砖DR(HK),h30135.CSI,CSI
指数,h30136,金砖DR(HK)U,h30136.CSI,CSI
指数,h30137,中证城镇,h30137.CSI,CSI
指数,h30138,智慧城镇,h30138.CSI,CSI
指数,h30139,绿色城镇,h30139.CSI,CSI
指数,h30140,城镇交通,h30140.CSI,CSI
指数,h30141,智能交通,h30141.CSI,CSI
指数,h30142,城镇消费,h30142.CSI,CSI
指数,h30143,新基建,h30143.CSI,CSI
指数,h30164,汽车汽配,h30164.CSI,CSI
指数,h30166,中证全指机械制造,h30166.CSI,CSI
指数,h30169,中证全指资本品,h30169.CSI,CSI
指数,h30170,中证全指商业指数,h30170.CSI,CSI
指数,h30171,中证全指运输指数,h30171.CSI,CSI
指数,h30172,耐用服装,h30172.CSI,CSI
指数,h30173,中证全指消费者,h30173.CSI,CSI
指数,h30174,中证全指媒体指数,h30174.CSI,CSI
指数,h30175,中证全指零售指数,h30175.CSI,CSI
指数,h30176,食药零售,h30176.CSI,CSI
指数,h30177,全指食品,h30177.CSI,CSI
指数,h30178,医疗保健,h30178.CSI,CSI
指数,h30179,制药生物,h30179.CSI,CSI
指数,h30182,计算机,h30182.CSI,CSI
指数,h30183,中证全指电子,h30183.CSI,CSI
指数,h30184,中证全指半导体,h30184.CSI,CSI
指数,h30186,中证全指保险指数,h30186.CSI,CSI
指数,h30187,中证全指化学制品,h30187.CSI,CSI
指数,h30190,电子设备,h30190.CSI,CSI
指数,h30192,食品,h30192.CSI,CSI
指数,h30193,中证全指纺织服装,h30193.CSI,CSI
指数,h30195,中证全指建筑工程,h30195.CSI,CSI
指数,h30196,耐用消费品,h30196.CSI,CSI
指数,h30197,一般零售,h30197.CSI,CSI
指数,h30198,油气产业,h30198.CSI,CSI
指数,h30199,中证全指电力指数,h30199.CSI,CSI
指数,h30200,中证全指交通设施,h30200.CSI,CSI
指数,h30201,贸易商,h30201.CSI,CSI
指数,h30202,软件指数,h30202.CSI,CSI
指数,h30203,中证全指信息服务,h30203.CSI,CSI
指数,h30204,休闲服务,h30204.CSI,CSI
指数,h30205,饮料指数,h30205.CSI,CSI
指数,h30206,中证全指纸类林业,h30206.CSI,CSI
指数,h30207,中证全指电脑设备,h30207.CSI,CSI
指数,h30208,中证全指专营零售,h30208.CSI,CSI
指数,h30209,中证全指建筑产品,h30209.CSI,CSI
指数,h30211,中证全指资本市场,h30211.CSI,CSI
指数,h30213,CS航空航天,h30213.CSI,CSI
指数,h30214,油气开采服务,h30214.CSI,CSI
指数,h30215,中证全指休闲用品,h30215.CSI,CSI
指数,h30216,航运指数,h30216.CSI,CSI
指数,h30217,医疗器械,h30217.CSI,CSI
指数,h30218,中证全指水务指数,h30218.CSI,CSI
指数,h30219,中证全指容器包装,h30219.CSI,CSI
指数,h30220,文化娱乐,h30220.CSI,CSI
指数,h30221,中证全指复合公用,h30221.CSI,CSI
指数,h30222,运输业,h30222.CSI,CSI
指数,h30223,航空运输,h30223.CSI,CSI
指数,h30230,H300LV(HKD),h30230.CSI,CSI
指数,h30231,H300LB(HKD),h30231.CSI,CSI
指数,h30232,H300HB(HKD),h30232.CSI,CSI
指数,h30233,H300稳定(HKD),h30233.CSI,CSI
指数,h30234,H300动态(HKD),h30234.CSI,CSI
指数,h30235,H300CNLV(HKD),h30235.CSI,CSI
指数,h30236,H300CNLB(HKD),h30236.CSI,CSI
指数,h30237,H300CNHB(HKD),h30237.CSI,CSI
指数,h30238,HK100EW(HKD),h30238.CSI,CSI
指数,h30239,HKCN50EW(HKD),h30239.CSI,CSI
指数,h30240,H300LV(CNY),h30240.CSI,CSI
指数,h30241,H300LB(CNY),h30241.CSI,CSI
指数,h30242,H300HB(CNY),h30242.CSI,CSI
指数,h30243,H300稳定(CNY),h30243.CSI,CSI
指数,h30244,H300动态(CNY),h30244.CSI,CSI
指数,h30245,H300CNLV(CNY),h30245.CSI,CSI
指数,h30246,H300CNLB(CNY),h30246.CSI,CSI
指数,h30247,H300CNHB(CNY),h30247.CSI,CSI
指数,h30248,HK100EW(CNY),h30248.CSI,CSI
指数,h30249,HKCN50EW(CNY),h30249.CSI,CSI
指数,h30250,中证500能源,h30250.CSI,CSI
指数,h30251,中证500原料,h30251.CSI,CSI
指数,h30252,中证500工业,h30252.CSI,CSI
指数,h30253,中证500可选,h30253.CSI,CSI
指数,h30254,中证500消费,h30254.CSI,CSI
指数,h30255,中证500医药,h30255.CSI,CSI
指数,h30256,500金融地产,h30256.CSI,CSI
指数,h30257,中证500信息,h30257.CSI,CSI
指数,h30258,500通信,h30258.CSI,CSI
指数,h30259,中证500公用,h30259.CSI,CSI
指数,h30260,300动量,h30260.CSI,CSI
指数,h30261,300ERC,h30261.CSI,CSI
指数,h30263,腾讯济安,h30263.CSI,CSI
指数,h30269,红利低波,h30269.CSI,CSI
指数,h30270,红利价值,h30270.CSI,CSI
指数,h30271,A100动态,h30271.CSI,CSI
指数,h30272,A100稳定,h30272.CSI,CSI
指数,h30273,200动态,h30273.CSI,CSI
指数,h30274,200稳定,h30274.CSI,CSI
指数,h30310,中证500净收益美元,h30310.CSI,CSI
指数,h30311,800可选净收益美元,h30311.CSI,CSI
指数,h30312,800消费净收益美元,h30312.CSI,CSI
指数,h30313,800医药净收益美元,h30313.CSI,CSI
指数,h30314,800金地净收益美元,h30314.CSI,CSI
指数,h30315,800信息净收益美元,h30315.CSI,CSI
指数,h30316,800工业净收益美元,h30316.CSI,CSI
指数,h30317,800材料净收益美元,h30317.CSI,CSI
指数,h30318,科技传媒通信150,h30318.CSI,CSI
指数,h30322,股债RP,h30322.CSI,CSI
指数,h30324,H300银行(HKD),h30324.CSI,CSI
指数,h30325,H300运输(HKD),h30325.CSI,CSI
指数,h30326,港股通资源产业,h30326.CSI,CSI
指数,h30327,H300基建(HKD),h30327.CSI,CSI
指数,h30328,H300物流(HKD),h30328.CSI,CSI
指数,h30329,H300休闲(HKD),h30329.CSI,CSI
指数,h30330,HK细分龙头(HKD),h30330.CSI,CSI
指数,h30331,HK行业龙头(HKD),h30331.CSI,CSI
指数,h30332,香港50(HKD),h30332.CSI,CSI
指数,h30334,H300银行(CNY),h30334.CSI,CSI
指数,h30335,H300运输(CNY),h30335.CSI,CSI
指数,h30336,港股通资源产业CNY,h30336.CSI,CSI
指数,h30337,H300基建(CNY),h30337.CSI,CSI
指数,h30338,H300物流(CNY),h30338.CSI,CSI
指数,h30339,H300休闲(CNY),h30339.CSI,CSI
指数,h30340,HK细分龙头(CNY),h30340.CSI,CSI
指数,h30341,HK行业龙头(CNY),h30341.CSI,CSI
指数,h30342,香港50(CNY),h30342.CSI,CSI
指数,h30344,健康产业,h30344.CSI,CSI
指数,h30345,300波控1,h30345.CSI,CSI
指数,h30346,300波控2,h30346.CSI,CSI
指数,h30347,500波控1,h30347.CSI,CSI
指数,h30348,500波控2,h30348.CSI,CSI
指数,h30350,辽宁股交中心市场发展指数,h30350.CSI,CSI
指数,h30351,中证500成长,h30351.CSI,CSI
指数,h30352,中证500价值,h30352.CSI,CSI
指数,h30353,中证500R成长,h30353.CSI,CSI
指数,h30354,中证500R价值,h30354.CSI,CSI
指数,h30355,中证800成长,h30355.CSI,CSI
指数,h30356,中证800价值,h30356.CSI,CSI
指数,h30357,中证800R成长,h30357.CSI,CSI
指数,h30358,中证800R价值,h30358.CSI,CSI
指数,h30359,中证转型成长,h30359.CSI,CSI
指数,h30362,基本300,h30362.CSI,CSI
指数,h30363,基本500,h30363.CSI,CSI
指数,h30365,文娱传媒,h30365.CSI,CSI
指数,h30366,高息策略,h30366.CSI,CSI
指数,h30368,中证高新,h30368.CSI,CSI
指数,h30372,中证安全,h30372.CSI,CSI
指数,h30373,百发100,h30373.CSI,CSI
指数,h30374,中国内地全指,h30374.CSI,CSI
指数,h30375,CN能源综合,h30375.CSI,CSI
指数,h30376,CN材料综合,h30376.CSI,CSI
指数,h30377,CN工业综合,h30377.CSI,CSI
指数,h30378,CN可选综合,h30378.CSI,CSI
指数,h30379,CN消费综合,h30379.CSI,CSI
指数,h30380,CN医药综合,h30380.CSI,CSI
指数,h30381,CN金融综合,h30381.CSI,CSI
指数,h30382,CN信息综合,h30382.CSI,CSI
指数,h30383,CN通信综合,h30383.CSI,CSI
指数,h30384,CN公用综合,h30384.CSI,CSI
指数,h30385,中国内地全指(USD),h30385.CSI,CSI
指数,h30386,CN能源综合(USD),h30386.CSI,CSI
指数,h30387,CN材料综合(USD),h30387.CSI,CSI
指数,h30388,CN工业综合(USD),h30388.CSI,CSI
指数,h30389,CN可选综合(USD),h30389.CSI,CSI
指数,h30390,CN消费综合(USD),h30390.CSI,CSI
指数,h30391,CN医药综合(USD),h30391.CSI,CSI
指数,h30392,CN金融综合(USD),h30392.CSI,CSI
指数,h30393,CN信息综合(USD),h30393.CSI,CSI
指数,h30394,CN电信综合(USD),h30394.CSI,CSI
指数,h30395,CN公用综合(USD),h30395.CSI,CSI
指数,h30401,沪深300股息点,h30401.CSI,CSI
指数,h30402,中证500股息点,h30402.CSI,CSI
指数,h30403,300日报酬两倍,h30403.CSI,CSI
指数,h30404,300日报酬反向,h30404.CSI,CSI
指数,h30405,300美元对冲,h30405.CSI,CSI
指数,h30406,500美元对冲,h30406.CSI,CSI
指数,h30418,香港100动量,h30418.CSI,CSI
指数,h30419,香港200动量,h30419.CSI,CSI
指数,h30420,香港50ERC,h30420.CSI,CSI
指数,h30421,香港100ERC,h30421.CSI,CSI
指数,h30422,香港50EW,h30422.CSI,CSI
指数,h30434,香港100动量(CNY),h30434.CSI,CSI
指数,h30435,香港200动量(CNY),h30435.CSI,CSI
指数,h30436,香港50ERC(CNY),h30436.CSI,CSI
指数,h30437,香港100ERC(CNY),h30437.CSI,CSI
指数,h30438,香港50EW(CNY),h30438.CSI,CSI
指数,h30439,1000能源,h30439.CSI,CSI
指数,h30440,1000材料,h30440.CSI,CSI
指数,h30441,1000工业,h30441.CSI,CSI
指数,h30442,1000可选,h30442.CSI,CSI
指数,h30443,1000消费,h30443.CSI,CSI
指数,h30444,1000医药,h30444.CSI,CSI
指数,h30445,1000金融,h30445.CSI,CSI
指数,h30446,1000信息,h30446.CSI,CSI
指数,h30447,中证1000通信,h30447.CSI,CSI
指数,h30448,1000公用,h30448.CSI,CSI
指数,h30449,红利波控1,h30449.CSI,CSI
指数,h30450,红利波控2,h30450.CSI,CSI
指数,h30454,1000美元对冲,h30454.CSI,CSI
指数,h30455,沪港深500,h30455.CSI,CSI
指数,h30456,沪港深通中小,h30456.CSI,CSI
指数,h30457,沪港深通综合,h30457.CSI,CSI
指数,h30458,沪港深500能源,h30458.CSI,CSI
指数,h30459,沪港深500材料,h30459.CSI,CSI
指数,h30460,沪港深500工业,h30460.CSI,CSI
指数,h30461,沪港深500可选,h30461.CSI,CSI
指数,h30462,沪港深500消费,h30462.CSI,CSI
指数,h30463,沪港深500医药,h30463.CSI,CSI
指数,h30464,沪港深500金融,h30464.CSI,CSI
指数,h30465,沪港深500信息,h30465.CSI,CSI
指数,h30466,沪港深500通信,h30466.CSI,CSI
指数,h30467,沪港深500公用,h30467.CSI,CSI
指数,h30468,沪港深通中小能源综合,h30468.CSI,CSI
指数,h30469,沪港深通中小材料综合,h30469.CSI,CSI
指数,h30470,沪港深通中小工业综合,h30470.CSI,CSI
指数,h30471,沪港深通中小可选综合,h30471.CSI,CSI
指数,h30472,沪港深通中小消费综合,h30472.CSI,CSI
指数,h30473,沪港深通中小医药综合,h30473.CSI,CSI
指数,h30474,沪港深通中小金融综合,h30474.CSI,CSI
指数,h30475,沪港深通中小信息综合,h30475.CSI,CSI
指数,h30476,沪港深通中小通信综合,h30476.CSI,CSI
指数,h30477,沪港深通中小公用综合,h30477.CSI,CSI
指数,h30478,沪港深通能源综合,h30478.CSI,CSI
指数,h30479,沪港深通材料综合,h30479.CSI,CSI
指数,h30480,沪港深通工业综合,h30480.CSI,CSI
指数,h30481,沪港深通可选综合,h30481.CSI,CSI
指数,h30482,沪港深通消费综合,h30482.CSI,CSI
指数,h30483,沪港深通医药综合,h30483.CSI,CSI
指数,h30484,沪港深通金融综合,h30484.CSI,CSI
指数,h30485,沪港深通信息综合,h30485.CSI,CSI
指数,h30486,沪港深通通信综合,h30486.CSI,CSI
指数,h30487,沪港深通公用综合,h30487.CSI,CSI
指数,h30488,沪港深500HKD,h30488.CSI,CSI
指数,h30489,沪港深通中小HKD,h30489.CSI,CSI
指数,h30490,沪港深通综合HKD,h30490.CSI,CSI
指数,h30491,沪港深500能源HKD,h30491.CSI,CSI
指数,h30492,沪港深500材料HKD,h30492.CSI,CSI
指数,h30493,沪港深500工业HKD,h30493.CSI,CSI
指数,h30494,沪港深500可选HKD,h30494.CSI,CSI
指数,h30495,沪港深500消费HKD,h30495.CSI,CSI
指数,h30496,沪港深500医药HKD,h30496.CSI,CSI
指数,h30497,沪港深500金融HKD,h30497.CSI,CSI
指数,h30498,沪港深500信息HKD,h30498.CSI,CSI
指数,h30499,沪港深500电信HKD,h30499.CSI,CSI
指数,h30500,沪港深500公用HKD,h30500.CSI,CSI
指数,h30501,沪港深通中小能源综合HKD,h30501.CSI,CSI
指数,h30502,沪港深通中小材料综合HKD,h30502.CSI,CSI
指数,h30503,沪港深通中小工业综合HKD,h30503.CSI,CSI
指数,h30504,沪港深通中小可选综合HKD,h30504.CSI,CSI
指数,h30505,沪港深通中小消费综合HKD,h30505.CSI,CSI
指数,h30506,沪港深通中小医药综合HKD,h30506.CSI,CSI
指数,h30507,沪港深通中小金融综合HKD,h30507.CSI,CSI
指数,h30508,沪港深通中小信息综合HKD,h30508.CSI,CSI
指数,h30509,沪港深通中小电信综合HKD,h30509.CSI,CSI
指数,h30510,沪港深通中小公用综合HKD,h30510.CSI,CSI
指数,h30511,沪港深通能源综合HKD,h30511.CSI,CSI
指数,h30512,沪港深通材料综合HKD,h30512.CSI,CSI
指数,h30513,沪港深通工业综合HKD,h30513.CSI,CSI
指数,h30514,沪港深通可选综合HKD,h30514.CSI,CSI
指数,h30515,沪港深通消费综合HKD,h30515.CSI,CSI
指数,h30516,沪港深通医药综合HKD,h30516.CSI,CSI
指数,h30517,沪港深通金融综合HKD,h30517.CSI,CSI
指数,h30518,沪港深通信息综合HKD,h30518.CSI,CSI
指数,h30519,沪港深通电信综合HKD,h30519.CSI,CSI
指数,h30520,沪港深通公用综合HKD,h30520.CSI,CSI
指数,h30524,500ERC,h30524.CSI,CSI
指数,h30525,300SER,h30525.CSI,CSI
指数,h30526,500SER,h30526.CSI,CSI
指数,h30531,精工制造,h30531.CSI,CSI
指数,h30532,资源优选,h30532.CSI,CSI
指数,h30533,中国互联网50,h30533.CSI,CSI
指数,h30534,中国互联网50(USD),h30534.CSI,CSI
指数,h30535,互联网,h30535.CSI,CSI
指数,h30537,淘金100,h30537.CSI,CSI
指数,h30544,沪港深通上游,h30544.CSI,CSI
指数,h30545,沪港深通中游,h30545.CSI,CSI
指数,h30546,沪港深通下游,h30546.CSI,CSI
指数,h30547,沪港深通周期,h30547.CSI,CSI
指数,h30548,沪港深通非周期,h30548.CSI,CSI
指数,h30550,沪港深通金融服务,h30550.CSI,CSI
指数,h30551,沪港深通现代服务,h30551.CSI,CSI
指数,h30552,沪港深通TMT,h30552.CSI,CSI
指数,h30554,沪港深通信息产业,h30554.CSI,CSI
指数,h30555,沪港深通银行,h30555.CSI,CSI
指数,h30556,沪港深通运输,h30556.CSI,CSI
指数,h30557,沪港深通资源,h30557.CSI,CSI
指数,h30558,沪港深通基建,h30558.CSI,CSI
指数,h30559,沪港深通物流,h30559.CSI,CSI
指数,h30560,沪港深通休闲,h30560.CSI,CSI
指数,h30561,沪港深500上游,h30561.CSI,CSI
指数,h30562,沪港深500中游,h30562.CSI,CSI
指数,h30563,沪港深500下游,h30563.CSI,CSI
指数,h30564,沪港深500周期,h30564.CSI,CSI
指数,h30565,沪港深500非周期,h30565.CSI,CSI
指数,h30566,沪港深通上游HKD,h30566.CSI,CSI
指数,h30567,沪港深通中游HKD,h30567.CSI,CSI
指数,h30568,沪港深通下游HKD,h30568.CSI,CSI
指数,h30569,沪港深通周期HKD,h30569.CSI,CSI
指数,h30570,沪港深通非周期HKD,h30570.CSI,CSI
指数,h30572,沪港深通金融服务HKD,h30572.CSI,CSI
指数,h30573,沪港深通现代服务HKD,h30573.CSI,CSI
指数,h30574,沪港深通TMTHKD,h30574.CSI,CSI
指数,h30576,沪港深通信息产业HKD,h30576.CSI,CSI
指数,h30577,沪港深通银行HKD,h30577.CSI,CSI
指数,h30578,沪港深通运输HKD,h30578.CSI,CSI
指数,h30579,沪港深通资源HKD,h30579.CSI,CSI
指数,h30580,沪港深通基建HKD,h30580.CSI,CSI
指数,h30581,沪港深通物流HKD,h30581.CSI,CSI
指数,h30582,沪港深通休闲HKD,h30582.CSI,CSI
指数,h30583,沪港深500上游HKD,h30583.CSI,CSI
指数,h30584,沪港深500中游HKD,h30584.CSI,CSI
指数,h30585,沪港深500下游HKD,h30585.CSI,CSI
指数,h30586,沪港深500周期HKD,h30586.CSI,CSI
指数,h30587,沪港深500非周期HKD,h30587.CSI,CSI
指数,h30588,中证证保,h30588.CSI,CSI
指数,h30590,机器人,h30590.CSI,CSI
指数,h30597,新材料,h30597.CSI,CSI
指数,h40001,180能源全收益,h40001.SH,SH
指数,h40002,180材料全收益,h40002.SH,SH
指数,h40003,180工业全收益,h40003.SH,SH
指数,h40004,180可选全收益,h40004.SH,SH
指数,h40005,180消费全收益,h40005.SH,SH
指数,h40006,180医药全收益,h40006.SH,SH
指数,h40007,180金地全收益,h40007.SH,SH
指数,h40008,180信息全收益,h40008.SH,SH
指数,h40009,180电信全收益,h40009.SH,SH
指数,h40010,180公用全收益,h40010.SH,SH
指数,h40011,沪环渤海全收益,h40011.SH,SH
指数,h40012,沪长三角全收益,h40012.SH,SH
指数,h40013,沪珠三角全收益,h40013.SH,SH
指数,h40014,沪中部全收益,h40014.SH,SH
指数,h40015,沪西部全收益,h40015.SH,SH
指数,h40016,沪东北全收益,h40016.SH,SH
指数,h40017,沪信息业全收益,h40017.SH,SH
指数,h40018,上证文化全收益,h40018.SH,SH
指数,h40019,上红回报全收益,h40019.SH,SH
指数,h40020,上红潜力全收益,h40020.SH,SH
指数,h40021,沪能源红全收益,h40021.SH,SH
指数,h40022,沪材料红全收益,h40022.SH,SH
指数,h40023,沪工业红全收益,h40023.SH,SH
指数,h40024,沪可选红全收益,h40024.SH,SH
指数,h40025,沪消费红全收益,h40025.SH,SH
指数,h40026,沪医药红全收益,h40026.SH,SH
指数,h40027,沪金融红全收益,h40027.SH,SH
指数,h40028,沪信息红全收益,h40028.SH,SH
指数,h40029,沪电信红全收益,h40029.SH,SH
指数,h40030,沪公用红全收益,h40030.SH,SH
指数,h40031,沪绿色城全收益,h40031.SH,SH
指数,h40032,沪城交通全收益,h40032.SH,SH
指数,h40033,沪城消费全收益,h40033.SH,SH
指数,h40034,沪城基建全收益,h40034.SH,SH
指数,h40035,沪智交通全收益,h40035.SH,SH
指数,h40036,上证军工全收益,h40036.CSI,CSI
指数,h40037,上证城镇全收益,h40037.SH,SH
指数,h40038,沪智慧城全收益,h40038.SH,SH
指数,h40039,上证TMT全收益,h40039.CSI,CSI
指数,h40040,上红低波全收益,h40040.CSI,CSI
指数,h40042,上红价值全收益,h40042.CSI,CSI
指数,h40043,上证养老全收益,h40043.CSI,CSI
指数,h40044,上证健康全收益,h40044.CSI,CSI
指数,h40050,沪红利配置全收益,h40050.CSI,CSI
指数,h40052,上国改革全收益,h40052.CSI,CSI
指数,h40053,上证移动全收益,h40053.CSI,CSI
指数,h40054,上证休闲全收益,h40054.CSI,CSI
指数,h40055,沪大农业全收益,h40055.CSI,CSI
指数,h40056,上证智能家居全收益,h40056.CSI,CSI
指数,h40057,180动量全收益,h40057.CSI,CSI
指数,h40058,380动量全收益,h40058.CSI,CSI
指数,h40067,180ERC全收益,h40067.CSI,CSI
指数,h40068,380ERC全收益,h40068.CSI,CSI
指数,h40069,港股通全收益,h40069.CSI,CSI
指数,h40070,上证汽车全收益,h40070.CSI,CSI
指数,h40071,上证基建全收益,h40071.CSI,CSI
指数,h40072,沪信安全全收益,h40072.CSI,CSI
指数,h40073,沪互联网全收益,h40073.CSI,CSI
指数,h40074,沪互金融全收益,h40074.CSI,CSI
指数,h40075,沪现代农全收益,h40075.CSI,CSI
指数,h40079,上证混改全收益,h40079.CSI,CSI
指数,h40080,中小企改全收益,h40080.CSI,CSI
指数,h40081,180碳效全收益,h40081.CSI,CSI
指数,h40082,上海改革全收益,h40082.CSI,CSI
指数,h40085,沪物联网全收益,h40085.SH,SH
指数,h40086,沪自贸区全收益,h40086.SH,SH
指数,h40087,上证海洋全收益,h40087.SH,SH
指数,h40088,沪轻资产全收益,h40088.SH,SH
指数,h40089,上证电子全收益,h40089.SH,SH
指数,h40090,上证50优选全收益,h40090.SH,SH
指数,h40091,上证50优选(HKD)全收益,h40091.SH,SH
指数,h40092,上证180优选全收益,h40092.SH,SH
指数,h40093,上证180优选(HKD)全收益,h40093.SH,SH
指数,h40094,上证增持全收益,h40094.CSI,CSI
指数,h40095,上证定增全收益,h40095.CSI,CSI
指数,h40096,上海国企全收益,h40096.CSI,CSI
指数,h40097,沪供给侧全收益,h40097.SH,SH
指数,h40098,180SNLV全收益,h40098.SH,SH
指数,h40099,380SNLV全收益,h40099.SH,SH
指数,h40100,上高股息全收益,h40100.SH,SH
指数,h40101,沪智能造全收益,h40101.SH,SH
指数,h40105,上证证券全收益,h40105.SH,SH
指数,h40106,上证创新全收益,h40106.SH,SH
指数,h40107,380创新全收益,h40107.SH,SH
指数,h50001,180能源,h50001.SH,SH
指数,h50002,180材料,h50002.SH,SH
指数,h50003,180工业,h50003.SH,SH
指数,h50004,180可选,h50004.SH,SH
指数,h50005,180消费,h50005.SH,SH
指数,h50006,180医药,h50006.SH,SH
指数,h50007,180金融地产,h50007.SH,SH
指数,h50008,180信息,h50008.SH,SH
指数,h50009,上证180通信,h50009.SH,SH
指数,h50010,180公用,h50010.SH,SH
指数,h50011,沪环渤海,h50011.SH,SH
指数,h50012,沪长三角,h50012.SH,SH
指数,h50013,沪珠三角,h50013.SH,SH
指数,h50014,沪中部,h50014.SH,SH
指数,h50015,沪西部,h50015.SH,SH
指数,h50016,沪东北,h50016.SH,SH
指数,h50017,沪信息业,h50017.SH,SH
指数,h50018,上证文化,h50018.SH,SH
指数,h50019,上红回报,h50019.SH,SH
指数,h50020,上红潜力,h50020.SH,SH
指数,h50021,沪能源红,h50021.SH,SH
指数,h50022,沪材料红,h50022.SH,SH
指数,h50023,沪工业红,h50023.SH,SH
指数,h50024,沪可选红,h50024.SH,SH
指数,h50025,沪消费红,h50025.SH,SH
指数,h50026,沪医药红,h50026.SH,SH
指数,h50027,沪金融红,h50027.SH,SH
指数,h50028,沪信息红,h50028.SH,SH
指数,h50029,沪通信红,h50029.SH,SH
指数,h50030,沪公用红,h50030.SH,SH
指数,h50031,沪绿色城,h50031.SH,SH
指数,h50032,沪城交通,h50032.SH,SH
指数,h50033,沪城消费,h50033.SH,SH
指数,h50034,沪城基建,h50034.SH,SH
指数,h50035,沪智交通,h50035.SH,SH
指数,h50036,上证军工,h50036.CSI,CSI
指数,h50037,上证城镇,h50037.SH,SH
指数,h50038,沪智慧城,h50038.SH,SH
指数,h50039,上证TMT,h50039.SH,SH
指数,h50040,上红低波,h50040.CSI,CSI
指数,h50041,上证RP,h50041.CSI,CSI
指数,h50042,上红价值,h50042.CSI,CSI
指数,h50043,上证养老,h50043.CSI,CSI
指数,h50044,上证健康,h50044.CSI,CSI
指数,h50045,上证180两倍,h50045.CSI,CSI
指数,h50046,上证180反向,h50046.CSI,CSI
指数,h50047,上证180反两,h50047.CSI,CSI
指数,h50048,50波控1,h50048.CSI,CSI
指数,h50049,50波控2,h50049.CSI,CSI
指数,h50050,180波控1,h50050.CSI,CSI
指数,h50051,180波控2,h50051.CSI,CSI
指数,h50052,上国改革,h50052.CSI,CSI
指数,h50053,上证移动,h50053.CSI,CSI
指数,h50054,上证休闲,h50054.CSI,CSI
指数,h50055,沪大农业,h50055.CSI,CSI
指数,h50056,上证智能家居,h50056.CSI,CSI
指数,h50057,180动量,h50057.CSI,CSI
指数,h50058,380动量,h50058.CSI,CSI
指数,h50059,上证180股息点,h50059.CSI,CSI
指数,h50060,上证50股息点,h50060.CSI,CSI
指数,h50061,50美元对冲,h50061.CSI,CSI
指数,h50062,180美元对冲,h50062.CSI,CSI
指数,h50063,380美元对冲,h50063.CSI,CSI
指数,h50064,上红波控1,h50064.CSI,CSI
指数,h50065,上红波控2,h50065.CSI,CSI
指数,h50066,沪港AH溢价,h50066.CSI,CSI
指数,h50067,180ERC,h50067.CSI,CSI
指数,h50068,380ERC,h50068.CSI,CSI
指数,h50069,港股通,h50069.CSI,CSI
指数,h50069CNY10,港股通人民币中间价,h50069CNY10.CSI,CSI
指数,h50069CNY11,港股通人民币中间价(全),h50069CNY11.CSI,CSI
指数,n00009,上证380净收益,n00009.SH,SH
指数,n00010,上证180净收益,n00010.SH,SH
指数,n00016,上证50净收益,n00016.SH,SH
指数,n00043,上证超级大盘净收益,n00043.SH,SH
指数,n00044,上证中盘净收益,n00044.SH,SH
指数,n00045,上证小盘净收益,n00045.SH,SH
指数,n00046,上证中小净收益,n00046.SH,SH
指数,n00047,上证全指净收益,n00047.SH,SH
指数,n00132,上证100净收益,n00132.SH,SH
指数,n00133,上证150净收益,n00133.SH,SH
指数,n00155,市值百强净收益,n00155.SH,SH
指数,n00300,沪深300净收益,n00300.CSI,CSI
指数,n00301,沪深300净收益美元,n00301.CSI,CSI
指数,n00688,科创50(净),n00688.CSI,CSI
指数,n00852,中证1000净收益,n00852.SH,SH
指数,n00902,中证流通净收益,n00902.CSI,CSI
指数,n00903,中证A100净收益,n00903.CSI,CSI
指数,n00904,中证200净收益,n00904.CSI,CSI
指数,n00905,中证500净收益,n00905.CSI,CSI
指数,n00906,中证800净收益,n00906.CSI,CSI
指数,n00907,中证700净收益,n00907.CSI,CSI
指数,n00908,沪深300能源净收益,n00908.CSI,CSI
指数,n00909,沪深300材料净收益,n00909.CSI,CSI
指数,n00910,沪深300工业净收益,n00910.CSI,CSI
指数,n00911,沪深300可选净收益,n00911.CSI,CSI
指数,n00912,沪深300消费净收益,n00912.CSI,CSI
指数,n00913,沪深300医药净收益,n00913.CSI,CSI
指数,n00914,沪深300金融净收益,n00914.CSI,CSI
指数,n00915,沪深300信息净收益,n00915.CSI,CSI
指数,n00916,沪深300电信净收益,n00916.CSI,CSI
指数,n00917,沪深300公用净收益,n00917.CSI,CSI
指数,n00950,沪深300基建净收益,n00950.CSI,CSI
指数,n00980,中证超大净收益,n00980.CSI,CSI
指数,n00985,中证全指净收益,n00985.CSI,CSI
指数,n20405,300美元对冲净收益,n20405.CSI,CSI
指数,n20749,沪深300(净)USD(CNH),n20749.CSI,CSI
指数,n20751,中证500(净)USD(CNH),n20751.CSI,CSI
指数,n20752,中证500(净)HKD,n20752.CSI,CSI
指数,n20753,中证500(净)HKD(CNH),n20753.CSI,CSI
指数,n20754,民企成长(净)USD,n20754.CSI,CSI
指数,n20755,民企成长(净)USD(CNH),n20755.CSI,CSI
指数,n20756,环保(净)USD,n20756.CSI,CSI
指数,n20757,环保(净)USD(CNH),n20757.CSI,CSI
指数,n20903,中证A股净收益,n20903.CSI,CSI
指数,n20927,CR基石净收益,n20927.CSI,CSI
指数,n20928,CR新动能净收益,n20928.CSI,CSI
指数,n21188,300欧元对冲净收益,n21188.CSI,CSI
指数,n21359,沪深300(净)AUD(CNH),n21359.CSI,CSI
指数,n21382,智选300ESG领先净收益,n21382.CSI,CSI
指数,n21387,300瑞郎对冲净收益,n21387.CSI,CSI
指数,n21459,中证800(净)USD,n21459.SH,SH
指数,n21460,中证1000(净)USD,n21460.SH,SH
指数,n31463,300 ESG净收益,n31463.CSI,CSI
指数,n31465,300 ESG领先净收益,n31465.CSI,CSI
指数,n31466,300 ESG价值净收益,n31466.CSI,CSI
指数,n99003,创新成指全收益,n99003.CSI,CSI
指数,n99301,三板龙头全收益,n99301.CSI,CSI
指数,n99302,三板制造全收益,n99302.CSI,CSI
指数,n99303,三板服务全收益,n99303.CSI,CSI
指数,n99304,三板医药全收益,n99304.CSI,CSI
指数,n99305,三板消费全收益,n99305.CSI,CSI
指数,n99306,三板研发全收益,n99306.CSI,CSI
指数,n99307,三板活跃全收益,n99307.CSI,CSI
指数,s00701,深证F60全收益,s00701.SZ,SZ
指数,s00702,深证F120全收益,s00702.SZ,SZ
指数,s00703,深证F200全收益,s00703.SZ,SZ
指数,s00704,深证上游全收益,s00704.SZ,SZ
指数,s00705,深证中游全收益,s00705.SZ,SZ
指数,s00706,深证下游全收益,s00706.SZ,SZ
指数,s00802,500深市全收益,s00802.SZ,SZ
指数,s00959,军工指数全收益,s00959.SZ,SZ
指数,s00972,300深市全收益,s00972.CSI,CSI
指数,xg01,富时银河(北京),xg01.XI,XI
指数,xg02,富时银河(重庆),xg02.XI,XI
指数,xg03,富时银河(天津),xg03.XI,XI
指数,xg04,富时银河(上海),xg04.XI,XI
指数,xg05,富时银河(深圳),xg05.XI,XI
指数,xg06,富时银河(安徽),xg06.XI,XI
指数,xg07,富时银河(福建),xg07.XI,XI
指数,xg08,富时银河(甘肃),xg08.XI,XI
指数,xg09,富时银河(广东),xg09.XI,XI
指数,xg10,富时银河(广西),xg10.XI,XI
指数,xg11,富时银河(贵州),xg11.XI,XI
指数,xg12,富时银河(海南),xg12.XI,XI
指数,xg13,富时银河(河北),xg13.XI,XI
指数,xg14,富时银河(黑龙江),xg14.XI,XI
指数,xg15,富时银河(河南),xg15.XI,XI
指数,xg16,富时银河(湖北),xg16.XI,XI
指数,xg17,富时银河(湖南),xg17.XI,XI
指数,xg18,富时银河(内蒙古),xg18.XI,XI
指数,xg19,富时银河(江苏),xg19.XI,XI
指数,xg20,富时银河(江西),xg20.XI,XI
指数,xg21,富时银河(吉林),xg21.XI,XI
指数,xg22,富时银河(辽宁),xg22.XI,XI
指数,xg23,富时银河(宁夏),xg23.XI,XI
指数,xg24,富时银河(青海),xg24.XI,XI
指数,xg25,富时银河(山东),xg25.XI,XI
指数,xg26,富时银河(山西),xg26.XI,XI
指数,xg27,富时银河(陕西),xg27.XI,XI
指数,xg28,富时银河(四川),xg28.XI,XI
指数,xg29,富时银河(西藏),xg29.XI,XI
指数,xg30,富时银河(新疆),xg30.XI,XI
指数,xg31,富时银河(云南),xg31.XI,XI
指数,xg32,富时银河(浙江),xg32.XI,XI
