类型,代码,名称,完整代码,市场
股票,000001,平安银行,000001.SZ,SZ
股票,000002,万科Ａ,000002.SZ,SZ
股票,000004,*ST国华,000004.SZ,SZ
股票,000006,深振业Ａ,000006.SZ,SZ
股票,000007,全新好,000007.SZ,SZ
股票,000008,神州高铁,000008.SZ,SZ
股票,000009,中国宝安,000009.SZ,SZ
股票,000010,美丽生态,000010.SZ,SZ
股票,000011,深物业A,000011.SZ,SZ
股票,000012,南玻Ａ,000012.SZ,SZ
股票,000014,沙河股份,000014.SZ,SZ
股票,000016,深康佳Ａ,000016.SZ,SZ
股票,000017,深中华A,000017.SZ,SZ
股票,000019,深粮控股,000019.SZ,SZ
股票,000020,深华发Ａ,000020.SZ,SZ
股票,000021,深科技,000021.SZ,SZ
股票,000025,特力Ａ,000025.SZ,SZ
股票,000026,飞亚达,000026.SZ,SZ
股票,000027,深圳能源,000027.SZ,SZ
股票,000028,国药一致,000028.SZ,SZ
股票,000029,深深房Ａ,000029.SZ,SZ
股票,000030,富奥股份,000030.SZ,SZ
股票,000031,大悦城,000031.SZ,SZ
股票,000032,深桑达Ａ,000032.SZ,SZ
股票,000034,神州数码,000034.SZ,SZ
股票,000035,中国天楹,000035.SZ,SZ
股票,000036,华联控股,000036.SZ,SZ
股票,000037,深南电A,000037.SZ,SZ
股票,000039,中集集团,000039.SZ,SZ
股票,000042,中洲控股,000042.SZ,SZ
股票,000045,深纺织Ａ,000045.SZ,SZ
股票,000048,京基智农,000048.SZ,SZ
股票,000049,德赛电池,000049.SZ,SZ
股票,000050,深天马Ａ,000050.SZ,SZ
股票,000055,方大集团,000055.SZ,SZ
股票,000056,皇庭国际,000056.SZ,SZ
股票,000058,深赛格,000058.SZ,SZ
股票,000059,华锦股份,000059.SZ,SZ
股票,000060,中金岭南,000060.SZ,SZ
股票,000061,农产品,000061.SZ,SZ
股票,000062,深圳华强,000062.SZ,SZ
股票,000063,中兴通讯,000063.SZ,SZ
股票,000065,北方国际,000065.SZ,SZ
股票,000066,中国长城,000066.SZ,SZ
股票,000068,华控赛格,000068.SZ,SZ
股票,000069,华侨城Ａ,000069.SZ,SZ
股票,000070,特发信息,000070.SZ,SZ
股票,000078,海王生物,000078.SZ,SZ
股票,000088,盐田港,000088.SZ,SZ
股票,000089,深圳机场,000089.SZ,SZ
股票,000090,天健集团,000090.SZ,SZ
股票,000096,广聚能源,000096.SZ,SZ
股票,000099,中信海直,000099.SZ,SZ
股票,000100,TCL科技,000100.SZ,SZ
股票,000151,中成股份,000151.SZ,SZ
股票,000153,丰原药业,000153.SZ,SZ
股票,000155,川能动力,000155.SZ,SZ
股票,000156,华数传媒,000156.SZ,SZ
股票,000157,中联重科,000157.SZ,SZ
股票,000158,常山北明,000158.SZ,SZ
股票,000159,国际实业,000159.SZ,SZ
股票,000166,申万宏源,000166.SZ,SZ
股票,000301,东方盛虹,000301.SZ,SZ
股票,000333,美的集团,000333.SZ,SZ
股票,000338,潍柴动力,000338.SZ,SZ
股票,000400,许继电气,000400.SZ,SZ
股票,000401,金隅冀东,000401.SZ,SZ
股票,000402,金融街,000402.SZ,SZ
股票,000403,派林生物,000403.SZ,SZ
股票,000404,长虹华意,000404.SZ,SZ
股票,000407,胜利股份,000407.SZ,SZ
股票,000408,藏格矿业,000408.SZ,SZ
股票,000409,云鼎科技,000409.SZ,SZ
股票,000410,沈阳机床,000410.SZ,SZ
股票,000411,英特集团,000411.SZ,SZ
股票,000415,渤海租赁,000415.SZ,SZ
股票,000417,合百集团,000417.SZ,SZ
股票,000419,通程控股,000419.SZ,SZ
股票,000420,吉林化纤,000420.SZ,SZ
股票,000421,南京公用,000421.SZ,SZ
股票,000422,湖北宜化,000422.SZ,SZ
股票,000423,东阿阿胶,000423.SZ,SZ
股票,000425,徐工机械,000425.SZ,SZ
股票,000426,兴业银锡,000426.SZ,SZ
股票,000428,华天酒店,000428.SZ,SZ
股票,000429,粤高速Ａ,000429.SZ,SZ
股票,000430,ST张家界,000430.SZ,SZ
股票,000488,ST晨鸣,000488.SZ,SZ
股票,000498,山东路桥,000498.SZ,SZ
股票,000501,武商集团,000501.SZ,SZ
股票,000503,国新健康,000503.SZ,SZ
股票,000504,*ST生物,000504.SZ,SZ
股票,000505,京粮控股,000505.SZ,SZ
股票,000506,招金黄金,000506.SZ,SZ
股票,000507,珠海港,000507.SZ,SZ
股票,000509,华塑控股,000509.SZ,SZ
股票,000510,新金路,000510.SZ,SZ
股票,000513,丽珠集团,000513.SZ,SZ
股票,000514,渝开发,000514.SZ,SZ
股票,000516,国际医学,000516.SZ,SZ
股票,000517,荣安地产,000517.SZ,SZ
股票,000518,*ST四环,000518.SZ,SZ
股票,000519,中兵红箭,000519.SZ,SZ
股票,000520,凤凰航运,000520.SZ,SZ
股票,000521,长虹美菱,000521.SZ,SZ
股票,000523,红棉股份,000523.SZ,SZ
股票,000524,岭南控股,000524.SZ,SZ
股票,000525,红太阳,000525.SZ,SZ
股票,000526,学大教育,000526.SZ,SZ
股票,000528,柳工,000528.SZ,SZ
股票,000529,广弘控股,000529.SZ,SZ
股票,000530,冰山冷热,000530.SZ,SZ
股票,000531,穗恒运Ａ,000531.SZ,SZ
股票,000532,华金资本,000532.SZ,SZ
股票,000533,顺钠股份,000533.SZ,SZ
股票,000534,万泽股份,000534.SZ,SZ
股票,000536,华映科技,000536.SZ,SZ
股票,000537,绿发电力,000537.SZ,SZ
股票,000538,云南白药,000538.SZ,SZ
股票,000539,粤电力Ａ,000539.SZ,SZ
股票,000541,佛山照明,000541.SZ,SZ
股票,000543,皖能电力,000543.SZ,SZ
股票,000544,中原环保,000544.SZ,SZ
股票,000545,金浦钛业,000545.SZ,SZ
股票,000546,金圆股份,000546.SZ,SZ
股票,000547,航天发展,000547.SZ,SZ
股票,000548,湖南投资,000548.SZ,SZ
股票,000550,江铃汽车,000550.SZ,SZ
股票,000551,创元科技,000551.SZ,SZ
股票,000552,甘肃能化,000552.SZ,SZ
股票,000553,安道麦A,000553.SZ,SZ
股票,000554,泰山石油,000554.SZ,SZ
股票,000555,神州信息,000555.SZ,SZ
股票,000557,西部创业,000557.SZ,SZ
股票,000558,天府文旅,000558.SZ,SZ
股票,000559,万向钱潮,000559.SZ,SZ
股票,000560,我爱我家,000560.SZ,SZ
股票,000561,烽火电子,000561.SZ,SZ
股票,000563,陕国投Ａ,000563.SZ,SZ
股票,000564,供销大集,000564.SZ,SZ
股票,000565,渝三峡Ａ,000565.SZ,SZ
股票,000566,海南海药,000566.SZ,SZ
股票,000567,海德股份,000567.SZ,SZ
股票,000568,泸州老窖,000568.SZ,SZ
股票,000570,苏常柴Ａ,000570.SZ,SZ
股票,000571,新大洲A,000571.SZ,SZ
股票,000572,海马汽车,000572.SZ,SZ
股票,000573,粤宏远Ａ,000573.SZ,SZ
股票,000576,甘化科工,000576.SZ,SZ
股票,000581,威孚高科,000581.SZ,SZ
股票,000582,北部湾港,000582.SZ,SZ
股票,000586,汇源通信,000586.SZ,SZ
股票,000589,贵州轮胎,000589.SZ,SZ
股票,000590,古汉医药,000590.SZ,SZ
股票,000591,太阳能,000591.SZ,SZ
股票,000592,平潭发展,000592.SZ,SZ
股票,000593,德龙汇能,000593.SZ,SZ
股票,000595,*ST宝实,000595.SZ,SZ
股票,000596,古井贡酒,000596.SZ,SZ
股票,000597,东北制药,000597.SZ,SZ
股票,000598,兴蓉环境,000598.SZ,SZ
股票,000599,青岛双星,000599.SZ,SZ
股票,000600,建投能源,000600.SZ,SZ
股票,000601,韶能股份,000601.SZ,SZ
股票,000603,盛达资源,000603.SZ,SZ
股票,000605,渤海股份,000605.SZ,SZ
股票,000607,华媒控股,000607.SZ,SZ
股票,000608,*ST阳光,000608.SZ,SZ
股票,000609,ST中迪,000609.SZ,SZ
股票,000610,西安旅游,000610.SZ,SZ
股票,000612,焦作万方,000612.SZ,SZ
股票,000615,*ST美谷,000615.SZ,SZ
股票,000617,中油资本,000617.SZ,SZ
股票,000619,海螺新材,000619.SZ,SZ
股票,000620,盈新发展,000620.SZ,SZ
股票,000623,吉林敖东,000623.SZ,SZ
股票,000625,长安汽车,000625.SZ,SZ
股票,000626,远大控股,000626.SZ,SZ
股票,000628,高新发展,000628.SZ,SZ
股票,000629,钒钛股份,000629.SZ,SZ
股票,000630,铜陵有色,000630.SZ,SZ
股票,000631,顺发恒能,000631.SZ,SZ
股票,000632,三木集团,000632.SZ,SZ
股票,000633,合金投资,000633.SZ,SZ
股票,000635,英力特,000635.SZ,SZ
股票,000636,风华高科,000636.SZ,SZ
股票,000637,茂化实华,000637.SZ,SZ
股票,000638,*ST万方,000638.SZ,SZ
股票,000639,西王食品,000639.SZ,SZ
股票,000650,仁和药业,000650.SZ,SZ
股票,000651,格力电器,000651.SZ,SZ
股票,000652,泰达股份,000652.SZ,SZ
股票,000655,金岭矿业,000655.SZ,SZ
股票,000656,*ST金科,000656.SZ,SZ
股票,000657,中钨高新,000657.SZ,SZ
股票,000659,珠海中富,000659.SZ,SZ
股票,000661,长春高新,000661.SZ,SZ
股票,000663,永安林业,000663.SZ,SZ
股票,000665,湖北广电,000665.SZ,SZ
股票,000668,*ST荣控,000668.SZ,SZ
股票,000669,ST金鸿,000669.SZ,SZ
股票,000670,盈方微,000670.SZ,SZ
股票,000672,上峰水泥,000672.SZ,SZ
股票,000676,智度股份,000676.SZ,SZ
股票,000677,恒天海龙,000677.SZ,SZ
股票,000678,襄阳轴承,000678.SZ,SZ
股票,000679,大连友谊,000679.SZ,SZ
股票,000680,山推股份,000680.SZ,SZ
股票,000681,视觉中国,000681.SZ,SZ
股票,000682,东方电子,000682.SZ,SZ
股票,000683,博源化工,000683.SZ,SZ
股票,000685,中山公用,000685.SZ,SZ
股票,000686,东北证券,000686.SZ,SZ
股票,000688,国城矿业,000688.SZ,SZ
股票,000690,宝新能源,000690.SZ,SZ
股票,000691,*ST亚太,000691.SZ,SZ
股票,000692,惠天热电,000692.SZ,SZ
股票,000695,滨海能源,000695.SZ,SZ
股票,000697,ST炼石,000697.SZ,SZ
股票,000698,ST沈化,000698.SZ,SZ
股票,000700,模塑科技,000700.SZ,SZ
股票,000701,厦门信达,000701.SZ,SZ
股票,000702,正虹科技,000702.SZ,SZ
股票,000703,恒逸石化,000703.SZ,SZ
股票,000705,浙江震元,000705.SZ,SZ
股票,000707,双环科技,000707.SZ,SZ
股票,000708,中信特钢,000708.SZ,SZ
股票,000709,河钢股份,000709.SZ,SZ
股票,000710,贝瑞基因,000710.SZ,SZ
股票,000711,ST京蓝,000711.SZ,SZ
股票,000712,锦龙股份,000712.SZ,SZ
股票,000713,国投丰乐,000713.SZ,SZ
股票,000715,中兴商业,000715.SZ,SZ
股票,000716,黑芝麻,000716.SZ,SZ
股票,000717,中南股份,000717.SZ,SZ
股票,000718,苏宁环球,000718.SZ,SZ
股票,000719,中原传媒,000719.SZ,SZ
股票,000720,新能泰山,000720.SZ,SZ
股票,000721,西安饮食,000721.SZ,SZ
股票,000722,湖南发展,000722.SZ,SZ
股票,000723,美锦能源,000723.SZ,SZ
股票,000725,京东方Ａ,000725.SZ,SZ
股票,000726,鲁泰Ａ,000726.SZ,SZ
股票,000727,冠捷科技,000727.SZ,SZ
股票,000728,国元证券,000728.SZ,SZ
股票,000729,燕京啤酒,000729.SZ,SZ
股票,000731,四川美丰,000731.SZ,SZ
股票,000733,振华科技,000733.SZ,SZ
股票,000735,罗牛山,000735.SZ,SZ
股票,000736,*ST中地,000736.SZ,SZ
股票,000737,北方铜业,000737.SZ,SZ
股票,000738,航发控制,000738.SZ,SZ
股票,000739,普洛药业,000739.SZ,SZ
股票,000750,国海证券,000750.SZ,SZ
股票,000751,锌业股份,000751.SZ,SZ
股票,000752,ST西发,000752.SZ,SZ
股票,000753,漳州发展,000753.SZ,SZ
股票,000755,山西高速,000755.SZ,SZ
股票,000756,新华制药,000756.SZ,SZ
股票,000757,浩物股份,000757.SZ,SZ
股票,000758,中色股份,000758.SZ,SZ
股票,000759,中百集团,000759.SZ,SZ
股票,000761,本钢板材,000761.SZ,SZ
股票,000762,西藏矿业,000762.SZ,SZ
股票,000766,通化金马,000766.SZ,SZ
股票,000767,晋控电力,000767.SZ,SZ
股票,000768,中航西飞,000768.SZ,SZ
股票,000776,广发证券,000776.SZ,SZ
股票,000777,中核科技,000777.SZ,SZ
股票,000778,新兴铸管,000778.SZ,SZ
股票,000779,甘咨询,000779.SZ,SZ
股票,000782,恒申新材,000782.SZ,SZ
股票,000783,长江证券,000783.SZ,SZ
股票,000785,居然智家,000785.SZ,SZ
股票,000786,北新建材,000786.SZ,SZ
股票,000788,北大医药,000788.SZ,SZ
股票,000789,万年青,000789.SZ,SZ
股票,000790,华神科技,000790.SZ,SZ
股票,000791,甘肃能源,000791.SZ,SZ
股票,000792,盐湖股份,000792.SZ,SZ
股票,000793,*ST华闻,000793.SZ,SZ
股票,000795,英洛华,000795.SZ,SZ
股票,000796,凯撒旅业,000796.SZ,SZ
股票,000797,中国武夷,000797.SZ,SZ
股票,000798,中水渔业,000798.SZ,SZ
股票,000799,酒鬼酒,000799.SZ,SZ
股票,000800,一汽解放,000800.SZ,SZ
股票,000801,四川九洲,000801.SZ,SZ
股票,000802,北京文化,000802.SZ,SZ
股票,000803,山高环能,000803.SZ,SZ
股票,000807,云铝股份,000807.SZ,SZ
股票,000809,和展能源,000809.SZ,SZ
股票,000810,创维数字,000810.SZ,SZ
股票,000811,冰轮环境,000811.SZ,SZ
股票,000812,陕西金叶,000812.SZ,SZ
股票,000813,德展健康,000813.SZ,SZ
股票,000815,美利云,000815.SZ,SZ
股票,000816,智慧农业,000816.SZ,SZ
股票,000818,航锦科技,000818.SZ,SZ
股票,000819,岳阳兴长,000819.SZ,SZ
股票,000820,*ST节能,000820.SZ,SZ
股票,000821,ST京机,000821.SZ,SZ
股票,000822,山东海化,000822.SZ,SZ
股票,000823,超声电子,000823.SZ,SZ
股票,000825,太钢不锈,000825.SZ,SZ
股票,000826,启迪环境,000826.SZ,SZ
股票,000828,东莞控股,000828.SZ,SZ
股票,000829,天音控股,000829.SZ,SZ
股票,000830,鲁西化工,000830.SZ,SZ
股票,000831,中国稀土,000831.SZ,SZ
股票,000833,粤桂股份,000833.SZ,SZ
股票,000837,秦川机床,000837.SZ,SZ
股票,000838,财信发展,000838.SZ,SZ
股票,000839,国安股份,000839.SZ,SZ
股票,000848,承德露露,000848.SZ,SZ
股票,000850,华茂股份,000850.SZ,SZ
股票,000852,石化机械,000852.SZ,SZ
股票,000856,冀东装备,000856.SZ,SZ
股票,000858,五粮液,000858.SZ,SZ
股票,000859,国风新材,000859.SZ,SZ
股票,000860,顺鑫农业,000860.SZ,SZ
股票,000862,银星能源,000862.SZ,SZ
股票,000863,三湘印象,000863.SZ,SZ
股票,000868,安凯客车,000868.SZ,SZ
股票,000869,张裕Ａ,000869.SZ,SZ
股票,000875,电投绿能,000875.SZ,SZ
股票,000876,新希望,000876.SZ,SZ
股票,000877,天山股份,000877.SZ,SZ
股票,000878,云南铜业,000878.SZ,SZ
股票,000880,潍柴重机,000880.SZ,SZ
股票,000881,中广核技,000881.SZ,SZ
股票,000882,华联股份,000882.SZ,SZ
股票,000883,湖北能源,000883.SZ,SZ
股票,000885,城发环境,000885.SZ,SZ
股票,000886,海南高速,000886.SZ,SZ
股票,000887,中鼎股份,000887.SZ,SZ
股票,000888,峨眉山Ａ,000888.SZ,SZ
股票,000889,中嘉博创,000889.SZ,SZ
股票,000890,法尔胜,000890.SZ,SZ
股票,000892,欢瑞世纪,000892.SZ,SZ
股票,000893,亚钾国际,000893.SZ,SZ
股票,000895,双汇发展,000895.SZ,SZ
股票,000897,津滨发展,000897.SZ,SZ
股票,000898,鞍钢股份,000898.SZ,SZ
股票,000899,赣能股份,000899.SZ,SZ
股票,000900,现代投资,000900.SZ,SZ
股票,000901,航天科技,000901.SZ,SZ
股票,000902,新洋丰,000902.SZ,SZ
股票,000903,ST云动,000903.SZ,SZ
股票,000905,厦门港务,000905.SZ,SZ
股票,000906,浙商中拓,000906.SZ,SZ
股票,000908,*ST景峰,000908.SZ,SZ
股票,000909,ST数源,000909.SZ,SZ
股票,000910,大亚圣象,000910.SZ,SZ
股票,000911,广农糖业,000911.SZ,SZ
股票,000912,泸天化,000912.SZ,SZ
股票,000913,钱江摩托,000913.SZ,SZ
股票,000915,华特达因,000915.SZ,SZ
股票,000917,电广传媒,000917.SZ,SZ
股票,000919,金陵药业,000919.SZ,SZ
股票,000920,沃顿科技,000920.SZ,SZ
股票,000921,海信家电,000921.SZ,SZ
股票,000922,佳电股份,000922.SZ,SZ
股票,000923,河钢资源,000923.SZ,SZ
股票,000925,众合科技,000925.SZ,SZ
股票,000926,福星股份,000926.SZ,SZ
股票,000927,中国铁物,000927.SZ,SZ
股票,000928,中钢国际,000928.SZ,SZ
股票,000929,*ST兰黄,000929.SZ,SZ
股票,000930,中粮科技,000930.SZ,SZ
股票,000931,中关村,000931.SZ,SZ
股票,000932,华菱钢铁,000932.SZ,SZ
股票,000933,神火股份,000933.SZ,SZ
股票,000935,四川双马,000935.SZ,SZ
股票,000936,华西股份,000936.SZ,SZ
股票,000937,冀中能源,000937.SZ,SZ
股票,000938,紫光股份,000938.SZ,SZ
股票,000948,南天信息,000948.SZ,SZ
股票,000949,新乡化纤,000949.SZ,SZ
股票,000950,重药控股,000950.SZ,SZ
股票,000951,中国重汽,000951.SZ,SZ
股票,000952,广济药业,000952.SZ,SZ
股票,000953,河化股份,000953.SZ,SZ
股票,000955,欣龙控股,000955.SZ,SZ
股票,000957,中通客车,000957.SZ,SZ
股票,000958,电投产融,000958.SZ,SZ
股票,000959,首钢股份,000959.SZ,SZ
股票,000960,锡业股份,000960.SZ,SZ
股票,000962,东方钽业,000962.SZ,SZ
股票,000963,华东医药,000963.SZ,SZ
股票,000965,天保基建,000965.SZ,SZ
股票,000966,长源电力,000966.SZ,SZ
股票,000967,盈峰环境,000967.SZ,SZ
股票,000968,蓝焰控股,000968.SZ,SZ
股票,000969,安泰科技,000969.SZ,SZ
股票,000970,中科三环,000970.SZ,SZ
股票,000972,*ST中基,000972.SZ,SZ
股票,000973,佛塑科技,000973.SZ,SZ
股票,000975,山金国际,000975.SZ,SZ
股票,000977,浪潮信息,000977.SZ,SZ
股票,000978,桂林旅游,000978.SZ,SZ
股票,000980,众泰汽车,000980.SZ,SZ
股票,000981,山子高科,000981.SZ,SZ
股票,000983,山西焦煤,000983.SZ,SZ
股票,000985,大庆华科,000985.SZ,SZ
股票,000987,越秀资本,000987.SZ,SZ
股票,000988,华工科技,000988.SZ,SZ
股票,000989,九芝堂,000989.SZ,SZ
股票,000990,诚志股份,000990.SZ,SZ
股票,000993,闽东电力,000993.SZ,SZ
股票,000995,皇台酒业,000995.SZ,SZ
股票,000997,新大陆,000997.SZ,SZ
股票,000998,隆平高科,000998.SZ,SZ
股票,000999,华润三九,000999.SZ,SZ
股票,001201,东瑞股份,001201.SZ,SZ
股票,001202,炬申股份,001202.SZ,SZ
股票,001203,大中矿业,001203.SZ,SZ
股票,001205,盛航股份,001205.SZ,SZ
股票,001206,依依股份,001206.SZ,SZ
股票,001207,联科科技,001207.SZ,SZ
股票,001208,华菱线缆,001208.SZ,SZ
股票,001209,洪兴股份,001209.SZ,SZ
股票,001210,金房能源,001210.SZ,SZ
股票,001211,双枪科技,001211.SZ,SZ
股票,001212,中旗新材,001212.SZ,SZ
股票,001213,中铁特货,001213.SZ,SZ
股票,001215,千味央厨,001215.SZ,SZ
股票,001216,华瓷股份,001216.SZ,SZ
股票,001217,华尔泰,001217.SZ,SZ
股票,001218,丽臣实业,001218.SZ,SZ
股票,001219,青岛食品,001219.SZ,SZ
股票,001220,世盟股份,001220.SZ,SZ
股票,001221,悍高集团,001221.SZ,SZ
股票,001222,源飞宠物,001222.SZ,SZ
股票,001223,欧克科技,001223.SZ,SZ
股票,001225,和泰机电,001225.SZ,SZ
股票,001226,拓山重工,001226.SZ,SZ
股票,001227,兰州银行,001227.SZ,SZ
股票,001228,永泰运,001228.SZ,SZ
股票,001229,魅视科技,001229.SZ,SZ
股票,001230,劲旅环境,001230.SZ,SZ
股票,001231,农心科技,001231.SZ,SZ
股票,001233,海安集团,001233.SZ,SZ
股票,001234,泰慕士,001234.SZ,SZ
股票,001236,弘业期货,001236.SZ,SZ
股票,001238,浙江正特,001238.SZ,SZ
股票,001239,永达股份,001239.SZ,SZ
股票,001255,博菲电气,001255.SZ,SZ
股票,001256,炜冈科技,001256.SZ,SZ
股票,001258,立新能源,001258.SZ,SZ
股票,001259,利仁科技,001259.SZ,SZ
股票,001260,坤泰股份,001260.SZ,SZ
股票,001266,宏英智能,001266.SZ,SZ
股票,001267,汇绿生态,001267.SZ,SZ
股票,001268,联合精密,001268.SZ,SZ
股票,001269,欧晶科技,001269.SZ,SZ
股票,001270,*ST铖昌,001270.SZ,SZ
股票,001277,速达股份,001277.SZ,SZ
股票,001278,一彬科技,001278.SZ,SZ
股票,001279,强邦新材,001279.SZ,SZ
股票,001280,中国铀业,001280.SZ,SZ
股票,001282,三联锻造,001282.SZ,SZ
股票,001283,豪鹏科技,001283.SZ,SZ
股票,001285,瑞立科密,001285.SZ,SZ
股票,001286,陕西能源,001286.SZ,SZ
股票,001287,中电港,001287.SZ,SZ
股票,001288,运机集团,001288.SZ,SZ
股票,001289,龙源电力,001289.SZ,SZ
股票,001296,长江材料,001296.SZ,SZ
股票,001298,好上好,001298.SZ,SZ
股票,001299,美能能源,001299.SZ,SZ
股票,001300,三柏硕,001300.SZ,SZ
股票,001301,尚太科技,001301.SZ,SZ
股票,001306,夏厦精密,001306.SZ,SZ
股票,001308,康冠科技,001308.SZ,SZ
股票,001309,德明利,001309.SZ,SZ
股票,001311,多利科技,001311.SZ,SZ
股票,001313,粤海饲料,001313.SZ,SZ
股票,001314,亿道信息,001314.SZ,SZ
股票,001316,润贝航科,001316.SZ,SZ
股票,001317,三羊马,001317.SZ,SZ
股票,001318,阳光乳业,001318.SZ,SZ
股票,001319,铭科精技,001319.SZ,SZ
股票,001322,箭牌家居,001322.SZ,SZ
股票,001323,慕思股份,001323.SZ,SZ
股票,001324,长青科技,001324.SZ,SZ
股票,001325,元创股份,001325.SZ,SZ
股票,001326,联域股份,001326.SZ,SZ
股票,001328,登康口腔,001328.SZ,SZ
股票,001330,博纳影业,001330.SZ,SZ
股票,001331,胜通能源,001331.SZ,SZ
股票,001332,锡装股份,001332.SZ,SZ
股票,001333,光华股份,001333.SZ,SZ
股票,001335,信凯科技,001335.SZ,SZ
股票,001336,楚环科技,001336.SZ,SZ
股票,001337,四川黄金,001337.SZ,SZ
股票,001338,永顺泰,001338.SZ,SZ
股票,001339,智微智能,001339.SZ,SZ
股票,001356,富岭股份,001356.SZ,SZ
股票,001358,兴欣新材,001358.SZ,SZ
股票,001359,平安电工,001359.SZ,SZ
股票,001360,南矿集团,001360.SZ,SZ
股票,001366,播恩集团,001366.SZ,SZ
股票,001367,海森药业,001367.SZ,SZ
股票,001368,通达创智,001368.SZ,SZ
股票,001369,双欣材料,001369.SZ,SZ
股票,001373,翔腾新材,001373.SZ,SZ
股票,001376,百通能源,001376.SZ,SZ
股票,001378,德冠新材,001378.SZ,SZ
股票,001379,腾达科技,001379.SZ,SZ
股票,001380,华纬科技,001380.SZ,SZ
股票,001382,新亚电缆,001382.SZ,SZ
股票,001386,马可波罗,001386.SZ,SZ
股票,001387,雪祺电气,001387.SZ,SZ
股票,001388,信通电子,001388.SZ,SZ
股票,001389,广合科技,001389.SZ,SZ
股票,001390,古麒绒材,001390.SZ,SZ
股票,001391,国货航,001391.SZ,SZ
股票,001395,亚联机械,001395.SZ,SZ
股票,001396,誉帆科技,001396.SZ,SZ
股票,001400,江顺科技,001400.SZ,SZ
股票,001696,宗申动力,001696.SZ,SZ
股票,001872,招商港口,001872.SZ,SZ
股票,001896,豫能控股,001896.SZ,SZ
股票,001914,招商积余,001914.SZ,SZ
股票,001965,招商公路,001965.SZ,SZ
股票,001979,招商蛇口,001979.SZ,SZ
股票,002001,新和成,002001.SZ,SZ
股票,002003,伟星股份,002003.SZ,SZ
股票,002004,华邦健康,002004.SZ,SZ
股票,002005,ST德豪,002005.SZ,SZ
股票,002006,精工科技,002006.SZ,SZ
股票,002007,华兰生物,002007.SZ,SZ
股票,002008,大族激光,002008.SZ,SZ
股票,002009,天奇股份,002009.SZ,SZ
股票,002010,传化智联,002010.SZ,SZ
股票,002011,盾安环境,002011.SZ,SZ
股票,002012,凯恩股份,002012.SZ,SZ
股票,002014,永新股份,002014.SZ,SZ
股票,002015,协鑫能科,002015.SZ,SZ
股票,002016,世荣兆业,002016.SZ,SZ
股票,002017,东信和平,002017.SZ,SZ
股票,002019,亿帆医药,002019.SZ,SZ
股票,002020,京新药业,002020.SZ,SZ
股票,002021,中捷资源,002021.SZ,SZ
股票,002022,科华生物,002022.SZ,SZ
股票,002023,海特高新,002023.SZ,SZ
股票,002024,ST易购,002024.SZ,SZ
股票,002025,航天电器,002025.SZ,SZ
股票,002026,山东威达,002026.SZ,SZ
股票,002027,分众传媒,002027.SZ,SZ
股票,002028,思源电气,002028.SZ,SZ
股票,002029,七匹狼,002029.SZ,SZ
股票,002030,达安基因,002030.SZ,SZ
股票,002031,巨轮智能,002031.SZ,SZ
股票,002032,苏泊尔,002032.SZ,SZ
股票,002033,丽江股份,002033.SZ,SZ
股票,002034,旺能环境,002034.SZ,SZ
股票,002035,华帝股份,002035.SZ,SZ
股票,002036,联创电子,002036.SZ,SZ
股票,002037,保利联合,002037.SZ,SZ
股票,002038,双鹭药业,002038.SZ,SZ
股票,002039,黔源电力,002039.SZ,SZ
股票,002040,南京港,002040.SZ,SZ
股票,002041,登海种业,002041.SZ,SZ
股票,002042,华孚时尚,002042.SZ,SZ
股票,002043,兔宝宝,002043.SZ,SZ
股票,002044,美年健康,002044.SZ,SZ
股票,002045,国光电器,002045.SZ,SZ
股票,002046,国机精工,002046.SZ,SZ
股票,002047,*ST宝鹰,002047.SZ,SZ
股票,002048,宁波华翔,002048.SZ,SZ
股票,002049,紫光国微,002049.SZ,SZ
股票,002050,三花智控,002050.SZ,SZ
股票,002051,中工国际,002051.SZ,SZ
股票,002052,同洲电子,002052.SZ,SZ
股票,002053,云南能投,002053.SZ,SZ
股票,002054,德美化工,002054.SZ,SZ
股票,002055,ST得润,002055.SZ,SZ
股票,002056,横店东磁,002056.SZ,SZ
股票,002057,中钢天源,002057.SZ,SZ
股票,002058,*ST威尔,002058.SZ,SZ
股票,002059,云南旅游,002059.SZ,SZ
股票,002060,广东建工,002060.SZ,SZ
股票,002061,浙江交科,002061.SZ,SZ
股票,002062,宏润建设,002062.SZ,SZ
股票,002063,远光软件,002063.SZ,SZ
股票,002064,华峰化学,002064.SZ,SZ
股票,002065,东华软件,002065.SZ,SZ
股票,002066,瑞泰科技,002066.SZ,SZ
股票,002067,景兴纸业,002067.SZ,SZ
股票,002068,黑猫股份,002068.SZ,SZ
股票,002069,獐子岛,002069.SZ,SZ
股票,002072,凯瑞德,002072.SZ,SZ
股票,002073,软控股份,002073.SZ,SZ
股票,002074,国轩高科,002074.SZ,SZ
股票,002075,沙钢股份,002075.SZ,SZ
股票,002076,*ST星光,002076.SZ,SZ
股票,002077,大港股份,002077.SZ,SZ
股票,002078,太阳纸业,002078.SZ,SZ
股票,002079,苏州固锝,002079.SZ,SZ
股票,002080,中材科技,002080.SZ,SZ
股票,002081,金螳螂,002081.SZ,SZ
股票,002082,万邦德,002082.SZ,SZ
股票,002083,孚日股份,002083.SZ,SZ
股票,002084,海鸥住工,002084.SZ,SZ
股票,002085,万丰奥威,002085.SZ,SZ
股票,002086,东方海洋,002086.SZ,SZ
股票,002088,鲁阳节能,002088.SZ,SZ
股票,002090,金智科技,002090.SZ,SZ
股票,002091,江苏国泰,002091.SZ,SZ
股票,002092,中泰化学,002092.SZ,SZ
股票,002093,国脉科技,002093.SZ,SZ
股票,002094,青岛金王,002094.SZ,SZ
股票,002095,生意宝,002095.SZ,SZ
股票,002096,易普力,002096.SZ,SZ
股票,002097,山河智能,002097.SZ,SZ
股票,002098,浔兴股份,002098.SZ,SZ
股票,002099,海翔药业,002099.SZ,SZ
股票,002100,天康生物,002100.SZ,SZ
股票,002101,广东鸿图,002101.SZ,SZ
股票,002102,能特科技,002102.SZ,SZ
股票,002103,广博股份,002103.SZ,SZ
股票,002104,恒宝股份,002104.SZ,SZ
股票,002105,信隆健康,002105.SZ,SZ
股票,002106,莱宝高科,002106.SZ,SZ
股票,002107,沃华医药,002107.SZ,SZ
股票,002108,沧州明珠,002108.SZ,SZ
股票,002109,兴化股份,002109.SZ,SZ
股票,002110,三钢闽光,002110.SZ,SZ
股票,002111,威海广泰,002111.SZ,SZ
股票,002112,三变科技,002112.SZ,SZ
股票,002114,罗平锌电,002114.SZ,SZ
股票,002115,三维通信,002115.SZ,SZ
股票,002116,中国海诚,002116.SZ,SZ
股票,002117,东港股份,002117.SZ,SZ
股票,002119,康强电子,002119.SZ,SZ
股票,002120,韵达股份,002120.SZ,SZ
股票,002121,科陆电子,002121.SZ,SZ
股票,002122,ST汇洲,002122.SZ,SZ
股票,002123,梦网科技,002123.SZ,SZ
股票,002124,天邦食品,002124.SZ,SZ
股票,002125,湘潭电化,002125.SZ,SZ
股票,002126,银轮股份,002126.SZ,SZ
股票,002127,南极电商,002127.SZ,SZ
股票,002128,电投能源,002128.SZ,SZ
股票,002129,TCL中环,002129.SZ,SZ
股票,002130,沃尔核材,002130.SZ,SZ
股票,002131,利欧股份,002131.SZ,SZ
股票,002132,恒星科技,002132.SZ,SZ
股票,002133,广宇集团,002133.SZ,SZ
股票,002134,天津普林,002134.SZ,SZ
股票,002135,东南网架,002135.SZ,SZ
股票,002136,安纳达,002136.SZ,SZ
股票,002137,实益达,002137.SZ,SZ
股票,002138,顺络电子,002138.SZ,SZ
股票,002139,拓邦股份,002139.SZ,SZ
股票,002140,东华科技,002140.SZ,SZ
股票,002141,贤丰控股,002141.SZ,SZ
股票,002142,宁波银行,002142.SZ,SZ
股票,002144,宏达高科,002144.SZ,SZ
股票,002145,钛能化学,002145.SZ,SZ
股票,002146,荣盛发展,002146.SZ,SZ
股票,002148,北纬科技,002148.SZ,SZ
股票,002149,西部材料,002149.SZ,SZ
股票,002150,正泰电源,002150.SZ,SZ
股票,002151,北斗星通,002151.SZ,SZ
股票,002152,广电运通,002152.SZ,SZ
股票,002153,石基信息,002153.SZ,SZ
股票,002154,报喜鸟,002154.SZ,SZ
股票,002155,湖南黄金,002155.SZ,SZ
股票,002156,通富微电,002156.SZ,SZ
股票,002157,正邦科技,002157.SZ,SZ
股票,002158,汉钟精机,002158.SZ,SZ
股票,002159,三特索道,002159.SZ,SZ
股票,002160,常铝股份,002160.SZ,SZ
股票,002161,远望谷,002161.SZ,SZ
股票,002162,悦心健康,002162.SZ,SZ
股票,002163,海南发展,002163.SZ,SZ
股票,002164,宁波东力,002164.SZ,SZ
股票,002165,红宝丽,002165.SZ,SZ
股票,002166,莱茵生物,002166.SZ,SZ
股票,002167,东方锆业,002167.SZ,SZ
股票,002168,*ST惠程,002168.SZ,SZ
股票,002169,智光电气,002169.SZ,SZ
股票,002170,芭田股份,002170.SZ,SZ
股票,002171,楚江新材,002171.SZ,SZ
股票,002172,澳洋健康,002172.SZ,SZ
股票,002173,创新医疗,002173.SZ,SZ
股票,002174,游族网络,002174.SZ,SZ
股票,002175,东方智造,002175.SZ,SZ
股票,002176,江特电机,002176.SZ,SZ
股票,002177,御银股份,002177.SZ,SZ
股票,002178,延华智能,002178.SZ,SZ
股票,002179,中航光电,002179.SZ,SZ
股票,002180,纳思达,002180.SZ,SZ
股票,002181,粤传媒,002181.SZ,SZ
股票,002182,宝武镁业,002182.SZ,SZ
股票,002183,怡亚通,002183.SZ,SZ
股票,002184,海得控制,002184.SZ,SZ
股票,002185,华天科技,002185.SZ,SZ
股票,002186,全聚德,002186.SZ,SZ
股票,002187,广百股份,002187.SZ,SZ
股票,002188,中天服务,002188.SZ,SZ
股票,002189,中光学,002189.SZ,SZ
股票,002190,成飞集成,002190.SZ,SZ
股票,002191,劲嘉股份,002191.SZ,SZ
股票,002192,融捷股份,002192.SZ,SZ
股票,002193,如意集团,002193.SZ,SZ
股票,002194,武汉凡谷,002194.SZ,SZ
股票,002195,岩山科技,002195.SZ,SZ
股票,002196,方正电机,002196.SZ,SZ
股票,002197,证通电子,002197.SZ,SZ
股票,002198,嘉应制药,002198.SZ,SZ
股票,002199,*ST东晶,002199.SZ,SZ
股票,002200,*ST交投,002200.SZ,SZ
股票,002201,九鼎新材,002201.SZ,SZ
股票,002202,金风科技,002202.SZ,SZ
股票,002203,海亮股份,002203.SZ,SZ
股票,002204,大连重工,002204.SZ,SZ
股票,002205,国统股份,002205.SZ,SZ
股票,002206,海利得,002206.SZ,SZ
股票,002207,准油股份,002207.SZ,SZ
股票,002208,合肥城建,002208.SZ,SZ
股票,002209,达意隆,002209.SZ,SZ
股票,002210,飞马国际,002210.SZ,SZ
股票,002211,ST宏达,002211.SZ,SZ
股票,002212,天融信,002212.SZ,SZ
股票,002213,大为股份,002213.SZ,SZ
股票,002214,*ST大立,002214.SZ,SZ
股票,002215,诺普信,002215.SZ,SZ
股票,002216,三全食品,002216.SZ,SZ
股票,002217,合力泰,002217.SZ,SZ
股票,002218,拓日新能,002218.SZ,SZ
股票,002219,新里程,002219.SZ,SZ
股票,002221,东华能源,002221.SZ,SZ
股票,002222,福晶科技,002222.SZ,SZ
股票,002223,鱼跃医疗,002223.SZ,SZ
股票,002224,三力士,002224.SZ,SZ
股票,002225,濮耐股份,002225.SZ,SZ
股票,002226,江南化工,002226.SZ,SZ
股票,002227,奥特迅,002227.SZ,SZ
股票,002228,合兴包装,002228.SZ,SZ
股票,002229,鸿博股份,002229.SZ,SZ
股票,002230,科大讯飞,002230.SZ,SZ
股票,002231,*ST奥维,002231.SZ,SZ
股票,002232,启明信息,002232.SZ,SZ
股票,002233,塔牌集团,002233.SZ,SZ
股票,002234,民和股份,002234.SZ,SZ
股票,002235,安妮股份,002235.SZ,SZ
股票,002236,大华股份,002236.SZ,SZ
股票,002237,恒邦股份,002237.SZ,SZ
股票,002238,天威视讯,002238.SZ,SZ
股票,002239,奥特佳,002239.SZ,SZ
股票,002240,盛新锂能,002240.SZ,SZ
股票,002241,歌尔股份,002241.SZ,SZ
股票,002242,九阳股份,002242.SZ,SZ
股票,002243,力合科创,002243.SZ,SZ
股票,002244,滨江集团,002244.SZ,SZ
股票,002245,蔚蓝锂芯,002245.SZ,SZ
股票,002246,北化股份,002246.SZ,SZ
股票,002247,聚力文化,002247.SZ,SZ
股票,002248,华东数控,002248.SZ,SZ
股票,002249,大洋电机,002249.SZ,SZ
股票,002250,联化科技,002250.SZ,SZ
股票,002251,步步高,002251.SZ,SZ
股票,002252,上海莱士,002252.SZ,SZ
股票,002253,*ST智胜,002253.SZ,SZ
股票,002254,泰和新材,002254.SZ,SZ
股票,002255,海陆重工,002255.SZ,SZ
股票,002256,兆新股份,002256.SZ,SZ
股票,002258,利尔化学,002258.SZ,SZ
股票,002259,升达林业,002259.SZ,SZ
股票,002261,拓维信息,002261.SZ,SZ
股票,002262,恩华药业,002262.SZ,SZ
股票,002263,大东南,002263.SZ,SZ
股票,002264,新华都,002264.SZ,SZ
股票,002265,建设工业,002265.SZ,SZ
股票,002266,浙富控股,002266.SZ,SZ
股票,002267,陕天然气,002267.SZ,SZ
股票,002268,电科网安,002268.SZ,SZ
股票,002269,美邦服饰,002269.SZ,SZ
股票,002270,华明装备,002270.SZ,SZ
股票,002271,东方雨虹,002271.SZ,SZ
股票,002272,川润股份,002272.SZ,SZ
股票,002273,水晶光电,002273.SZ,SZ
股票,002274,华昌化工,002274.SZ,SZ
股票,002275,桂林三金,002275.SZ,SZ
股票,002276,万马股份,002276.SZ,SZ
股票,002277,友阿股份,002277.SZ,SZ
股票,002278,神开股份,002278.SZ,SZ
股票,002279,久其软件,002279.SZ,SZ
股票,002281,光迅科技,002281.SZ,SZ
股票,002282,博深股份,002282.SZ,SZ
股票,002283,天润工业,002283.SZ,SZ
股票,002284,亚太股份,002284.SZ,SZ
股票,002285,世联行,002285.SZ,SZ
股票,002286,保龄宝,002286.SZ,SZ
股票,002287,奇正藏药,002287.SZ,SZ
股票,002289,*ST宇顺,002289.SZ,SZ
股票,002290,禾盛新材,002290.SZ,SZ
股票,002291,遥望科技,002291.SZ,SZ
股票,002292,奥飞娱乐,002292.SZ,SZ
股票,002293,罗莱生活,002293.SZ,SZ
股票,002294,信立泰,002294.SZ,SZ
股票,002295,精艺股份,002295.SZ,SZ
股票,002296,辉煌科技,002296.SZ,SZ
股票,002297,博云新材,002297.SZ,SZ
股票,002298,中电鑫龙,002298.SZ,SZ
股票,002299,圣农发展,002299.SZ,SZ
股票,002300,太阳电缆,002300.SZ,SZ
股票,002301,齐心集团,002301.SZ,SZ
股票,002302,西部建设,002302.SZ,SZ
股票,002303,美盈森,002303.SZ,SZ
股票,002304,洋河股份,002304.SZ,SZ
股票,002305,*ST南置,002305.SZ,SZ
股票,002306,*ST云网,002306.SZ,SZ
股票,002307,北新路桥,002307.SZ,SZ
股票,002309,中利集团,002309.SZ,SZ
股票,002310,东方新能,002310.SZ,SZ
股票,002311,海大集团,002311.SZ,SZ
股票,002312,川发龙蟒,002312.SZ,SZ
股票,002313,日海智能,002313.SZ,SZ
股票,002314,南山控股,002314.SZ,SZ
股票,002315,焦点科技,002315.SZ,SZ
股票,002316,亚联发展,002316.SZ,SZ
股票,002317,众生药业,002317.SZ,SZ
股票,002318,久立特材,002318.SZ,SZ
股票,002319,乐通股份,002319.SZ,SZ
股票,002320,海峡股份,002320.SZ,SZ
股票,002321,华英农业,002321.SZ,SZ
股票,002322,理工能科,002322.SZ,SZ
股票,002323,雅博股份,002323.SZ,SZ
股票,002324,普利特,002324.SZ,SZ
股票,002326,永太科技,002326.SZ,SZ
股票,002327,富安娜,002327.SZ,SZ
股票,002328,新朋股份,002328.SZ,SZ
股票,002329,皇氏集团,002329.SZ,SZ
股票,002330,得利斯,002330.SZ,SZ
股票,002331,皖通科技,002331.SZ,SZ
股票,002332,仙琚制药,002332.SZ,SZ
股票,002333,罗普斯金,002333.SZ,SZ
股票,002334,英威腾,002334.SZ,SZ
股票,002335,科华数据,002335.SZ,SZ
股票,002337,赛象科技,002337.SZ,SZ
股票,002338,奥普光电,002338.SZ,SZ
股票,002339,积成电子,002339.SZ,SZ
股票,002340,格林美,002340.SZ,SZ
股票,002342,巨力索具,002342.SZ,SZ
股票,002343,慈文传媒,002343.SZ,SZ
股票,002344,海宁皮城,002344.SZ,SZ
股票,002345,潮宏基,002345.SZ,SZ
股票,002346,柘中股份,002346.SZ,SZ
股票,002347,泰尔股份,002347.SZ,SZ
股票,002348,高乐股份,002348.SZ,SZ
股票,002349,精华制药,002349.SZ,SZ
股票,002350,北京科锐,002350.SZ,SZ
股票,002351,漫步者,002351.SZ,SZ
股票,002352,顺丰控股,002352.SZ,SZ
股票,002353,杰瑞股份,002353.SZ,SZ
股票,002354,天娱数科,002354.SZ,SZ
股票,002355,兴民智通,002355.SZ,SZ
股票,002356,赫美集团,002356.SZ,SZ
股票,002357,富临运业,002357.SZ,SZ
股票,002358,森源电气,002358.SZ,SZ
股票,002360,同德化工,002360.SZ,SZ
股票,002361,神剑股份,002361.SZ,SZ
股票,002362,汉王科技,002362.SZ,SZ
股票,002363,隆基机械,002363.SZ,SZ
股票,002364,中恒电气,002364.SZ,SZ
股票,002365,永安药业,002365.SZ,SZ
股票,002366,融发核电,002366.SZ,SZ
股票,002367,康力电梯,002367.SZ,SZ
股票,002368,太极股份,002368.SZ,SZ
股票,002369,卓翼科技,002369.SZ,SZ
股票,002370,亚太药业,002370.SZ,SZ
股票,002371,北方华创,002371.SZ,SZ
股票,002372,伟星新材,002372.SZ,SZ
股票,002373,千方科技,002373.SZ,SZ
股票,002374,中锐股份,002374.SZ,SZ
股票,002375,亚厦股份,002375.SZ,SZ
股票,002376,新北洋,002376.SZ,SZ
股票,002377,国创高新,002377.SZ,SZ
股票,002378,章源钨业,002378.SZ,SZ
股票,002379,宏桥控股,002379.SZ,SZ
股票,002380,科远智慧,002380.SZ,SZ
股票,002381,双箭股份,002381.SZ,SZ
股票,002382,蓝帆医疗,002382.SZ,SZ
股票,002383,合众思壮,002383.SZ,SZ
股票,002384,东山精密,002384.SZ,SZ
股票,002385,大北农,002385.SZ,SZ
股票,002386,天原股份,002386.SZ,SZ
股票,002387,维信诺,002387.SZ,SZ
股票,002388,新亚制程,002388.SZ,SZ
股票,002389,航天彩虹,002389.SZ,SZ
股票,002390,信邦制药,002390.SZ,SZ
股票,002391,长青股份,002391.SZ,SZ
股票,002392,北京利尔,002392.SZ,SZ
股票,002393,力生制药,002393.SZ,SZ
股票,002394,联发股份,002394.SZ,SZ
股票,002395,双象股份,002395.SZ,SZ
股票,002396,星网锐捷,002396.SZ,SZ
股票,002397,梦洁股份,002397.SZ,SZ
股票,002398,垒知集团,002398.SZ,SZ
股票,002399,海普瑞,002399.SZ,SZ
股票,002400,省广集团,002400.SZ,SZ
股票,002401,中远海科,002401.SZ,SZ
股票,002402,和而泰,002402.SZ,SZ
股票,002403,爱仕达,002403.SZ,SZ
股票,002404,嘉欣丝绸,002404.SZ,SZ
股票,002405,四维图新,002405.SZ,SZ
股票,002406,远东传动,002406.SZ,SZ
股票,002407,多氟多,002407.SZ,SZ
股票,002408,齐翔腾达,002408.SZ,SZ
股票,002409,雅克科技,002409.SZ,SZ
股票,002410,广联达,002410.SZ,SZ
股票,002412,汉森制药,002412.SZ,SZ
股票,002413,雷科防务,002413.SZ,SZ
股票,002414,高德红外,002414.SZ,SZ
股票,002415,海康威视,002415.SZ,SZ
股票,002416,爱施德,002416.SZ,SZ
股票,002418,康盛股份,002418.SZ,SZ
股票,002419,天虹股份,002419.SZ,SZ
股票,002420,毅昌科技,002420.SZ,SZ
股票,002421,达实智能,002421.SZ,SZ
股票,002422,科伦药业,002422.SZ,SZ
股票,002423,中粮资本,002423.SZ,SZ
股票,002424,ST百灵,002424.SZ,SZ
股票,002425,凯撒文化,002425.SZ,SZ
股票,002426,胜利精密,002426.SZ,SZ
股票,002427,尤夫股份,002427.SZ,SZ
股票,002428,云南锗业,002428.SZ,SZ
股票,002429,兆驰股份,002429.SZ,SZ
股票,002430,杭氧股份,002430.SZ,SZ
股票,002431,棕榈股份,002431.SZ,SZ
股票,002432,九安医疗,002432.SZ,SZ
股票,002434,万里扬,002434.SZ,SZ
股票,002436,兴森科技,002436.SZ,SZ
股票,002437,誉衡药业,002437.SZ,SZ
股票,002438,江苏神通,002438.SZ,SZ
股票,002439,启明星辰,002439.SZ,SZ
股票,002440,闰土股份,002440.SZ,SZ
股票,002441,众业达,002441.SZ,SZ
股票,002442,龙星科技,002442.SZ,SZ
股票,002443,金洲管道,002443.SZ,SZ
股票,002444,巨星科技,002444.SZ,SZ
股票,002445,中南文化,002445.SZ,SZ
股票,002446,盛路通信,002446.SZ,SZ
股票,002448,中原内配,002448.SZ,SZ
股票,002449,国星光电,002449.SZ,SZ
股票,002451,摩恩电气,002451.SZ,SZ
股票,002452,长高电新,002452.SZ,SZ
股票,002453,华软科技,002453.SZ,SZ
股票,002454,松芝股份,002454.SZ,SZ
股票,002455,百川股份,002455.SZ,SZ
股票,002456,欧菲光,002456.SZ,SZ
股票,002457,青龙管业,002457.SZ,SZ
股票,002458,益生股份,002458.SZ,SZ
股票,002459,晶澳科技,002459.SZ,SZ
股票,002460,赣锋锂业,002460.SZ,SZ
股票,002461,珠江啤酒,002461.SZ,SZ
股票,002462,嘉事堂,002462.SZ,SZ
股票,002463,沪电股份,002463.SZ,SZ
股票,002465,海格通信,002465.SZ,SZ
股票,002466,天齐锂业,002466.SZ,SZ
股票,002467,二六三,002467.SZ,SZ
股票,002468,申通快递,002468.SZ,SZ
股票,002469,三维化学,002469.SZ,SZ
股票,002470,金正大,002470.SZ,SZ
股票,002471,中超控股,002471.SZ,SZ
股票,002472,双环传动,002472.SZ,SZ
股票,002474,榕基软件,002474.SZ,SZ
股票,002475,立讯精密,002475.SZ,SZ
股票,002476,宝莫股份,002476.SZ,SZ
股票,002478,常宝股份,002478.SZ,SZ
股票,002479,富春环保,002479.SZ,SZ
股票,002480,新筑股份,002480.SZ,SZ
股票,002481,双塔食品,002481.SZ,SZ
股票,002482,广田集团,002482.SZ,SZ
股票,002483,润邦股份,002483.SZ,SZ
股票,002484,江海股份,002484.SZ,SZ
股票,002485,ST雪发,002485.SZ,SZ
股票,002486,嘉麟杰,002486.SZ,SZ
股票,002487,大金重工,002487.SZ,SZ
股票,002488,金固股份,002488.SZ,SZ
股票,002489,浙江永强,002489.SZ,SZ
股票,002490,山东墨龙,002490.SZ,SZ
股票,002491,通鼎互联,002491.SZ,SZ
股票,002492,恒基达鑫,002492.SZ,SZ
股票,002493,荣盛石化,002493.SZ,SZ
股票,002494,华斯股份,002494.SZ,SZ
股票,002495,佳隆股份,002495.SZ,SZ
股票,002496,*ST辉丰,002496.SZ,SZ
股票,002497,雅化集团,002497.SZ,SZ
股票,002498,汉缆股份,002498.SZ,SZ
股票,002500,山西证券,002500.SZ,SZ
股票,002501,利源股份,002501.SZ,SZ
股票,002506,协鑫集成,002506.SZ,SZ
股票,002507,涪陵榨菜,002507.SZ,SZ
股票,002508,老板电器,002508.SZ,SZ
股票,002510,天汽模,002510.SZ,SZ
股票,002511,中顺洁柔,002511.SZ,SZ
股票,002512,ST达华,002512.SZ,SZ
股票,002513,蓝丰生化,002513.SZ,SZ
股票,002514,宝馨科技,002514.SZ,SZ
股票,002515,金字火腿,002515.SZ,SZ
股票,002516,旷达科技,002516.SZ,SZ
股票,002517,恺英网络,002517.SZ,SZ
股票,002518,科士达,002518.SZ,SZ
股票,002519,银河电子,002519.SZ,SZ
股票,002520,日发精机,002520.SZ,SZ
股票,002521,齐峰新材,002521.SZ,SZ
股票,002522,浙江众成,002522.SZ,SZ
股票,002523,天桥起重,002523.SZ,SZ
股票,002524,光正眼科,002524.SZ,SZ
股票,002526,山东矿机,002526.SZ,SZ
股票,002527,新时达,002527.SZ,SZ
股票,002528,ST英飞拓,002528.SZ,SZ
股票,002529,*ST海源,002529.SZ,SZ
股票,002530,金财互联,002530.SZ,SZ
股票,002531,天顺风能,002531.SZ,SZ
股票,002532,天山铝业,002532.SZ,SZ
股票,002533,金杯电工,002533.SZ,SZ
股票,002534,西子洁能,002534.SZ,SZ
股票,002535,林州重机,002535.SZ,SZ
股票,002536,飞龙股份,002536.SZ,SZ
股票,002537,海联金汇,002537.SZ,SZ
股票,002538,司尔特,002538.SZ,SZ
股票,002539,云图控股,002539.SZ,SZ
股票,002540,亚太科技,002540.SZ,SZ
股票,002541,鸿路钢构,002541.SZ,SZ
股票,002542,中化岩土,002542.SZ,SZ
股票,002543,万和电气,002543.SZ,SZ
股票,002544,普天科技,002544.SZ,SZ
股票,002545,东方铁塔,002545.SZ,SZ
股票,002546,新联电子,002546.SZ,SZ
股票,002547,春兴精工,002547.SZ,SZ
股票,002548,金新农,002548.SZ,SZ
股票,002549,凯美特气,002549.SZ,SZ
股票,002550,千红制药,002550.SZ,SZ
股票,002551,尚荣医疗,002551.SZ,SZ
股票,002552,宝鼎科技,002552.SZ,SZ
股票,002553,南方精工,002553.SZ,SZ
股票,002554,惠博普,002554.SZ,SZ
股票,002555,三七互娱,002555.SZ,SZ
股票,002556,辉隆股份,002556.SZ,SZ
股票,002557,洽洽食品,002557.SZ,SZ
股票,002558,巨人网络,002558.SZ,SZ
股票,002559,亚威股份,002559.SZ,SZ
股票,002560,通达股份,002560.SZ,SZ
股票,002561,徐家汇,002561.SZ,SZ
股票,002562,兄弟科技,002562.SZ,SZ
股票,002563,森马服饰,002563.SZ,SZ
股票,002564,天沃科技,002564.SZ,SZ
股票,002565,顺灏股份,002565.SZ,SZ
股票,002566,益盛药业,002566.SZ,SZ
股票,002567,唐人神,002567.SZ,SZ
股票,002568,百润股份,002568.SZ,SZ
股票,002569,*ST步森,002569.SZ,SZ
股票,002570,贝因美,002570.SZ,SZ
股票,002571,德力股份,002571.SZ,SZ
股票,002572,索菲亚,002572.SZ,SZ
股票,002573,清新环境,002573.SZ,SZ
股票,002574,明牌珠宝,002574.SZ,SZ
股票,002575,群兴玩具,002575.SZ,SZ
股票,002576,通达动力,002576.SZ,SZ
股票,002577,雷柏科技,002577.SZ,SZ
股票,002578,闽发铝业,002578.SZ,SZ
股票,002579,中京电子,002579.SZ,SZ
股票,002580,圣阳股份,002580.SZ,SZ
股票,002581,ST未名,002581.SZ,SZ
股票,002582,好想你,002582.SZ,SZ
股票,002583,海能达,002583.SZ,SZ
股票,002584,西陇科学,002584.SZ,SZ
股票,002585,双星新材,002585.SZ,SZ
股票,002586,ST围海,002586.SZ,SZ
股票,002587,奥拓电子,002587.SZ,SZ
股票,002588,史丹利,002588.SZ,SZ
股票,002589,瑞康医药,002589.SZ,SZ
股票,002590,万安科技,002590.SZ,SZ
股票,002591,恒大高新,002591.SZ,SZ
股票,002592,ST八菱,002592.SZ,SZ
股票,002593,日上集团,002593.SZ,SZ
股票,002594,比亚迪,002594.SZ,SZ
股票,002595,豪迈科技,002595.SZ,SZ
股票,002596,海南瑞泽,002596.SZ,SZ
股票,002597,金禾实业,002597.SZ,SZ
股票,002598,山东章鼓,002598.SZ,SZ
股票,002599,盛通股份,002599.SZ,SZ
股票,002600,领益智造,002600.SZ,SZ
股票,002601,龙佰集团,002601.SZ,SZ
股票,002602,世纪华通,002602.SZ,SZ
股票,002603,以岭药业,002603.SZ,SZ
股票,002605,姚记科技,002605.SZ,SZ
股票,002606,大连电瓷,002606.SZ,SZ
股票,002607,中公教育,002607.SZ,SZ
股票,002608,江苏国信,002608.SZ,SZ
股票,002609,捷顺科技,002609.SZ,SZ
股票,002611,东方精工,002611.SZ,SZ
股票,002612,朗姿股份,002612.SZ,SZ
股票,002613,北玻股份,002613.SZ,SZ
股票,002614,奥佳华,002614.SZ,SZ
股票,002615,哈尔斯,002615.SZ,SZ
股票,002616,长青集团,002616.SZ,SZ
股票,002617,露笑科技,002617.SZ,SZ
股票,002620,ST瑞和,002620.SZ,SZ
股票,002622,皓宸医疗,002622.SZ,SZ
股票,002623,亚玛顿,002623.SZ,SZ
股票,002624,完美世界,002624.SZ,SZ
股票,002625,光启技术,002625.SZ,SZ
股票,002626,金达威,002626.SZ,SZ
股票,002627,三峡旅游,002627.SZ,SZ
股票,002628,成都路桥,002628.SZ,SZ
股票,002629,仁智股份,002629.SZ,SZ
股票,002630,ST华西,002630.SZ,SZ
股票,002631,德尔未来,002631.SZ,SZ
股票,002632,道明光学,002632.SZ,SZ
股票,002633,申科股份,002633.SZ,SZ
股票,002634,棒杰股份,002634.SZ,SZ
股票,002635,安洁科技,002635.SZ,SZ
股票,002636,金安国纪,002636.SZ,SZ
股票,002637,赞宇科技,002637.SZ,SZ
股票,002638,勤上股份,002638.SZ,SZ
股票,002639,雪人集团,002639.SZ,SZ
股票,002640,跨境通,002640.SZ,SZ
股票,002641,公元股份,002641.SZ,SZ
股票,002642,荣联科技,002642.SZ,SZ
股票,002643,万润股份,002643.SZ,SZ
股票,002644,佛慈制药,002644.SZ,SZ
股票,002645,华宏科技,002645.SZ,SZ
股票,002646,天佑德酒,002646.SZ,SZ
股票,002647,*ST仁东,002647.SZ,SZ
股票,002648,卫星化学,002648.SZ,SZ
股票,002649,博彦科技,002649.SZ,SZ
股票,002650,ST加加,002650.SZ,SZ
股票,002651,利君股份,002651.SZ,SZ
股票,002652,扬子新材,002652.SZ,SZ
股票,002653,海思科,002653.SZ,SZ
股票,002654,万润科技,002654.SZ,SZ
股票,002655,共达电声,002655.SZ,SZ
股票,002656,*ST摩登,002656.SZ,SZ
股票,002657,中科金财,002657.SZ,SZ
股票,002658,雪迪龙,002658.SZ,SZ
股票,002659,凯文教育,002659.SZ,SZ
股票,002660,茂硕电源,002660.SZ,SZ
股票,002661,克明食品,002661.SZ,SZ
股票,002662,峰璟股份,002662.SZ,SZ
股票,002663,普邦股份,002663.SZ,SZ
股票,002664,信质集团,002664.SZ,SZ
股票,002666,德联集团,002666.SZ,SZ
股票,002667,威领股份,002667.SZ,SZ
股票,002668,TCL智家,002668.SZ,SZ
股票,002669,康达新材,002669.SZ,SZ
股票,002670,国盛证券,002670.SZ,SZ
股票,002671,龙泉股份,002671.SZ,SZ
股票,002672,东江环保,002672.SZ,SZ
股票,002673,西部证券,002673.SZ,SZ
股票,002674,兴业科技,002674.SZ,SZ
股票,002675,东诚药业,002675.SZ,SZ
股票,002676,顺威股份,002676.SZ,SZ
股票,002677,浙江美大,002677.SZ,SZ
股票,002678,珠江钢琴,002678.SZ,SZ
股票,002679,福建金森,002679.SZ,SZ
股票,002681,奋达科技,002681.SZ,SZ
股票,002682,龙洲股份,002682.SZ,SZ
股票,002683,广东宏大,002683.SZ,SZ
股票,002685,华东重机,002685.SZ,SZ
股票,002686,亿利达,002686.SZ,SZ
股票,002687,乔治白,002687.SZ,SZ
股票,002688,金河生物,002688.SZ,SZ
股票,002689,ST远智,002689.SZ,SZ
股票,002690,美亚光电,002690.SZ,SZ
股票,002691,冀凯股份,002691.SZ,SZ
股票,002692,远程股份,002692.SZ,SZ
股票,002693,*ST双成,002693.SZ,SZ
股票,002694,顾地科技,002694.SZ,SZ
股票,002695,煌上煌,002695.SZ,SZ
股票,002696,百洋股份,002696.SZ,SZ
股票,002697,红旗连锁,002697.SZ,SZ
股票,002698,博实股份,002698.SZ,SZ
股票,002700,万憬能源,002700.SZ,SZ
股票,002701,奥瑞金,002701.SZ,SZ
股票,002702,海欣食品,002702.SZ,SZ
股票,002703,浙江世宝,002703.SZ,SZ
股票,002705,新宝股份,002705.SZ,SZ
股票,002706,良信股份,002706.SZ,SZ
股票,002707,众信旅游,002707.SZ,SZ
股票,002708,光洋股份,002708.SZ,SZ
股票,002709,天赐材料,002709.SZ,SZ
股票,002712,思美传媒,002712.SZ,SZ
股票,002713,*ST东易,002713.SZ,SZ
股票,002714,牧原股份,002714.SZ,SZ
股票,002715,登云股份,002715.SZ,SZ
股票,002716,湖南白银,002716.SZ,SZ
股票,002717,ST岭南,002717.SZ,SZ
股票,002718,友邦吊顶,002718.SZ,SZ
股票,002719,麦趣尔,002719.SZ,SZ
股票,002721,金一文化,002721.SZ,SZ
股票,002722,物产金轮,002722.SZ,SZ
股票,002723,小崧股份,002723.SZ,SZ
股票,002724,海洋王,002724.SZ,SZ
股票,002725,跃岭股份,002725.SZ,SZ
股票,002726,龙大美食,002726.SZ,SZ
股票,002727,一心堂,002727.SZ,SZ
股票,002728,特一药业,002728.SZ,SZ
股票,002729,好利科技,002729.SZ,SZ
股票,002730,电光科技,002730.SZ,SZ
股票,002731,ST萃华,002731.SZ,SZ
股票,002732,燕塘乳业,002732.SZ,SZ
股票,002733,雄韬股份,002733.SZ,SZ
股票,002734,利民股份,002734.SZ,SZ
股票,002735,王子新材,002735.SZ,SZ
股票,002736,国信证券,002736.SZ,SZ
股票,002737,葵花药业,002737.SZ,SZ
股票,002738,中矿资源,002738.SZ,SZ
股票,002739,万达电影,002739.SZ,SZ
股票,002741,光华科技,002741.SZ,SZ
股票,002742,*ST三圣,002742.SZ,SZ
股票,002743,富煌钢构,002743.SZ,SZ
股票,002745,木林森,002745.SZ,SZ
股票,002746,仙坛股份,002746.SZ,SZ
股票,002747,埃斯顿,002747.SZ,SZ
股票,002748,世龙实业,002748.SZ,SZ
股票,002749,国光股份,002749.SZ,SZ
股票,002752,昇兴股份,002752.SZ,SZ
股票,002753,永东股份,002753.SZ,SZ
股票,002755,奥赛康,002755.SZ,SZ
股票,002756,永兴材料,002756.SZ,SZ
股票,002757,南兴股份,002757.SZ,SZ
股票,002758,浙农股份,002758.SZ,SZ
股票,002759,天际股份,002759.SZ,SZ
股票,002760,凤形股份,002760.SZ,SZ
股票,002761,浙江建投,002761.SZ,SZ
股票,002762,*ST金比,002762.SZ,SZ
股票,002763,汇洁股份,002763.SZ,SZ
股票,002765,蓝黛科技,002765.SZ,SZ
股票,002766,索菱股份,002766.SZ,SZ
股票,002767,先锋电子,002767.SZ,SZ
股票,002768,国恩股份,002768.SZ,SZ
股票,002769,普路通,002769.SZ,SZ
股票,002771,真视通,002771.SZ,SZ
股票,002772,众兴菌业,002772.SZ,SZ
股票,002773,康弘药业,002773.SZ,SZ
股票,002774,快意电梯,002774.SZ,SZ
股票,002775,文科股份,002775.SZ,SZ
股票,002777,久远银海,002777.SZ,SZ
股票,002778,中晟高科,002778.SZ,SZ
股票,002779,中坚科技,002779.SZ,SZ
股票,002780,三夫户外,002780.SZ,SZ
股票,002782,可立克,002782.SZ,SZ
股票,002783,凯龙股份,002783.SZ,SZ
股票,002785,万里石,002785.SZ,SZ
股票,002786,银宝山新,002786.SZ,SZ
股票,002787,华源控股,002787.SZ,SZ
股票,002788,鹭燕医药,002788.SZ,SZ
股票,002789,*ST建艺,002789.SZ,SZ
股票,002790,瑞尔特,002790.SZ,SZ
股票,002791,坚朗五金,002791.SZ,SZ
股票,002792,通宇通讯,002792.SZ,SZ
股票,002793,罗欣药业,002793.SZ,SZ
股票,002795,永和智控,002795.SZ,SZ
股票,002796,世嘉科技,002796.SZ,SZ
股票,002797,第一创业,002797.SZ,SZ
股票,002798,帝欧水华,002798.SZ,SZ
股票,002799,环球印务,002799.SZ,SZ
股票,002800,天顺股份,002800.SZ,SZ
股票,002801,微光股份,002801.SZ,SZ
股票,002802,洪汇新材,002802.SZ,SZ
股票,002803,吉宏股份,002803.SZ,SZ
股票,002805,丰元股份,002805.SZ,SZ
股票,002806,华锋股份,002806.SZ,SZ
股票,002807,江阴银行,002807.SZ,SZ
股票,002808,*ST恒久,002808.SZ,SZ
股票,002809,红墙股份,002809.SZ,SZ
股票,002810,山东赫达,002810.SZ,SZ
股票,002811,郑中设计,002811.SZ,SZ
股票,002812,恩捷股份,002812.SZ,SZ
股票,002813,路畅科技,002813.SZ,SZ
股票,002815,崇达技术,002815.SZ,SZ
股票,002816,*ST和科,002816.SZ,SZ
股票,002817,黄山胶囊,002817.SZ,SZ
股票,002818,富森美,002818.SZ,SZ
股票,002819,东方中科,002819.SZ,SZ
股票,002820,桂发祥,002820.SZ,SZ
股票,002821,凯莱英,002821.SZ,SZ
股票,002822,ST中装,002822.SZ,SZ
股票,002823,凯中精密,002823.SZ,SZ
股票,002824,和胜股份,002824.SZ,SZ
股票,002825,纳尔股份,002825.SZ,SZ
股票,002826,易明医药,002826.SZ,SZ
股票,002827,高争民爆,002827.SZ,SZ
股票,002828,贝肯能源,002828.SZ,SZ
股票,002829,星网宇达,002829.SZ,SZ
股票,002830,名雕股份,002830.SZ,SZ
股票,002831,裕同科技,002831.SZ,SZ
股票,002832,比音勒芬,002832.SZ,SZ
股票,002833,弘亚数控,002833.SZ,SZ
股票,002835,同为股份,002835.SZ,SZ
股票,002836,新宏泽,002836.SZ,SZ
股票,002837,英维克,002837.SZ,SZ
股票,002838,道恩股份,002838.SZ,SZ
股票,002839,张家港行,002839.SZ,SZ
股票,002840,华统股份,002840.SZ,SZ
股票,002841,视源股份,002841.SZ,SZ
股票,002842,翔鹭钨业,002842.SZ,SZ
股票,002843,泰嘉股份,002843.SZ,SZ
股票,002845,同兴达,002845.SZ,SZ
股票,002846,英联股份,002846.SZ,SZ
股票,002847,盐津铺子,002847.SZ,SZ
股票,002848,*ST高斯,002848.SZ,SZ
股票,002849,威星智能,002849.SZ,SZ
股票,002850,科达利,002850.SZ,SZ
股票,002851,麦格米特,002851.SZ,SZ
股票,002852,道道全,002852.SZ,SZ
股票,002853,皮阿诺,002853.SZ,SZ
股票,002855,捷荣技术,002855.SZ,SZ
股票,002856,美芝股份,002856.SZ,SZ
股票,002857,三晖电气,002857.SZ,SZ
股票,002858,力盛体育,002858.SZ,SZ
股票,002859,洁美科技,002859.SZ,SZ
股票,002860,星帅尔,002860.SZ,SZ
股票,002861,瀛通通讯,002861.SZ,SZ
股票,002862,实丰文化,002862.SZ,SZ
股票,002863,今飞凯达,002863.SZ,SZ
股票,002864,盘龙药业,002864.SZ,SZ
股票,002865,钧达股份,002865.SZ,SZ
股票,002866,传艺科技,002866.SZ,SZ
股票,002867,周大生,002867.SZ,SZ
股票,002868,*ST绿康,002868.SZ,SZ
股票,002869,金溢科技,002869.SZ,SZ
股票,002870,香山股份,002870.SZ,SZ
股票,002871,伟隆股份,002871.SZ,SZ
股票,002872,ST天圣,002872.SZ,SZ
股票,002873,新天药业,002873.SZ,SZ
股票,002875,安奈儿,002875.SZ,SZ
股票,002876,三利谱,002876.SZ,SZ
股票,002877,智能自控,002877.SZ,SZ
股票,002878,元隆雅图,002878.SZ,SZ
股票,002879,长缆科技,002879.SZ,SZ
股票,002880,卫光生物,002880.SZ,SZ
股票,002881,美格智能,002881.SZ,SZ
股票,002882,金龙羽,002882.SZ,SZ
股票,002883,中设股份,002883.SZ,SZ
股票,002884,凌霄泵业,002884.SZ,SZ
股票,002885,京泉华,002885.SZ,SZ
股票,002886,沃特股份,002886.SZ,SZ
股票,002887,绿茵生态,002887.SZ,SZ
股票,002888,惠威科技,002888.SZ,SZ
股票,002889,东方嘉盛,002889.SZ,SZ
股票,002890,弘宇股份,002890.SZ,SZ
股票,002891,中宠股份,002891.SZ,SZ
股票,002892,科力尔,002892.SZ,SZ
股票,002893,京能热力,002893.SZ,SZ
股票,002895,川恒股份,002895.SZ,SZ
股票,002896,中大力德,002896.SZ,SZ
股票,002897,意华股份,002897.SZ,SZ
股票,002898,*ST赛隆,002898.SZ,SZ
股票,002899,英派斯,002899.SZ,SZ
股票,002900,哈三联,002900.SZ,SZ
股票,002901,大博医疗,002901.SZ,SZ
股票,002902,铭普光磁,002902.SZ,SZ
股票,002903,宇环数控,002903.SZ,SZ
股票,002905,金逸影视,002905.SZ,SZ
股票,002906,华阳集团,002906.SZ,SZ
股票,002907,华森制药,002907.SZ,SZ
股票,002908,德生科技,002908.SZ,SZ
股票,002909,集泰股份,002909.SZ,SZ
股票,002910,庄园牧场,002910.SZ,SZ
股票,002911,佛燃能源,002911.SZ,SZ
股票,002912,中新赛克,002912.SZ,SZ
股票,002913,奥士康,002913.SZ,SZ
股票,002915,中欣氟材,002915.SZ,SZ
股票,002916,深南电路,002916.SZ,SZ
股票,002917,金奥博,002917.SZ,SZ
股票,002918,蒙娜丽莎,002918.SZ,SZ
股票,002919,名臣健康,002919.SZ,SZ
股票,002920,德赛西威,002920.SZ,SZ
股票,002921,联诚精密,002921.SZ,SZ
股票,002922,伊戈尔,002922.SZ,SZ
股票,002923,润都股份,002923.SZ,SZ
股票,002925,盈趣科技,002925.SZ,SZ
股票,002926,华西证券,002926.SZ,SZ
股票,002927,泰永长征,002927.SZ,SZ
股票,002928,华夏航空,002928.SZ,SZ
股票,002929,润建股份,002929.SZ,SZ
股票,002930,宏川智慧,002930.SZ,SZ
股票,002931,锋龙股份,002931.SZ,SZ
股票,002932,明德生物,002932.SZ,SZ
股票,002933,新兴装备,002933.SZ,SZ
股票,002935,天奥电子,002935.SZ,SZ
股票,002936,郑州银行,002936.SZ,SZ
股票,002937,兴瑞科技,002937.SZ,SZ
股票,002938,鹏鼎控股,002938.SZ,SZ
股票,002939,长城证券,002939.SZ,SZ
股票,002940,昂利康,002940.SZ,SZ
股票,002941,新疆交建,002941.SZ,SZ
股票,002942,新农股份,002942.SZ,SZ
股票,002943,宇晶股份,002943.SZ,SZ
股票,002945,华林证券,002945.SZ,SZ
股票,002946,新乳业,002946.SZ,SZ
股票,002947,恒铭达,002947.SZ,SZ
股票,002948,青岛银行,002948.SZ,SZ
股票,002949,华阳国际,002949.SZ,SZ
股票,002950,奥美医疗,002950.SZ,SZ
股票,002951,金时科技,002951.SZ,SZ
股票,002952,亚世光电,002952.SZ,SZ
股票,002953,日丰股份,002953.SZ,SZ
股票,002955,鸿合科技,002955.SZ,SZ
股票,002956,西麦食品,002956.SZ,SZ
股票,002957,科瑞技术,002957.SZ,SZ
股票,002958,青农商行,002958.SZ,SZ
股票,002959,小熊电器,002959.SZ,SZ
股票,002960,青鸟消防,002960.SZ,SZ
股票,002961,瑞达期货,002961.SZ,SZ
股票,002962,五方光电,002962.SZ,SZ
股票,002963,豪尔赛,002963.SZ,SZ
股票,002965,祥鑫科技,002965.SZ,SZ
股票,002966,苏州银行,002966.SZ,SZ
股票,002967,广电计量,002967.SZ,SZ
股票,002968,新大正,002968.SZ,SZ
股票,002969,嘉美包装,002969.SZ,SZ
股票,002970,锐明技术,002970.SZ,SZ
股票,002971,和远气体,002971.SZ,SZ
股票,002972,科安达,002972.SZ,SZ
股票,002973,侨银股份,002973.SZ,SZ
股票,002975,博杰股份,002975.SZ,SZ
股票,002976,瑞玛精密,002976.SZ,SZ
股票,002977,天箭科技,002977.SZ,SZ
股票,002978,安宁股份,002978.SZ,SZ
股票,002979,雷赛智能,002979.SZ,SZ
股票,002980,华盛昌,002980.SZ,SZ
股票,002981,朝阳科技,002981.SZ,SZ
股票,002982,湘佳股份,002982.SZ,SZ
股票,002983,芯瑞达,002983.SZ,SZ
股票,002984,森麒麟,002984.SZ,SZ
股票,002985,北摩高科,002985.SZ,SZ
股票,002986,宇新股份,002986.SZ,SZ
股票,002987,京北方,002987.SZ,SZ
股票,002988,豪美新材,002988.SZ,SZ
股票,002989,中天精装,002989.SZ,SZ
股票,002990,盛视科技,002990.SZ,SZ
股票,002991,甘源食品,002991.SZ,SZ
股票,002992,宝明科技,002992.SZ,SZ
股票,002993,奥海科技,002993.SZ,SZ
股票,002995,天地在线,002995.SZ,SZ
股票,002996,顺博合金,002996.SZ,SZ
股票,002997,瑞鹄模具,002997.SZ,SZ
股票,002998,优彩资源,002998.SZ,SZ
股票,002999,天禾股份,002999.SZ,SZ
股票,003000,劲仔食品,003000.SZ,SZ
股票,003001,中岩大地,003001.SZ,SZ
股票,003002,壶化股份,003002.SZ,SZ
股票,003003,天元股份,003003.SZ,SZ
股票,003004,*ST声迅,003004.SZ,SZ
股票,003005,竞业达,003005.SZ,SZ
股票,003006,百亚股份,003006.SZ,SZ
股票,003007,直真科技,003007.SZ,SZ
股票,003008,开普检测,003008.SZ,SZ
股票,003009,中天火箭,003009.SZ,SZ
股票,003010,若羽臣,003010.SZ,SZ
股票,003011,海象新材,003011.SZ,SZ
股票,003012,东鹏控股,003012.SZ,SZ
股票,003013,地铁设计,003013.SZ,SZ
股票,003015,日久光电,003015.SZ,SZ
股票,003016,欣贺股份,003016.SZ,SZ
股票,003017,大洋生物,003017.SZ,SZ
股票,003018,金富科技,003018.SZ,SZ
股票,003019,宸展光电,003019.SZ,SZ
股票,003020,立方制药,003020.SZ,SZ
股票,003021,兆威机电,003021.SZ,SZ
股票,003022,联泓新科,003022.SZ,SZ
股票,003023,彩虹集团,003023.SZ,SZ
股票,003025,思进智能,003025.SZ,SZ
股票,003026,中晶科技,003026.SZ,SZ
股票,003027,同兴科技,003027.SZ,SZ
股票,003028,振邦智能,003028.SZ,SZ
股票,003029,吉大正元,003029.SZ,SZ
股票,003030,祖名股份,003030.SZ,SZ
股票,003031,中瓷电子,003031.SZ,SZ
股票,003032,*ST传智,003032.SZ,SZ
股票,003033,征和工业,003033.SZ,SZ
股票,003035,南网能源,003035.SZ,SZ
股票,003036,泰坦股份,003036.SZ,SZ
股票,003037,三和管桩,003037.SZ,SZ
股票,003038,鑫铂股份,003038.SZ,SZ
股票,003039,顺控发展,003039.SZ,SZ
股票,003040,楚天龙,003040.SZ,SZ
股票,003041,真爱美家,003041.SZ,SZ
股票,003042,中农联合,003042.SZ,SZ
股票,003043,华亚智能,003043.SZ,SZ
股票,003816,中国广核,003816.SZ,SZ
股票,300001,特锐德,300001.SZ,SZ
股票,300002,神州泰岳,300002.SZ,SZ
股票,300003,乐普医疗,300003.SZ,SZ
股票,300004,南风股份,300004.SZ,SZ
股票,300005,探路者,300005.SZ,SZ
股票,300006,莱美药业,300006.SZ,SZ
股票,300007,汉威科技,300007.SZ,SZ
股票,300008,天海防务,300008.SZ,SZ
股票,300009,安科生物,300009.SZ,SZ
股票,300010,豆神教育,300010.SZ,SZ
股票,300011,鼎汉技术,300011.SZ,SZ
股票,300012,华测检测,300012.SZ,SZ
股票,300013,新宁物流,300013.SZ,SZ
股票,300014,亿纬锂能,300014.SZ,SZ
股票,300015,爱尔眼科,300015.SZ,SZ
股票,300016,北陆药业,300016.SZ,SZ
股票,300017,网宿科技,300017.SZ,SZ
股票,300018,中元股份,300018.SZ,SZ
股票,300019,硅宝科技,300019.SZ,SZ
股票,300020,ST银江,300020.SZ,SZ
股票,300021,大禹节水,300021.SZ,SZ
股票,300022,吉峰科技,300022.SZ,SZ
股票,300024,机器人,300024.SZ,SZ
股票,300025,华星创业,300025.SZ,SZ
股票,300026,红日药业,300026.SZ,SZ
股票,300027,华谊兄弟,300027.SZ,SZ
股票,300029,*ST天龙,300029.SZ,SZ
股票,300030,阳普医疗,300030.SZ,SZ
股票,300031,宝通科技,300031.SZ,SZ
股票,300032,金龙机电,300032.SZ,SZ
股票,300033,同花顺,300033.SZ,SZ
股票,300034,钢研高纳,300034.SZ,SZ
股票,300035,中科电气,300035.SZ,SZ
股票,300036,超图软件,300036.SZ,SZ
股票,300037,新宙邦,300037.SZ,SZ
股票,300039,上海凯宝,300039.SZ,SZ
股票,300040,九洲集团,300040.SZ,SZ
股票,300041,回天新材,300041.SZ,SZ
股票,300042,朗科科技,300042.SZ,SZ
股票,300043,星辉娱乐,300043.SZ,SZ
股票,300044,ST赛为,300044.SZ,SZ
股票,300045,华力创通,300045.SZ,SZ
股票,300046,台基股份,300046.SZ,SZ
股票,300047,天源迪科,300047.SZ,SZ
股票,300048,合康新能,300048.SZ,SZ
股票,300049,福瑞医科,300049.SZ,SZ
股票,300050,世纪鼎利,300050.SZ,SZ
股票,300051,琏升科技,300051.SZ,SZ
股票,300052,ST中青宝,300052.SZ,SZ
股票,300053,航宇微,300053.SZ,SZ
股票,300054,鼎龙股份,300054.SZ,SZ
股票,300055,万邦达,300055.SZ,SZ
股票,300056,中创环保,300056.SZ,SZ
股票,300057,万顺新材,300057.SZ,SZ
股票,300058,蓝色光标,300058.SZ,SZ
股票,300059,东方财富,300059.SZ,SZ
股票,300061,旗天科技,300061.SZ,SZ
股票,300062,中能电气,300062.SZ,SZ
股票,300063,天龙集团,300063.SZ,SZ
股票,300065,海兰信,300065.SZ,SZ
股票,300066,三川智慧,300066.SZ,SZ
股票,300067,安诺其,300067.SZ,SZ
股票,300068,南都电源,300068.SZ,SZ
股票,300069,金利华电,300069.SZ,SZ
股票,300070,碧水源,300070.SZ,SZ
股票,300071,福石控股,300071.SZ,SZ
股票,300072,海新能科,300072.SZ,SZ
股票,300073,当升科技,300073.SZ,SZ
股票,300074,华平股份,300074.SZ,SZ
股票,300075,数字政通,300075.SZ,SZ
股票,300076,GQY视讯,300076.SZ,SZ
股票,300077,国民技术,300077.SZ,SZ
股票,300078,思创智联,300078.SZ,SZ
股票,300079,数码视讯,300079.SZ,SZ
股票,300080,易成新能,300080.SZ,SZ
股票,300081,恒信东方,300081.SZ,SZ
股票,300082,奥克股份,300082.SZ,SZ
股票,300083,创世纪,300083.SZ,SZ
股票,300084,海默科技,300084.SZ,SZ
股票,300085,银之杰,300085.SZ,SZ
股票,300086,康芝药业,300086.SZ,SZ
股票,300087,荃银高科,300087.SZ,SZ
股票,300088,长信科技,300088.SZ,SZ
股票,300091,*ST金灵,300091.SZ,SZ
股票,300092,科新机电,300092.SZ,SZ
股票,300093,*ST金刚,300093.SZ,SZ
股票,300094,国联水产,300094.SZ,SZ
股票,300095,华伍股份,300095.SZ,SZ
股票,300096,ST易联众,300096.SZ,SZ
股票,300097,ST智云,300097.SZ,SZ
股票,300098,高新兴,300098.SZ,SZ
股票,300099,尤洛卡,300099.SZ,SZ
股票,300100,双林股份,300100.SZ,SZ
股票,300101,振芯科技,300101.SZ,SZ
股票,300102,乾照光电,300102.SZ,SZ
股票,300103,达刚控股,300103.SZ,SZ
股票,300105,龙源技术,300105.SZ,SZ
股票,300106,西部牧业,300106.SZ,SZ
股票,300107,建新股份,300107.SZ,SZ
股票,300109,新开源,300109.SZ,SZ
股票,300110,华仁药业,300110.SZ,SZ
股票,300111,向日葵,300111.SZ,SZ
股票,300112,万讯自控,300112.SZ,SZ
股票,300113,顺网科技,300113.SZ,SZ
股票,300115,长盈精密,300115.SZ,SZ
股票,300118,东方日升,300118.SZ,SZ
股票,300119,瑞普生物,300119.SZ,SZ
股票,300120,经纬辉开,300120.SZ,SZ
股票,300121,阳谷华泰,300121.SZ,SZ
股票,300122,智飞生物,300122.SZ,SZ
股票,300123,亚光科技,300123.SZ,SZ
股票,300124,汇川技术,300124.SZ,SZ
股票,300125,*ST聆达,300125.SZ,SZ
股票,300126,锐奇股份,300126.SZ,SZ
股票,300127,银河磁体,300127.SZ,SZ
股票,300128,锦富技术,300128.SZ,SZ
股票,300129,泰胜风能,300129.SZ,SZ
股票,300130,新国都,300130.SZ,SZ
股票,300131,英唐智控,300131.SZ,SZ
股票,300132,青松股份,300132.SZ,SZ
股票,300133,华策影视,300133.SZ,SZ
股票,300134,大富科技,300134.SZ,SZ
股票,300135,宝利国际,300135.SZ,SZ
股票,300136,信维通信,300136.SZ,SZ
股票,300137,先河环保,300137.SZ,SZ
股票,300138,晨光生物,300138.SZ,SZ
股票,300139,晓程科技,300139.SZ,SZ
股票,300140,节能环境,300140.SZ,SZ
股票,300141,和顺电气,300141.SZ,SZ
股票,300142,沃森生物,300142.SZ,SZ
股票,300143,盈康生命,300143.SZ,SZ
股票,300144,宋城演艺,300144.SZ,SZ
股票,300145,南方泵业,300145.SZ,SZ
股票,300146,汤臣倍健,300146.SZ,SZ
股票,300147,ST香雪,300147.SZ,SZ
股票,300148,天舟文化,300148.SZ,SZ
股票,300149,睿智医药,300149.SZ,SZ
股票,300150,世纪瑞尔,300150.SZ,SZ
股票,300151,昌红科技,300151.SZ,SZ
股票,300152,ST新动力,300152.SZ,SZ
股票,300153,科泰电源,300153.SZ,SZ
股票,300154,瑞凌股份,300154.SZ,SZ
股票,300155,安居宝,300155.SZ,SZ
股票,300157,新锦动力,300157.SZ,SZ
股票,300158,振东制药,300158.SZ,SZ
股票,300159,*ST新研,300159.SZ,SZ
股票,300160,秀强股份,300160.SZ,SZ
股票,300161,华中数控,300161.SZ,SZ
股票,300162,雷曼光电,300162.SZ,SZ
股票,300163,先锋新材,300163.SZ,SZ
股票,300164,通源石油,300164.SZ,SZ
股票,300165,ST天瑞,300165.SZ,SZ
股票,300166,东方国信,300166.SZ,SZ
股票,300167,ST迪威迅,300167.SZ,SZ
股票,300168,万达信息,300168.SZ,SZ
股票,300169,天晟新材,300169.SZ,SZ
股票,300170,汉得信息,300170.SZ,SZ
股票,300171,东富龙,300171.SZ,SZ
股票,300172,中电环保,300172.SZ,SZ
股票,300173,ST福能,300173.SZ,SZ
股票,300174,元力股份,300174.SZ,SZ
股票,300175,ST朗源,300175.SZ,SZ
股票,300176,鸿特科技,300176.SZ,SZ
股票,300177,中海达,300177.SZ,SZ
股票,300179,四方达,300179.SZ,SZ
股票,300180,华峰超纤,300180.SZ,SZ
股票,300181,佐力药业,300181.SZ,SZ
股票,300182,捷成股份,300182.SZ,SZ
股票,300183,东软载波,300183.SZ,SZ
股票,300184,力源信息,300184.SZ,SZ
股票,300185,通裕重工,300185.SZ,SZ
股票,300187,永清环保,300187.SZ,SZ
股票,300188,国投智能,300188.SZ,SZ
股票,300189,神农种业,300189.SZ,SZ
股票,300190,维尔利,300190.SZ,SZ
股票,300191,潜能恒信,300191.SZ,SZ
股票,300192,科德教育,300192.SZ,SZ
股票,300193,佳士科技,300193.SZ,SZ
股票,300194,福安药业,300194.SZ,SZ
股票,300195,长荣股份,300195.SZ,SZ
股票,300196,长海股份,300196.SZ,SZ
股票,300197,节能铁汉,300197.SZ,SZ
股票,300198,ST纳川,300198.SZ,SZ
股票,300199,翰宇药业,300199.SZ,SZ
股票,300200,高盟新材,300200.SZ,SZ
股票,300201,海伦哲,300201.SZ,SZ
股票,300203,聚光科技,300203.SZ,SZ
股票,300204,舒泰神,300204.SZ,SZ
股票,300205,*ST天喻,300205.SZ,SZ
股票,300206,理邦仪器,300206.SZ,SZ
股票,300207,欣旺达,300207.SZ,SZ
股票,300209,行云科技,300209.SZ,SZ
股票,300210,森远股份,300210.SZ,SZ
股票,300211,*ST亿通,300211.SZ,SZ
股票,300212,易华录,300212.SZ,SZ
股票,300213,佳讯飞鸿,300213.SZ,SZ
股票,300214,日科化学,300214.SZ,SZ
股票,300215,电科院,300215.SZ,SZ
股票,300217,东方电热,300217.SZ,SZ
股票,300218,安利股份,300218.SZ,SZ
股票,300219,鸿利智汇,300219.SZ,SZ
股票,300220,金运激光,300220.SZ,SZ
股票,300221,银禧科技,300221.SZ,SZ
股票,300222,科大智能,300222.SZ,SZ
股票,300223,北京君正,300223.SZ,SZ
股票,300224,正海磁材,300224.SZ,SZ
股票,300225,*ST金泰,300225.SZ,SZ
股票,300226,上海钢联,300226.SZ,SZ
股票,300227,光韵达,300227.SZ,SZ
股票,300228,富瑞特装,300228.SZ,SZ
股票,300229,拓尔思,300229.SZ,SZ
股票,300230,永利股份,300230.SZ,SZ
股票,300231,银信科技,300231.SZ,SZ
股票,300232,洲明科技,300232.SZ,SZ
股票,300233,金城医药,300233.SZ,SZ
股票,300234,开尔新材,300234.SZ,SZ
股票,300235,方直科技,300235.SZ,SZ
股票,300236,上海新阳,300236.SZ,SZ
股票,300237,ST美晨,300237.SZ,SZ
股票,300238,冠昊生物,300238.SZ,SZ
股票,300239,东宝生物,300239.SZ,SZ
股票,300240,飞力达,300240.SZ,SZ
股票,300241,瑞丰光电,300241.SZ,SZ
股票,300242,佳云科技,300242.SZ,SZ
股票,300243,瑞丰高材,300243.SZ,SZ
股票,300244,迪安诊断,300244.SZ,SZ
股票,300245,天玑科技,300245.SZ,SZ
股票,300246,宝莱特,300246.SZ,SZ
股票,300247,融捷健康,300247.SZ,SZ
股票,300248,新开普,300248.SZ,SZ
股票,300249,依米康,300249.SZ,SZ
股票,300250,初灵信息,300250.SZ,SZ
股票,300251,光线传媒,300251.SZ,SZ
股票,300252,金信诺,300252.SZ,SZ
股票,300253,卫宁健康,300253.SZ,SZ
股票,300254,仟源医药,300254.SZ,SZ
股票,300255,常山药业,300255.SZ,SZ
股票,300256,星星科技,300256.SZ,SZ
股票,300257,开山股份,300257.SZ,SZ
股票,300258,精锻科技,300258.SZ,SZ
股票,300259,新天科技,300259.SZ,SZ
股票,300260,新莱应材,300260.SZ,SZ
股票,300261,雅本化学,300261.SZ,SZ
股票,300263,隆华科技,300263.SZ,SZ
股票,300264,佳创视讯,300264.SZ,SZ
股票,300265,通光线缆,300265.SZ,SZ
股票,300266,兴源环境,300266.SZ,SZ
股票,300267,尔康制药,300267.SZ,SZ
股票,300268,*ST佳沃,300268.SZ,SZ
股票,300269,联建光电,300269.SZ,SZ
股票,300270,中威电子,300270.SZ,SZ
股票,300271,华宇软件,300271.SZ,SZ
股票,300272,开能健康,300272.SZ,SZ
股票,300274,阳光电源,300274.SZ,SZ
股票,300275,梅安森,300275.SZ,SZ
股票,300276,三丰智能,300276.SZ,SZ
股票,300277,海联讯,300277.SZ,SZ
股票,300278,华昌达,300278.SZ,SZ
股票,300279,和晶科技,300279.SZ,SZ
股票,300281,金明精机,300281.SZ,SZ
股票,300283,温州宏丰,300283.SZ,SZ
股票,300284,苏交科,300284.SZ,SZ
股票,300285,国瓷材料,300285.SZ,SZ
股票,300286,安科瑞,300286.SZ,SZ
股票,300287,飞利信,300287.SZ,SZ
股票,300288,朗玛信息,300288.SZ,SZ
股票,300289,利德曼,300289.SZ,SZ
股票,300290,荣科科技,300290.SZ,SZ
股票,300291,百纳千成,300291.SZ,SZ
股票,300292,吴通控股,300292.SZ,SZ
股票,300293,蓝英装备,300293.SZ,SZ
股票,300294,博雅生物,300294.SZ,SZ
股票,300295,三六五网,300295.SZ,SZ
股票,300296,利亚德,300296.SZ,SZ
股票,300298,三诺生物,300298.SZ,SZ
股票,300299,富春股份,300299.SZ,SZ
股票,300300,海峡创新,300300.SZ,SZ
股票,300301,ST长方,300301.SZ,SZ
股票,300302,同有科技,300302.SZ,SZ
股票,300303,聚飞光电,300303.SZ,SZ
股票,300304,云意电气,300304.SZ,SZ
股票,300305,裕兴股份,300305.SZ,SZ
股票,300306,远方信息,300306.SZ,SZ
股票,300307,慈星股份,300307.SZ,SZ
股票,300308,中际旭创,300308.SZ,SZ
股票,300310,宜通世纪,300310.SZ,SZ
股票,300311,ST任子行,300311.SZ,SZ
股票,300313,*ST天山,300313.SZ,SZ
股票,300314,戴维医疗,300314.SZ,SZ
股票,300315,掌趣科技,300315.SZ,SZ
股票,300316,晶盛机电,300316.SZ,SZ
股票,300317,珈伟新能,300317.SZ,SZ
股票,300318,博晖创新,300318.SZ,SZ
股票,300319,麦捷科技,300319.SZ,SZ
股票,300320,海达股份,300320.SZ,SZ
股票,300321,同大股份,300321.SZ,SZ
股票,300322,硕贝德,300322.SZ,SZ
股票,300323,华灿光电,300323.SZ,SZ
股票,300324,旋极信息,300324.SZ,SZ
股票,300326,ST凯利,300326.SZ,SZ
股票,300327,中颖电子,300327.SZ,SZ
股票,300328,宜安科技,300328.SZ,SZ
股票,300329,海伦钢琴,300329.SZ,SZ
股票,300331,苏大维格,300331.SZ,SZ
股票,300332,天壕能源,300332.SZ,SZ
股票,300333,兆日科技,300333.SZ,SZ
股票,300334,津膜科技,300334.SZ,SZ
股票,300335,迪森股份,300335.SZ,SZ
股票,300337,银邦股份,300337.SZ,SZ
股票,300338,ST开元,300338.SZ,SZ
股票,300339,润和软件,300339.SZ,SZ
股票,300340,科恒股份,300340.SZ,SZ
股票,300341,麦克奥迪,300341.SZ,SZ
股票,300342,天银机电,300342.SZ,SZ
股票,300343,ST联创,300343.SZ,SZ
股票,300344,*ST立方,300344.SZ,SZ
股票,300345,华民股份,300345.SZ,SZ
股票,300346,南大光电,300346.SZ,SZ
股票,300347,泰格医药,300347.SZ,SZ
股票,300348,长亮科技,300348.SZ,SZ
股票,300349,金卡智能,300349.SZ,SZ
股票,300350,华鹏飞,300350.SZ,SZ
股票,300351,永贵电器,300351.SZ,SZ
股票,300352,北信源,300352.SZ,SZ
股票,300353,东土科技,300353.SZ,SZ
股票,300354,东华测试,300354.SZ,SZ
股票,300355,蒙草生态,300355.SZ,SZ
股票,300357,我武生物,300357.SZ,SZ
股票,300358,楚天科技,300358.SZ,SZ
股票,300359,全通教育,300359.SZ,SZ
股票,300360,炬华科技,300360.SZ,SZ
股票,300363,博腾股份,300363.SZ,SZ
股票,300364,中文在线,300364.SZ,SZ
股票,300365,恒华科技,300365.SZ,SZ
股票,300366,ST创意,300366.SZ,SZ
股票,300368,汇金股份,300368.SZ,SZ
股票,300369,绿盟科技,300369.SZ,SZ
股票,300370,安控科技,300370.SZ,SZ
股票,300371,汇中股份,300371.SZ,SZ
股票,300373,扬杰科技,300373.SZ,SZ
股票,300374,中铁装配,300374.SZ,SZ
股票,300375,鹏翎股份,300375.SZ,SZ
股票,300376,易事特,300376.SZ,SZ
股票,300377,赢时胜,300377.SZ,SZ
股票,300378,鼎捷数智,300378.SZ,SZ
股票,300380,安硕信息,300380.SZ,SZ
股票,300381,溢多利,300381.SZ,SZ
股票,300382,斯莱克,300382.SZ,SZ
股票,300383,光环新网,300383.SZ,SZ
股票,300384,三联虹普,300384.SZ,SZ
股票,300385,雪浪环境,300385.SZ,SZ
股票,300386,飞天诚信,300386.SZ,SZ
股票,300387,富邦科技,300387.SZ,SZ
股票,300388,节能国祯,300388.SZ,SZ
股票,300389,艾比森,300389.SZ,SZ
股票,300390,天华新能,300390.SZ,SZ
股票,300391,*ST长药,300391.SZ,SZ
股票,300393,中来股份,300393.SZ,SZ
股票,300394,天孚通信,300394.SZ,SZ
股票,300395,菲利华,300395.SZ,SZ
股票,300396,迪瑞医疗,300396.SZ,SZ
股票,300397,天和防务,300397.SZ,SZ
股票,300398,飞凯材料,300398.SZ,SZ
股票,300399,天利科技,300399.SZ,SZ
股票,300400,劲拓股份,300400.SZ,SZ
股票,300401,花园生物,300401.SZ,SZ
股票,300402,宝色股份,300402.SZ,SZ
股票,300403,汉宇集团,300403.SZ,SZ
股票,300404,博济医药,300404.SZ,SZ
股票,300405,科隆股份,300405.SZ,SZ
股票,300406,九强生物,300406.SZ,SZ
股票,300407,凯发电气,300407.SZ,SZ
股票,300408,三环集团,300408.SZ,SZ
股票,300409,道氏技术,300409.SZ,SZ
股票,300410,正业科技,300410.SZ,SZ
股票,300411,金盾股份,300411.SZ,SZ
股票,300412,迦南科技,300412.SZ,SZ
股票,300413,芒果超媒,300413.SZ,SZ
股票,300414,中光防雷,300414.SZ,SZ
股票,300415,伊之密,300415.SZ,SZ
股票,300416,苏试试验,300416.SZ,SZ
股票,300417,南华仪器,300417.SZ,SZ
股票,300418,昆仑万维,300418.SZ,SZ
股票,300419,ST浩丰,300419.SZ,SZ
股票,300420,五洋自控,300420.SZ,SZ
股票,300421,力星股份,300421.SZ,SZ
股票,300422,博世科,300422.SZ,SZ
股票,300423,昇辉科技,300423.SZ,SZ
股票,300424,航新科技,300424.SZ,SZ
股票,300425,中建环能,300425.SZ,SZ
股票,300426,华智数媒,300426.SZ,SZ
股票,300427,红相股份,300427.SZ,SZ
股票,300428,立中集团,300428.SZ,SZ
股票,300429,强力新材,300429.SZ,SZ
股票,300430,诚益通,300430.SZ,SZ
股票,300432,富临精工,300432.SZ,SZ
股票,300433,蓝思科技,300433.SZ,SZ
股票,300434,金石亚药,300434.SZ,SZ
股票,300435,中泰股份,300435.SZ,SZ
股票,300436,广生堂,300436.SZ,SZ
股票,300437,清水源,300437.SZ,SZ
股票,300438,鹏辉能源,300438.SZ,SZ
股票,300439,美康生物,300439.SZ,SZ
股票,300440,运达科技,300440.SZ,SZ
股票,300441,鲍斯股份,300441.SZ,SZ
股票,300442,润泽科技,300442.SZ,SZ
股票,300443,金雷股份,300443.SZ,SZ
股票,300444,双杰电气,300444.SZ,SZ
股票,300445,康斯特,300445.SZ,SZ
股票,300446,航天智造,300446.SZ,SZ
股票,300447,全信股份,300447.SZ,SZ
股票,300448,浩云科技,300448.SZ,SZ
股票,300449,汉邦高科,300449.SZ,SZ
股票,300450,先导智能,300450.SZ,SZ
股票,300451,创业慧康,300451.SZ,SZ
股票,300452,山河药辅,300452.SZ,SZ
股票,300453,三鑫医疗,300453.SZ,SZ
股票,300454,深信服,300454.SZ,SZ
股票,300455,航天智装,300455.SZ,SZ
股票,300456,赛微电子,300456.SZ,SZ
股票,300457,赢合科技,300457.SZ,SZ
股票,300458,全志科技,300458.SZ,SZ
股票,300459,汤姆猫,300459.SZ,SZ
股票,300460,ST惠伦,300460.SZ,SZ
股票,300461,田中精机,300461.SZ,SZ
股票,300462,ST华铭,300462.SZ,SZ
股票,300463,迈克生物,300463.SZ,SZ
股票,300464,星徽股份,300464.SZ,SZ
股票,300465,高伟达,300465.SZ,SZ
股票,300466,赛摩智能,300466.SZ,SZ
股票,300467,迅游科技,300467.SZ,SZ
股票,300468,四方精创,300468.SZ,SZ
股票,300469,信息发展,300469.SZ,SZ
股票,300470,中密控股,300470.SZ,SZ
股票,300471,厚普股份,300471.SZ,SZ
股票,300472,*ST新元,300472.SZ,SZ
股票,300473,德尔股份,300473.SZ,SZ
股票,300474,景嘉微,300474.SZ,SZ
股票,300475,香农芯创,300475.SZ,SZ
股票,300476,胜宏科技,300476.SZ,SZ
股票,300477,ST合纵,300477.SZ,SZ
股票,300478,杭州高新,300478.SZ,SZ
股票,300479,神思电子,300479.SZ,SZ
股票,300480,光力科技,300480.SZ,SZ
股票,300481,濮阳惠成,300481.SZ,SZ
股票,300482,万孚生物,300482.SZ,SZ
股票,300483,首华燃气,300483.SZ,SZ
股票,300484,蓝海华腾,300484.SZ,SZ
股票,300485,赛升药业,300485.SZ,SZ
股票,300486,东杰智能,300486.SZ,SZ
股票,300487,蓝晓科技,300487.SZ,SZ
股票,300488,恒锋工具,300488.SZ,SZ
股票,300489,光智科技,300489.SZ,SZ
股票,300490,华自科技,300490.SZ,SZ
股票,300491,通合科技,300491.SZ,SZ
股票,300492,华图山鼎,300492.SZ,SZ
股票,300493,润欣科技,300493.SZ,SZ
股票,300494,盛天网络,300494.SZ,SZ
股票,300496,中科创达,300496.SZ,SZ
股票,300497,富祥药业,300497.SZ,SZ
股票,300498,温氏股份,300498.SZ,SZ
股票,300499,高澜股份,300499.SZ,SZ
股票,300500,启迪设计,300500.SZ,SZ
股票,300501,海顺新材,300501.SZ,SZ
股票,300502,新易盛,300502.SZ,SZ
股票,300503,昊志机电,300503.SZ,SZ
股票,300504,天邑股份,300504.SZ,SZ
股票,300505,川金诺,300505.SZ,SZ
股票,300506,ST名家汇,300506.SZ,SZ
股票,300507,苏奥传感,300507.SZ,SZ
股票,300508,维宏股份,300508.SZ,SZ
股票,300509,新美星,300509.SZ,SZ
股票,300510,金冠股份,300510.SZ,SZ
股票,300511,雪榕生物,300511.SZ,SZ
股票,300512,中亚股份,300512.SZ,SZ
股票,300513,恒实科技,300513.SZ,SZ
股票,300514,友讯达,300514.SZ,SZ
股票,300515,三德科技,300515.SZ,SZ
股票,300516,久之洋,300516.SZ,SZ
股票,300517,海波重科,300517.SZ,SZ
股票,300518,新迅达,300518.SZ,SZ
股票,300519,新光药业,300519.SZ,SZ
股票,300520,科大国创,300520.SZ,SZ
股票,300521,爱司凯,300521.SZ,SZ
股票,300522,世名科技,300522.SZ,SZ
股票,300523,辰安科技,300523.SZ,SZ
股票,300525,博思软件,300525.SZ,SZ
股票,300527,ST应急,300527.SZ,SZ
股票,300528,幸福蓝海,300528.SZ,SZ
股票,300529,健帆生物,300529.SZ,SZ
股票,300530,领湃科技,300530.SZ,SZ
股票,300531,优博讯,300531.SZ,SZ
股票,300532,今天国际,300532.SZ,SZ
股票,300533,冰川网络,300533.SZ,SZ
股票,300534,陇神戎发,300534.SZ,SZ
股票,300535,达威股份,300535.SZ,SZ
股票,300536,农尚环境,300536.SZ,SZ
股票,300537,广信材料,300537.SZ,SZ
股票,300538,同益股份,300538.SZ,SZ
股票,300539,横河精密,300539.SZ,SZ
股票,300540,蜀道装备,300540.SZ,SZ
股票,300541,先进数通,300541.SZ,SZ
股票,300542,新晨科技,300542.SZ,SZ
股票,300543,朗科智能,300543.SZ,SZ
股票,300545,联得装备,300545.SZ,SZ
股票,300546,雄帝科技,300546.SZ,SZ
股票,300547,川环科技,300547.SZ,SZ
股票,300548,长芯博创,300548.SZ,SZ
股票,300549,优德精密,300549.SZ,SZ
股票,300550,和仁科技,300550.SZ,SZ
股票,300551,古鳌科技,300551.SZ,SZ
股票,300552,万集科技,300552.SZ,SZ
股票,300553,集智股份,300553.SZ,SZ
股票,300554,三超新材,300554.SZ,SZ
股票,300555,ST路通,300555.SZ,SZ
股票,300556,丝路视觉,300556.SZ,SZ
股票,300557,理工光科,300557.SZ,SZ
股票,300558,贝达药业,300558.SZ,SZ
股票,300559,佳发教育,300559.SZ,SZ
股票,300560,中富通,300560.SZ,SZ
股票,300561,*ST汇科,300561.SZ,SZ
股票,300562,乐心医疗,300562.SZ,SZ
股票,300563,神宇股份,300563.SZ,SZ
股票,300564,筑博设计,300564.SZ,SZ
股票,300565,科信技术,300565.SZ,SZ
股票,300566,激智科技,300566.SZ,SZ
股票,300567,精测电子,300567.SZ,SZ
股票,300568,星源材质,300568.SZ,SZ
股票,300569,天能重工,300569.SZ,SZ
股票,300570,太辰光,300570.SZ,SZ
股票,300571,平治信息,300571.SZ,SZ
股票,300572,安车检测,300572.SZ,SZ
股票,300573,兴齐眼药,300573.SZ,SZ
股票,300575,中旗股份,300575.SZ,SZ
股票,300576,容大感光,300576.SZ,SZ
股票,300577,开润股份,300577.SZ,SZ
股票,300578,会畅科技,300578.SZ,SZ
股票,300579,数字认证,300579.SZ,SZ
股票,300580,贝斯特,300580.SZ,SZ
股票,300581,晨曦航空,300581.SZ,SZ
股票,300582,英飞特,300582.SZ,SZ
股票,300583,赛托生物,300583.SZ,SZ
股票,300584,海辰药业,300584.SZ,SZ
股票,300585,奥联电子,300585.SZ,SZ
股票,300586,美联新材,300586.SZ,SZ
股票,300587,天铁科技,300587.SZ,SZ
股票,300588,熙菱信息,300588.SZ,SZ
股票,300589,江龙船艇,300589.SZ,SZ
股票,300590,移为通信,300590.SZ,SZ
股票,300591,万里马,300591.SZ,SZ
股票,300592,华凯易佰,300592.SZ,SZ
股票,300593,新雷能,300593.SZ,SZ
股票,300594,朗进科技,300594.SZ,SZ
股票,300595,欧普康视,300595.SZ,SZ
股票,300596,利安隆,300596.SZ,SZ
股票,300597,吉大通信,300597.SZ,SZ
股票,300598,诚迈科技,300598.SZ,SZ
股票,300599,雄塑科技,300599.SZ,SZ
股票,300600,国瑞科技,300600.SZ,SZ
股票,300601,康泰生物,300601.SZ,SZ
股票,300602,飞荣达,300602.SZ,SZ
股票,300603,立昂技术,300603.SZ,SZ
股票,300604,长川科技,300604.SZ,SZ
股票,300605,恒锋信息,300605.SZ,SZ
股票,300606,金太阳,300606.SZ,SZ
股票,300607,拓斯达,300607.SZ,SZ
股票,300608,思特奇,300608.SZ,SZ
股票,300609,汇纳科技,300609.SZ,SZ
股票,300610,晨化股份,300610.SZ,SZ
股票,300611,美力科技,300611.SZ,SZ
股票,300612,宣亚国际,300612.SZ,SZ
股票,300613,富瀚微,300613.SZ,SZ
股票,300614,百川畅银,300614.SZ,SZ
股票,300615,欣天科技,300615.SZ,SZ
股票,300616,尚品宅配,300616.SZ,SZ
股票,300617,安靠智电,300617.SZ,SZ
股票,300618,寒锐钴业,300618.SZ,SZ
股票,300619,金银河,300619.SZ,SZ
股票,300620,光库科技,300620.SZ,SZ
股票,300621,维业股份,300621.SZ,SZ
股票,300622,博士眼镜,300622.SZ,SZ
股票,300623,捷捷微电,300623.SZ,SZ
股票,300624,万兴科技,300624.SZ,SZ
股票,300625,三雄极光,300625.SZ,SZ
股票,300626,华瑞股份,300626.SZ,SZ
股票,300627,华测导航,300627.SZ,SZ
股票,300628,亿联网络,300628.SZ,SZ
股票,300629,新劲刚,300629.SZ,SZ
股票,300631,久吾高科,300631.SZ,SZ
股票,300632,光莆股份,300632.SZ,SZ
股票,300633,开立医疗,300633.SZ,SZ
股票,300634,彩讯股份,300634.SZ,SZ
股票,300635,中达安,300635.SZ,SZ
股票,300636,同和药业,300636.SZ,SZ
股票,300637,扬帆新材,300637.SZ,SZ
股票,300638,广和通,300638.SZ,SZ
股票,300639,凯普生物,300639.SZ,SZ
股票,300640,德艺文创,300640.SZ,SZ
股票,300641,正丹股份,300641.SZ,SZ
股票,300642,透景生命,300642.SZ,SZ
股票,300643,万通智控,300643.SZ,SZ
股票,300644,南京聚隆,300644.SZ,SZ
股票,300645,正元智慧,300645.SZ,SZ
股票,300647,超频三,300647.SZ,SZ
股票,300648,星云股份,300648.SZ,SZ
股票,300649,杭州园林,300649.SZ,SZ
股票,300650,太龙股份,300650.SZ,SZ
股票,300651,金陵体育,300651.SZ,SZ
股票,300652,雷迪克,300652.SZ,SZ
股票,300653,正海生物,300653.SZ,SZ
股票,300654,世纪天鸿,300654.SZ,SZ
股票,300655,晶瑞电材,300655.SZ,SZ
股票,300656,民德电子,300656.SZ,SZ
股票,300657,弘信电子,300657.SZ,SZ
股票,300658,延江股份,300658.SZ,SZ
股票,300659,中孚信息,300659.SZ,SZ
股票,300660,江苏雷利,300660.SZ,SZ
股票,300661,圣邦股份,300661.SZ,SZ
股票,300662,科锐国际,300662.SZ,SZ
股票,300663,科蓝软件,300663.SZ,SZ
股票,300664,鹏鹞环保,300664.SZ,SZ
股票,300665,飞鹿股份,300665.SZ,SZ
股票,300666,江丰电子,300666.SZ,SZ
股票,300667,必创科技,300667.SZ,SZ
股票,300668,杰恩设计,300668.SZ,SZ
股票,300669,沪宁股份,300669.SZ,SZ
股票,300670,大烨智能,300670.SZ,SZ
股票,300671,富满微,300671.SZ,SZ
股票,300672,国科微,300672.SZ,SZ
股票,300673,佩蒂股份,300673.SZ,SZ
股票,300674,宇信科技,300674.SZ,SZ
股票,300675,建科院,300675.SZ,SZ
股票,300676,华大基因,300676.SZ,SZ
股票,300677,英科医疗,300677.SZ,SZ
股票,300678,中科信息,300678.SZ,SZ
股票,300679,电连技术,300679.SZ,SZ
股票,300680,隆盛科技,300680.SZ,SZ
股票,300681,英搏尔,300681.SZ,SZ
股票,300682,朗新科技,300682.SZ,SZ
股票,300683,海特生物,300683.SZ,SZ
股票,300684,中石科技,300684.SZ,SZ
股票,300685,艾德生物,300685.SZ,SZ
股票,300686,智动力,300686.SZ,SZ
股票,300687,赛意信息,300687.SZ,SZ
股票,300688,创业黑马,300688.SZ,SZ
股票,300689,澄天伟业,300689.SZ,SZ
股票,300690,双一科技,300690.SZ,SZ
股票,300691,联合光电,300691.SZ,SZ
股票,300692,中赋科技,300692.SZ,SZ
股票,300693,盛弘股份,300693.SZ,SZ
股票,300694,蠡湖股份,300694.SZ,SZ
股票,300695,兆丰股份,300695.SZ,SZ
股票,300696,爱乐达,300696.SZ,SZ
股票,300697,电工合金,300697.SZ,SZ
股票,300698,万马科技,300698.SZ,SZ
股票,300699,光威复材,300699.SZ,SZ
股票,300700,岱勒新材,300700.SZ,SZ
股票,300701,森霸传感,300701.SZ,SZ
股票,300702,天宇股份,300702.SZ,SZ
股票,300703,创源股份,300703.SZ,SZ
股票,300705,九典制药,300705.SZ,SZ
股票,300706,阿石创,300706.SZ,SZ
股票,300707,威唐工业,300707.SZ,SZ
股票,300708,聚灿光电,300708.SZ,SZ
股票,300709,精研科技,300709.SZ,SZ
股票,300710,万隆光电,300710.SZ,SZ
股票,300711,广哈通信,300711.SZ,SZ
股票,300712,永福股份,300712.SZ,SZ
股票,300713,英可瑞,300713.SZ,SZ
股票,300715,凯伦股份,300715.SZ,SZ
股票,300716,ST泉为,300716.SZ,SZ
股票,300717,华信新材,300717.SZ,SZ
股票,300718,长盛轴承,300718.SZ,SZ
股票,300719,安达维尔,300719.SZ,SZ
股票,300720,海川智能,300720.SZ,SZ
股票,300721,怡达股份,300721.SZ,SZ
股票,300722,新余国科,300722.SZ,SZ
股票,300723,一品红,300723.SZ,SZ
股票,300724,捷佳伟创,300724.SZ,SZ
股票,300725,药石科技,300725.SZ,SZ
股票,300726,宏达电子,300726.SZ,SZ
股票,300727,润禾材料,300727.SZ,SZ
股票,300729,乐歌股份,300729.SZ,SZ
股票,300730,科创信息,300730.SZ,SZ
股票,300731,科创新源,300731.SZ,SZ
股票,300732,设研院,300732.SZ,SZ
股票,300733,西菱动力,300733.SZ,SZ
股票,300735,光弘科技,300735.SZ,SZ
股票,300736,百邦科技,300736.SZ,SZ
股票,300737,科顺股份,300737.SZ,SZ
股票,300738,奥飞数据,300738.SZ,SZ
股票,300739,明阳电路,300739.SZ,SZ
股票,300740,水羊股份,300740.SZ,SZ
股票,300741,华宝股份,300741.SZ,SZ
股票,300743,天地数码,300743.SZ,SZ
股票,300745,欣锐科技,300745.SZ,SZ
股票,300746,汉嘉数智,300746.SZ,SZ
股票,300747,锐科激光,300747.SZ,SZ
股票,300748,金力永磁,300748.SZ,SZ
股票,300749,顶固集创,300749.SZ,SZ
股票,300750,宁德时代,300750.SZ,SZ
股票,300751,迈为股份,300751.SZ,SZ
股票,300752,隆利科技,300752.SZ,SZ
股票,300753,爱朋医疗,300753.SZ,SZ
股票,300755,华致酒行,300755.SZ,SZ
股票,300756,金马游乐,300756.SZ,SZ
股票,300757,罗博特科,300757.SZ,SZ
股票,300758,七彩化学,300758.SZ,SZ
股票,300759,康龙化成,300759.SZ,SZ
股票,300760,迈瑞医疗,300760.SZ,SZ
股票,300761,立华股份,300761.SZ,SZ
股票,300762,上海瀚讯,300762.SZ,SZ
股票,300763,锦浪科技,300763.SZ,SZ
股票,300765,新诺威,300765.SZ,SZ
股票,300766,每日互动,300766.SZ,SZ
股票,300767,震安科技,300767.SZ,SZ
股票,300768,迪普科技,300768.SZ,SZ
股票,300769,德方纳米,300769.SZ,SZ
股票,300770,新媒股份,300770.SZ,SZ
股票,300771,智莱科技,300771.SZ,SZ
股票,300772,运达股份,300772.SZ,SZ
股票,300773,拉卡拉,300773.SZ,SZ
股票,300774,倍杰特,300774.SZ,SZ
股票,300775,三角防务,300775.SZ,SZ
股票,300776,帝尔激光,300776.SZ,SZ
股票,300777,中简科技,300777.SZ,SZ
股票,300778,新城市,300778.SZ,SZ
股票,300779,惠城环保,300779.SZ,SZ
股票,300780,德恩精工,300780.SZ,SZ
股票,300781,因赛集团,300781.SZ,SZ
股票,300782,卓胜微,300782.SZ,SZ
股票,300783,三只松鼠,300783.SZ,SZ
股票,300784,利安科技,300784.SZ,SZ
股票,300785,值得买,300785.SZ,SZ
股票,300786,国林科技,300786.SZ,SZ
股票,300787,海能实业,300787.SZ,SZ
股票,300788,中信出版,300788.SZ,SZ
股票,300789,唐源电气,300789.SZ,SZ
股票,300790,宇瞳光学,300790.SZ,SZ
股票,300791,仙乐健康,300791.SZ,SZ
股票,300792,壹网壹创,300792.SZ,SZ
股票,300793,佳禾智能,300793.SZ,SZ
股票,300795,米奥会展,300795.SZ,SZ
股票,300796,贝斯美,300796.SZ,SZ
股票,300797,钢研纳克,300797.SZ,SZ
股票,300798,锦鸡股份,300798.SZ,SZ
股票,300800,力合科技,300800.SZ,SZ
股票,300801,泰和科技,300801.SZ,SZ
股票,300802,矩子科技,300802.SZ,SZ
股票,300803,指南针,300803.SZ,SZ
股票,300804,广康生化,300804.SZ,SZ
股票,300805,电声股份,300805.SZ,SZ
股票,300806,斯迪克,300806.SZ,SZ
股票,300807,天迈科技,300807.SZ,SZ
股票,300808,久量股份,300808.SZ,SZ
股票,300809,华辰装备,300809.SZ,SZ
股票,300810,中科海讯,300810.SZ,SZ
股票,300811,铂科新材,300811.SZ,SZ
股票,300812,易天股份,300812.SZ,SZ
股票,300813,泰林生物,300813.SZ,SZ
股票,300814,中富电路,300814.SZ,SZ
股票,300815,玉禾田,300815.SZ,SZ
股票,300816,艾可蓝,300816.SZ,SZ
股票,300817,双飞集团,300817.SZ,SZ
股票,300818,耐普矿机,300818.SZ,SZ
股票,300819,聚杰微纤,300819.SZ,SZ
股票,300820,英杰电气,300820.SZ,SZ
股票,300821,东岳硅材,300821.SZ,SZ
股票,300822,贝仕达克,300822.SZ,SZ
股票,300823,建科智能,300823.SZ,SZ
股票,300824,北鼎股份,300824.SZ,SZ
股票,300825,阿尔特,300825.SZ,SZ
股票,300826,测绘股份,300826.SZ,SZ
股票,300827,上能电气,300827.SZ,SZ
股票,300828,锐新科技,300828.SZ,SZ
股票,300829,金丹科技,300829.SZ,SZ
股票,300830,金现代,300830.SZ,SZ
股票,300831,派瑞股份,300831.SZ,SZ
股票,300832,新产业,300832.SZ,SZ
股票,300833,浩洋股份,300833.SZ,SZ
股票,300834,星辉环材,300834.SZ,SZ
股票,300835,龙磁科技,300835.SZ,SZ
股票,300836,佰奥智能,300836.SZ,SZ
股票,300837,浙矿股份,300837.SZ,SZ
股票,300838,浙江力诺,300838.SZ,SZ
股票,300839,博汇股份,300839.SZ,SZ
股票,300840,酷特智能,300840.SZ,SZ
股票,300841,康华生物,300841.SZ,SZ
股票,300842,帝科股份,300842.SZ,SZ
股票,300843,胜蓝股份,300843.SZ,SZ
股票,300844,山水比德,300844.SZ,SZ
股票,300845,捷安高科,300845.SZ,SZ
股票,300846,首都在线,300846.SZ,SZ
股票,300847,中船汉光,300847.SZ,SZ
股票,300848,美瑞新材,300848.SZ,SZ
股票,300849,锦盛新材,300849.SZ,SZ
股票,300850,新强联,300850.SZ,SZ
股票,300851,交大思诺,300851.SZ,SZ
股票,300852,四会富仕,300852.SZ,SZ
股票,300853,申昊科技,300853.SZ,SZ
股票,300854,中兰环保,300854.SZ,SZ
股票,300855,图南股份,300855.SZ,SZ
股票,300856,科思股份,300856.SZ,SZ
股票,300857,协创数据,300857.SZ,SZ
股票,300858,科拓生物,300858.SZ,SZ
股票,300859,西域旅游,300859.SZ,SZ
股票,300860,锋尚文化,300860.SZ,SZ
股票,300861,美畅股份,300861.SZ,SZ
股票,300862,蓝盾光电,300862.SZ,SZ
股票,300863,卡倍亿,300863.SZ,SZ
股票,300864,南大环境,300864.SZ,SZ
股票,300865,大宏立,300865.SZ,SZ
股票,300866,安克创新,300866.SZ,SZ
股票,300867,圣元环保,300867.SZ,SZ
股票,300868,杰美特,300868.SZ,SZ
股票,300869,康泰医学,300869.SZ,SZ
股票,300870,欧陆通,300870.SZ,SZ
股票,300871,回盛生物,300871.SZ,SZ
股票,300872,天阳科技,300872.SZ,SZ
股票,300873,海晨股份,300873.SZ,SZ
股票,300875,捷强装备,300875.SZ,SZ
股票,300876,蒙泰高新,300876.SZ,SZ
股票,300877,金春股份,300877.SZ,SZ
股票,300878,维康药业,300878.SZ,SZ
股票,300879,大叶股份,300879.SZ,SZ
股票,300880,迦南智能,300880.SZ,SZ
股票,300881,盛德鑫泰,300881.SZ,SZ
股票,300882,万胜智能,300882.SZ,SZ
股票,300883,龙利得,300883.SZ,SZ
股票,300884,狄耐克,300884.SZ,SZ
股票,300885,海昌新材,300885.SZ,SZ
股票,300886,华业香料,300886.SZ,SZ
股票,300887,谱尼测试,300887.SZ,SZ
股票,300888,稳健医疗,300888.SZ,SZ
股票,300889,爱克股份,300889.SZ,SZ
股票,300890,翔丰华,300890.SZ,SZ
股票,300891,惠云钛业,300891.SZ,SZ
股票,300892,品渥食品,300892.SZ,SZ
股票,300893,松原安全,300893.SZ,SZ
股票,300894,火星人,300894.SZ,SZ
股票,300895,铜牛信息,300895.SZ,SZ
股票,300896,爱美客,300896.SZ,SZ
股票,300897,山科智能,300897.SZ,SZ
股票,300898,熊猫乳品,300898.SZ,SZ
股票,300899,*ST凯鑫,300899.SZ,SZ
股票,300900,广联航空,300900.SZ,SZ
股票,300901,中胤时尚,300901.SZ,SZ
股票,300902,国安达,300902.SZ,SZ
股票,300903,科翔股份,300903.SZ,SZ
股票,300904,威力传动,300904.SZ,SZ
股票,300905,宝丽迪,300905.SZ,SZ
股票,300906,日月明,300906.SZ,SZ
股票,300907,康平科技,300907.SZ,SZ
股票,300908,仲景食品,300908.SZ,SZ
股票,300909,汇创达,300909.SZ,SZ
股票,300910,瑞丰新材,300910.SZ,SZ
股票,300911,亿田智能,300911.SZ,SZ
股票,300912,凯龙高科,300912.SZ,SZ
股票,300913,兆龙互连,300913.SZ,SZ
股票,300915,海融科技,300915.SZ,SZ
股票,300916,朗特智能,300916.SZ,SZ
股票,300917,特发服务,300917.SZ,SZ
股票,300918,南山智尚,300918.SZ,SZ
股票,300919,中伟新材,300919.SZ,SZ
股票,300920,润阳科技,300920.SZ,SZ
股票,300921,南凌科技,300921.SZ,SZ
股票,300922,天秦装备,300922.SZ,SZ
股票,300923,研奥股份,300923.SZ,SZ
股票,300925,法本信息,300925.SZ,SZ
股票,300926,博俊科技,300926.SZ,SZ
股票,300927,江天化学,300927.SZ,SZ
股票,300928,华安鑫创,300928.SZ,SZ
股票,300929,华骐环保,300929.SZ,SZ
股票,300930,屹通新材,300930.SZ,SZ
股票,300931,通用电梯,300931.SZ,SZ
股票,300932,三友联众,300932.SZ,SZ
股票,300933,中辰股份,300933.SZ,SZ
股票,300935,盈建科,300935.SZ,SZ
股票,300936,中英科技,300936.SZ,SZ
股票,300937,药易购,300937.SZ,SZ
股票,300938,信测标准,300938.SZ,SZ
股票,300939,秋田微,300939.SZ,SZ
股票,300940,南极光,300940.SZ,SZ
股票,300941,创识科技,300941.SZ,SZ
股票,300942,易瑞生物,300942.SZ,SZ
股票,300943,春晖智控,300943.SZ,SZ
股票,300945,曼卡龙,300945.SZ,SZ
股票,300946,恒而达,300946.SZ,SZ
股票,300947,德必集团,300947.SZ,SZ
股票,300948,冠中生态,300948.SZ,SZ
股票,300949,奥雅股份,300949.SZ,SZ
股票,300950,德固特,300950.SZ,SZ
股票,300951,博硕科技,300951.SZ,SZ
股票,300952,恒辉安防,300952.SZ,SZ
股票,300953,震裕科技,300953.SZ,SZ
股票,300955,嘉亨家化,300955.SZ,SZ
股票,300956,英力股份,300956.SZ,SZ
股票,300957,贝泰妮,300957.SZ,SZ
股票,300958,建工修复,300958.SZ,SZ
股票,300959,线上线下,300959.SZ,SZ
股票,300960,通业科技,300960.SZ,SZ
股票,300961,深水海纳,300961.SZ,SZ
股票,300962,中金辐照,300962.SZ,SZ
股票,300963,中洲特材,300963.SZ,SZ
股票,300964,本川智能,300964.SZ,SZ
股票,300965,恒宇信通,300965.SZ,SZ
股票,300966,共同药业,300966.SZ,SZ
股票,300967,晓鸣股份,300967.SZ,SZ
股票,300968,格林精密,300968.SZ,SZ
股票,300969,恒帅股份,300969.SZ,SZ
股票,300970,华绿生物,300970.SZ,SZ
股票,300971,博亚精工,300971.SZ,SZ
股票,300972,万辰集团,300972.SZ,SZ
股票,300973,立高食品,300973.SZ,SZ
股票,300975,商络电子,300975.SZ,SZ
股票,300976,达瑞电子,300976.SZ,SZ
股票,300977,深圳瑞捷,300977.SZ,SZ
股票,300978,东箭科技,300978.SZ,SZ
股票,300979,华利集团,300979.SZ,SZ
股票,300980,祥源新材,300980.SZ,SZ
股票,300981,中红医疗,300981.SZ,SZ
股票,300982,苏文电能,300982.SZ,SZ
股票,300983,尤安设计,300983.SZ,SZ
股票,300984,金沃股份,300984.SZ,SZ
股票,300985,致远新能,300985.SZ,SZ
股票,300986,志特新材,300986.SZ,SZ
股票,300987,川网传媒,300987.SZ,SZ
股票,300988,津荣天宇,300988.SZ,SZ
股票,300989,蕾奥规划,300989.SZ,SZ
股票,300990,同飞股份,300990.SZ,SZ
股票,300991,创益通,300991.SZ,SZ
股票,300992,泰福泵业,300992.SZ,SZ
股票,300993,玉马科技,300993.SZ,SZ
股票,300994,久祺股份,300994.SZ,SZ
股票,300995,奇德新材,300995.SZ,SZ
股票,300996,普联软件,300996.SZ,SZ
股票,300997,欢乐家,300997.SZ,SZ
股票,300998,宁波方正,300998.SZ,SZ
股票,300999,金龙鱼,300999.SZ,SZ
股票,301000,肇民科技,301000.SZ,SZ
股票,301001,凯淳股份,301001.SZ,SZ
股票,301002,崧盛股份,301002.SZ,SZ
股票,301003,江苏博云,301003.SZ,SZ
股票,301004,嘉益股份,301004.SZ,SZ
股票,301005,超捷股份,301005.SZ,SZ
股票,301006,迈拓股份,301006.SZ,SZ
股票,301007,德迈仕,301007.SZ,SZ
股票,301008,宏昌科技,301008.SZ,SZ
股票,301009,可靠股份,301009.SZ,SZ
股票,301010,晶雪节能,301010.SZ,SZ
股票,301011,华立科技,301011.SZ,SZ
股票,301012,扬电科技,301012.SZ,SZ
股票,301013,利和兴,301013.SZ,SZ
股票,301015,百洋医药,301015.SZ,SZ
股票,301016,雷尔伟,301016.SZ,SZ
股票,301017,漱玉平民,301017.SZ,SZ
股票,301018,申菱环境,301018.SZ,SZ
股票,301019,宁波色母,301019.SZ,SZ
股票,301020,密封科技,301020.SZ,SZ
股票,301021,英诺激光,301021.SZ,SZ
股票,301022,海泰科,301022.SZ,SZ
股票,301023,奕帆传动,301023.SZ,SZ
股票,301024,霍普股份,301024.SZ,SZ
股票,301025,读客文化,301025.SZ,SZ
股票,301026,浩通科技,301026.SZ,SZ
股票,301027,华蓝集团,301027.SZ,SZ
股票,301028,鼎熔岩,301028.SZ,SZ
股票,301029,怡合达,301029.SZ,SZ
股票,301030,仕净科技,301030.SZ,SZ
股票,301031,中熔电气,301031.SZ,SZ
股票,301032,新柴股份,301032.SZ,SZ
股票,301033,迈普医学,301033.SZ,SZ
股票,301035,润丰股份,301035.SZ,SZ
股票,301036,双乐股份,301036.SZ,SZ
股票,301037,保立佳,301037.SZ,SZ
股票,301038,深水规院,301038.SZ,SZ
股票,301039,中集车辆,301039.SZ,SZ
股票,301040,中环海陆,301040.SZ,SZ
股票,301041,金百泽,301041.SZ,SZ
股票,301042,安联锐视,301042.SZ,SZ
股票,301043,绿岛风,301043.SZ,SZ
股票,301045,天禄科技,301045.SZ,SZ
股票,301046,能辉科技,301046.SZ,SZ
股票,301047,义翘神州,301047.SZ,SZ
股票,301048,金鹰重工,301048.SZ,SZ
股票,301049,超越科技,301049.SZ,SZ
股票,301050,雷电微力,301050.SZ,SZ
股票,301051,信濠光电,301051.SZ,SZ
股票,301052,果麦文化,301052.SZ,SZ
股票,301053,远信工业,301053.SZ,SZ
股票,301055,张小泉,301055.SZ,SZ
股票,301056,森赫股份,301056.SZ,SZ
股票,301057,汇隆新材,301057.SZ,SZ
股票,301058,中粮科工,301058.SZ,SZ
股票,301059,金三江,301059.SZ,SZ
股票,301060,兰卫医学,301060.SZ,SZ
股票,301061,匠心家居,301061.SZ,SZ
股票,301062,上海艾录,301062.SZ,SZ
股票,301063,海锅股份,301063.SZ,SZ
股票,301065,本立科技,301065.SZ,SZ
股票,301066,万事利,301066.SZ,SZ
股票,301067,显盈科技,301067.SZ,SZ
股票,301068,大地海洋,301068.SZ,SZ
股票,301069,凯盛新材,301069.SZ,SZ
股票,301070,开勒股份,301070.SZ,SZ
股票,301071,力量钻石,301071.SZ,SZ
股票,301072,中捷精工,301072.SZ,SZ
股票,301073,君亭酒店,301073.SZ,SZ
股票,301075,多瑞医药,301075.SZ,SZ
股票,301076,新瀚新材,301076.SZ,SZ
股票,301077,星华新材,301077.SZ,SZ
股票,301078,孩子王,301078.SZ,SZ
股票,301079,邵阳液压,301079.SZ,SZ
股票,301080,百普赛斯,301080.SZ,SZ
股票,301081,严牌股份,301081.SZ,SZ
股票,301082,久盛电气,301082.SZ,SZ
股票,301083,百胜智能,301083.SZ,SZ
股票,301085,亚康股份,301085.SZ,SZ
股票,301086,鸿富瀚,301086.SZ,SZ
股票,301087,可孚医疗,301087.SZ,SZ
股票,301088,戎美股份,301088.SZ,SZ
股票,301089,拓新药业,301089.SZ,SZ
股票,301090,华润材料,301090.SZ,SZ
股票,301091,深城交,301091.SZ,SZ
股票,301092,争光股份,301092.SZ,SZ
股票,301093,华兰股份,301093.SZ,SZ
股票,301095,广立微,301095.SZ,SZ
股票,301096,百诚医药,301096.SZ,SZ
股票,301097,天益医疗,301097.SZ,SZ
股票,301098,金埔园林,301098.SZ,SZ
股票,301099,雅创电子,301099.SZ,SZ
股票,301100,风光股份,301100.SZ,SZ
股票,301101,明月镜片,301101.SZ,SZ
股票,301102,兆讯传媒,301102.SZ,SZ
股票,301103,何氏眼科,301103.SZ,SZ
股票,301105,鸿铭股份,301105.SZ,SZ
股票,301106,骏成科技,301106.SZ,SZ
股票,301107,瑜欣电子,301107.SZ,SZ
股票,301108,洁雅股份,301108.SZ,SZ
股票,301109,军信股份,301109.SZ,SZ
股票,301110,青木科技,301110.SZ,SZ
股票,301111,粤万年青,301111.SZ,SZ
股票,301112,信邦智能,301112.SZ,SZ
股票,301113,雅艺科技,301113.SZ,SZ
股票,301115,联检科技,301115.SZ,SZ
股票,301116,益客食品,301116.SZ,SZ
股票,301117,佳缘科技,301117.SZ,SZ
股票,301118,恒光股份,301118.SZ,SZ
股票,301119,正强股份,301119.SZ,SZ
股票,301120,新特电气,301120.SZ,SZ
股票,301121,紫建电子,301121.SZ,SZ
股票,301122,采纳股份,301122.SZ,SZ
股票,301123,奕东电子,301123.SZ,SZ
股票,301125,腾亚精工,301125.SZ,SZ
股票,301126,达嘉维康,301126.SZ,SZ
股票,301127,武汉天源,301127.SZ,SZ
股票,301128,强瑞技术,301128.SZ,SZ
股票,301129,瑞纳智能,301129.SZ,SZ
股票,301130,西点药业,301130.SZ,SZ
股票,301131,聚赛龙,301131.SZ,SZ
股票,301132,满坤科技,301132.SZ,SZ
股票,301133,金钟股份,301133.SZ,SZ
股票,301135,瑞德智能,301135.SZ,SZ
股票,301136,招标股份,301136.SZ,SZ
股票,301137,哈焊华通,301137.SZ,SZ
股票,301138,华研精机,301138.SZ,SZ
股票,301139,元道通信,301139.SZ,SZ
股票,301141,中科磁业,301141.SZ,SZ
股票,301148,嘉戎技术,301148.SZ,SZ
股票,301149,隆华新材,301149.SZ,SZ
股票,301150,中一科技,301150.SZ,SZ
股票,301151,冠龙节能,301151.SZ,SZ
股票,301152,天力锂能,301152.SZ,SZ
股票,301153,中科江南,301153.SZ,SZ
股票,301155,海力风电,301155.SZ,SZ
股票,301156,美农生物,301156.SZ,SZ
股票,301157,华塑科技,301157.SZ,SZ
股票,301158,德石股份,301158.SZ,SZ
股票,301159,三维天地,301159.SZ,SZ
股票,301160,翔楼新材,301160.SZ,SZ
股票,301161,唯万密封,301161.SZ,SZ
股票,301162,国能日新,301162.SZ,SZ
股票,301163,宏德股份,301163.SZ,SZ
股票,301165,锐捷网络,301165.SZ,SZ
股票,301166,优宁维,301166.SZ,SZ
股票,301167,建研设计,301167.SZ,SZ
股票,301168,通灵股份,301168.SZ,SZ
股票,301169,零点有数,301169.SZ,SZ
股票,301170,锡南科技,301170.SZ,SZ
股票,301171,易点天下,301171.SZ,SZ
股票,301172,君逸数码,301172.SZ,SZ
股票,301173,毓恬冠佳,301173.SZ,SZ
股票,301175,中科环保,301175.SZ,SZ
股票,301176,逸豪新材,301176.SZ,SZ
股票,301177,迪阿股份,301177.SZ,SZ
股票,301178,天亿马,301178.SZ,SZ
股票,301179,泽宇智能,301179.SZ,SZ
股票,301180,万祥科技,301180.SZ,SZ
股票,301181,标榜股份,301181.SZ,SZ
股票,301182,凯旺科技,301182.SZ,SZ
股票,301183,东田微,301183.SZ,SZ
股票,301185,鸥玛软件,301185.SZ,SZ
股票,301186,超达装备,301186.SZ,SZ
股票,301187,欧圣电气,301187.SZ,SZ
股票,301188,力诺药包,301188.SZ,SZ
股票,301189,奥尼电子,301189.SZ,SZ
股票,301190,善水科技,301190.SZ,SZ
股票,301191,菲菱科思,301191.SZ,SZ
股票,301192,泰祥股份,301192.SZ,SZ
股票,301193,家联科技,301193.SZ,SZ
股票,301195,北路智控,301195.SZ,SZ
股票,301196,唯科科技,301196.SZ,SZ
股票,301197,工大科雅,301197.SZ,SZ
股票,301198,喜悦智行,301198.SZ,SZ
股票,301199,迈赫股份,301199.SZ,SZ
股票,301200,大族数控,301200.SZ,SZ
股票,301201,诚达药业,301201.SZ,SZ
股票,301202,朗威股份,301202.SZ,SZ
股票,301203,国泰环保,301203.SZ,SZ
股票,301205,联特科技,301205.SZ,SZ
股票,301206,三元生物,301206.SZ,SZ
股票,301207,华兰疫苗,301207.SZ,SZ
股票,301208,中亦科技,301208.SZ,SZ
股票,301209,联合化学,301209.SZ,SZ
股票,301210,金杨精密,301210.SZ,SZ
股票,301211,亨迪药业,301211.SZ,SZ
股票,301212,联盛化学,301212.SZ,SZ
股票,301213,观想科技,301213.SZ,SZ
股票,301215,中汽股份,301215.SZ,SZ
股票,301216,万凯新材,301216.SZ,SZ
股票,301217,铜冠铜箔,301217.SZ,SZ
股票,301218,华是科技,301218.SZ,SZ
股票,301219,腾远钴业,301219.SZ,SZ
股票,301220,亚香股份,301220.SZ,SZ
股票,301221,光庭信息,301221.SZ,SZ
股票,301222,浙江恒威,301222.SZ,SZ
股票,301223,中荣股份,301223.SZ,SZ
股票,301225,恒勃股份,301225.SZ,SZ
股票,301226,祥明智能,301226.SZ,SZ
股票,301227,森鹰窗业,301227.SZ,SZ
股票,301228,实朴检测,301228.SZ,SZ
股票,301229,纽泰格,301229.SZ,SZ
股票,301230,泓博医药,301230.SZ,SZ
股票,301231,荣信文化,301231.SZ,SZ
股票,301232,飞沃科技,301232.SZ,SZ
股票,301233,盛帮股份,301233.SZ,SZ
股票,301234,五洲医疗,301234.SZ,SZ
股票,301235,华康洁净,301235.SZ,SZ
股票,301236,软通动力,301236.SZ,SZ
股票,301237,和顺科技,301237.SZ,SZ
股票,301238,瑞泰新材,301238.SZ,SZ
股票,301239,普瑞眼科,301239.SZ,SZ
股票,301246,宏源药业,301246.SZ,SZ
股票,301248,杰创智能,301248.SZ,SZ
股票,301251,威尔高,301251.SZ,SZ
股票,301252,同星科技,301252.SZ,SZ
股票,301255,通力科技,301255.SZ,SZ
股票,301256,华融化学,301256.SZ,SZ
股票,301257,普蕊斯,301257.SZ,SZ
股票,301258,富士莱,301258.SZ,SZ
股票,301259,艾布鲁,301259.SZ,SZ
股票,301260,格力博,301260.SZ,SZ
股票,301261,恒工精密,301261.SZ,SZ
股票,301262,海看股份,301262.SZ,SZ
股票,301263,泰恩康,301263.SZ,SZ
股票,301265,华新环保,301265.SZ,SZ
股票,301266,宇邦新材,301266.SZ,SZ
股票,301267,华厦眼科,301267.SZ,SZ
股票,301268,铭利达,301268.SZ,SZ
股票,301269,华大九天,301269.SZ,SZ
股票,301270,汉仪股份,301270.SZ,SZ
股票,301272,英华特,301272.SZ,SZ
股票,301273,瑞晨环保,301273.SZ,SZ
股票,301275,汉朔科技,301275.SZ,SZ
股票,301276,嘉曼服饰,301276.SZ,SZ
股票,301277,新天地,301277.SZ,SZ
股票,301278,快可电子,301278.SZ,SZ
股票,301279,金道科技,301279.SZ,SZ
股票,301280,珠城科技,301280.SZ,SZ
股票,301281,科源制药,301281.SZ,SZ
股票,301282,金禄电子,301282.SZ,SZ
股票,301283,聚胶股份,301283.SZ,SZ
股票,301285,鸿日达,301285.SZ,SZ
股票,301286,侨源股份,301286.SZ,SZ
股票,301287,康力源,301287.SZ,SZ
股票,301288,*ST清研,301288.SZ,SZ
股票,301289,国缆检测,301289.SZ,SZ
股票,301290,东星医疗,301290.SZ,SZ
股票,301291,明阳电气,301291.SZ,SZ
股票,301292,海科新源,301292.SZ,SZ
股票,301293,三博脑科,301293.SZ,SZ
股票,301295,美硕科技,301295.SZ,SZ
股票,301296,新巨丰,301296.SZ,SZ
股票,301297,富乐德,301297.SZ,SZ
股票,301298,东利机械,301298.SZ,SZ
股票,301299,卓创资讯,301299.SZ,SZ
股票,301300,远翔新材,301300.SZ,SZ
股票,301301,川宁生物,301301.SZ,SZ
股票,301302,华如科技,301302.SZ,SZ
股票,301303,真兰仪表,301303.SZ,SZ
股票,301305,朗坤科技,301305.SZ,SZ
股票,301306,西测测试,301306.SZ,SZ
股票,301307,美利信,301307.SZ,SZ
股票,301308,江波龙,301308.SZ,SZ
股票,301309,万得凯,301309.SZ,SZ
股票,301310,鑫宏业,301310.SZ,SZ
股票,301311,昆船智能,301311.SZ,SZ
股票,301312,智立方,301312.SZ,SZ
股票,301313,凡拓数创,301313.SZ,SZ
股票,301314,科瑞思,301314.SZ,SZ
股票,301315,威士顿,301315.SZ,SZ
股票,301316,慧博云通,301316.SZ,SZ
股票,301317,鑫磊股份,301317.SZ,SZ
股票,301318,维海德,301318.SZ,SZ
股票,301319,唯特偶,301319.SZ,SZ
股票,301320,豪江智能,301320.SZ,SZ
股票,301321,翰博高新,301321.SZ,SZ
股票,301322,绿通科技,301322.SZ,SZ
股票,301323,新莱福,301323.SZ,SZ
股票,301325,曼恩斯特,301325.SZ,SZ
股票,301326,捷邦科技,301326.SZ,SZ
股票,301327,华宝新能,301327.SZ,SZ
股票,301328,维峰电子,301328.SZ,SZ
股票,301329,信音电子,301329.SZ,SZ
股票,301330,熵基科技,301330.SZ,SZ
股票,301331,恩威医药,301331.SZ,SZ
股票,301332,德尔玛,301332.SZ,SZ
股票,301333,诺思格,301333.SZ,SZ
股票,301335,天元宠物,301335.SZ,SZ
股票,301336,趣睡科技,301336.SZ,SZ
股票,301337,亚华电子,301337.SZ,SZ
股票,301338,凯格精机,301338.SZ,SZ
股票,301339,通行宝,301339.SZ,SZ
股票,301345,涛涛车业,301345.SZ,SZ
股票,301348,蓝箭电子,301348.SZ,SZ
股票,301349,信德新材,301349.SZ,SZ
股票,301353,普莱得,301353.SZ,SZ
股票,301355,南王科技,301355.SZ,SZ
股票,301356,天振股份,301356.SZ,SZ
股票,301357,北方长龙,301357.SZ,SZ
股票,301358,湖南裕能,301358.SZ,SZ
股票,301359,东南电子,301359.SZ,SZ
股票,301360,荣旗科技,301360.SZ,SZ
股票,301361,众智科技,301361.SZ,SZ
股票,301362,民爆光电,301362.SZ,SZ
股票,301363,美好医疗,301363.SZ,SZ
股票,301365,矩阵股份,301365.SZ,SZ
股票,301366,一博科技,301366.SZ,SZ
股票,301367,瑞迈特,301367.SZ,SZ
股票,301368,丰立智能,301368.SZ,SZ
股票,301369,联动科技,301369.SZ,SZ
股票,301370,国科恒泰,301370.SZ,SZ
股票,301371,敷尔佳,301371.SZ,SZ
股票,301372,科净源,301372.SZ,SZ
股票,301373,凌玮科技,301373.SZ,SZ
股票,301376,致欧科技,301376.SZ,SZ
股票,301377,鼎泰高科,301377.SZ,SZ
股票,301378,通达海,301378.SZ,SZ
股票,301379,天山电子,301379.SZ,SZ
股票,301380,挖金客,301380.SZ,SZ
股票,301381,赛维时代,301381.SZ,SZ
股票,301382,蜂助手,301382.SZ,SZ
股票,301383,天键股份,301383.SZ,SZ
股票,301386,未来电器,301386.SZ,SZ
股票,301387,光大同创,301387.SZ,SZ
股票,301388,欣灵电气,301388.SZ,SZ
股票,301389,隆扬电子,301389.SZ,SZ
股票,301390,经纬股份,301390.SZ,SZ
股票,301391,卡莱特,301391.SZ,SZ
股票,301392,汇成真空,301392.SZ,SZ
股票,301393,昊帆生物,301393.SZ,SZ
股票,301395,仁信新材,301395.SZ,SZ
股票,301396,宏景科技,301396.SZ,SZ
股票,301397,溯联股份,301397.SZ,SZ
股票,301398,星源卓镁,301398.SZ,SZ
股票,301399,英特科技,301399.SZ,SZ
股票,301408,华人健康,301408.SZ,SZ
股票,301413,安培龙,301413.SZ,SZ
股票,301418,协昌科技,301418.SZ,SZ
股票,301419,阿莱德,301419.SZ,SZ
股票,301421,波长光电,301421.SZ,SZ
股票,301428,世纪恒通,301428.SZ,SZ
股票,301429,森泰股份,301429.SZ,SZ
股票,301439,泓淋电力,301439.SZ,SZ
股票,301446,福事特,301446.SZ,SZ
股票,301448,开创电气,301448.SZ,SZ
股票,301449,天溯计量,301449.SZ,SZ
股票,301456,盘古智能,301456.SZ,SZ
股票,301458,钧崴电子,301458.SZ,SZ
股票,301459,丰茂股份,301459.SZ,SZ
股票,301468,博盈特焊,301468.SZ,SZ
股票,301469,恒达新材,301469.SZ,SZ
股票,301479,弘景光电,301479.SZ,SZ
股票,301486,致尚科技,301486.SZ,SZ
股票,301487,盟固利,301487.SZ,SZ
股票,301488,豪恩汽电,301488.SZ,SZ
股票,301489,思泉新材,301489.SZ,SZ
股票,301491,汉桑科技,301491.SZ,SZ
股票,301498,乖宝宠物,301498.SZ,SZ
股票,301499,维科精密,301499.SZ,SZ
股票,301500,飞南资源,301500.SZ,SZ
股票,301501,恒鑫生活,301501.SZ,SZ
股票,301502,华阳智能,301502.SZ,SZ
股票,301503,智迪科技,301503.SZ,SZ
股票,301505,苏州规划,301505.SZ,SZ
股票,301507,民生健康,301507.SZ,SZ
股票,301508,中机认检,301508.SZ,SZ
股票,301509,金凯生科,301509.SZ,SZ
股票,301510,固高科技,301510.SZ,SZ
股票,301511,德福科技,301511.SZ,SZ
股票,301512,智信精密,301512.SZ,SZ
股票,301515,港通医疗,301515.SZ,SZ
股票,301516,中远通,301516.SZ,SZ
股票,301517,陕西华达,301517.SZ,SZ
股票,301518,长华化学,301518.SZ,SZ
股票,301519,舜禹股份,301519.SZ,SZ
股票,301520,万邦医药,301520.SZ,SZ
股票,301522,上大股份,301522.SZ,SZ
股票,301525,儒竞科技,301525.SZ,SZ
股票,301526,国际复材,301526.SZ,SZ
股票,301528,多浦乐,301528.SZ,SZ
股票,301529,福赛科技,301529.SZ,SZ
股票,301533,威马农机,301533.SZ,SZ
股票,301535,浙江华远,301535.SZ,SZ
股票,301536,星宸科技,301536.SZ,SZ
股票,301538,骏鼎达,301538.SZ,SZ
股票,301539,宏鑫科技,301539.SZ,SZ
股票,301548,崇德科技,301548.SZ,SZ
股票,301550,斯菱智驱,301550.SZ,SZ
股票,301551,无线传媒,301551.SZ,SZ
股票,301552,科力装备,301552.SZ,SZ
股票,301555,惠柏新材,301555.SZ,SZ
股票,301556,托普云农,301556.SZ,SZ
股票,301557,常友科技,301557.SZ,SZ
股票,301558,三态股份,301558.SZ,SZ
股票,301559,中集环科,301559.SZ,SZ
股票,301560,众捷汽车,301560.SZ,SZ
股票,301563,云汉芯城,301563.SZ,SZ
股票,301565,中仑新材,301565.SZ,SZ
股票,301566,达利凯普,301566.SZ,SZ
股票,301567,贝隆精密,301567.SZ,SZ
股票,301568,思泰克,301568.SZ,SZ
股票,301571,国科天成,301571.SZ,SZ
股票,301575,艾芬达,301575.SZ,SZ
股票,301577,美信科技,301577.SZ,SZ
股票,301578,辰奕智能,301578.SZ,SZ
股票,301580,爱迪特,301580.SZ,SZ
股票,301581,黄山谷捷,301581.SZ,SZ
股票,301584,建发致新,301584.SZ,SZ
股票,301585,蓝宇股份,301585.SZ,SZ
股票,301586,佳力奇,301586.SZ,SZ
股票,301587,中瑞股份,301587.SZ,SZ
股票,301588,美新科技,301588.SZ,SZ
股票,301589,诺瓦星云,301589.SZ,SZ
股票,301590,优优绿能,301590.SZ,SZ
股票,301591,肯特股份,301591.SZ,SZ
股票,301592,六九一二,301592.SZ,SZ
股票,301595,太力科技,301595.SZ,SZ
股票,301596,瑞迪智驱,301596.SZ,SZ
股票,301598,博科测试,301598.SZ,SZ
股票,301600,慧翰股份,301600.SZ,SZ
股票,301601,惠通科技,301601.SZ,SZ
股票,301602,超研股份,301602.SZ,SZ
股票,301603,乔锋智能,301603.SZ,SZ
股票,301606,绿联科技,301606.SZ,SZ
股票,301607,富特科技,301607.SZ,SZ
股票,301608,博实结,301608.SZ,SZ
股票,301609,山大电力,301609.SZ,SZ
股票,301611,珂玛科技,301611.SZ,SZ
股票,301613,新铝时代,301613.SZ,SZ
股票,301616,浙江华业,301616.SZ,SZ
股票,301617,博苑股份,301617.SZ,SZ
股票,301618,长联科技,301618.SZ,SZ
股票,301622,英思特,301622.SZ,SZ
股票,301626,苏州天脉,301626.SZ,SZ
股票,301628,强达电路,301628.SZ,SZ
股票,301629,矽电股份,301629.SZ,SZ
股票,301630,同宇新材,301630.SZ,SZ
股票,301631,壹连科技,301631.SZ,SZ
股票,301632,广东建科,301632.SZ,SZ
股票,301633,港迪技术,301633.SZ,SZ
股票,301636,泽润新能,301636.SZ,SZ
股票,301638,南网数字,301638.SZ,SZ
股票,301656,联合动力,301656.SZ,SZ
股票,301658,首航新能,301658.SZ,SZ
股票,301662,宏工科技,301662.SZ,SZ
股票,301665,泰禾股份,301665.SZ,SZ
股票,301667,纳百川,301667.SZ,SZ
股票,301668,昊创瑞通,301668.SZ,SZ
股票,301678,新恒汇,301678.SZ,SZ
股票,301680,固德电材,301680.SZ,SZ
股票,301687,新广益,301687.SZ,SZ
股票,302132,中航成飞,302132.SZ,SZ
股票,600000,浦发银行,600000.SH,SH
股票,600004,白云机场,600004.SH,SH
股票,600006,东风股份,600006.SH,SH
股票,600007,中国国贸,600007.SH,SH
股票,600008,首创环保,600008.SH,SH
股票,600009,上海机场,600009.SH,SH
股票,600010,包钢股份,600010.SH,SH
股票,600011,华能国际,600011.SH,SH
股票,600012,皖通高速,600012.SH,SH
股票,600015,华夏银行,600015.SH,SH
股票,600016,民生银行,600016.SH,SH
股票,600017,日照港,600017.SH,SH
股票,600018,上港集团,600018.SH,SH
股票,600019,宝钢股份,600019.SH,SH
股票,600020,中原高速,600020.SH,SH
股票,600021,上海电力,600021.SH,SH
股票,600022,山东钢铁,600022.SH,SH
股票,600023,浙能电力,600023.SH,SH
股票,600025,华能水电,600025.SH,SH
股票,600026,中远海能,600026.SH,SH
股票,600027,华电国际,600027.SH,SH
股票,600028,中国石化,600028.SH,SH
股票,600029,南方航空,600029.SH,SH
股票,600030,中信证券,600030.SH,SH
股票,600031,三一重工,600031.SH,SH
股票,600032,浙江新能,600032.SH,SH
股票,600033,福建高速,600033.SH,SH
股票,600035,楚天高速,600035.SH,SH
股票,600036,招商银行,600036.SH,SH
股票,600037,歌华有线,600037.SH,SH
股票,600038,中直股份,600038.SH,SH
股票,600039,四川路桥,600039.SH,SH
股票,600048,保利发展,600048.SH,SH
股票,600050,中国联通,600050.SH,SH
股票,600051,宁波联合,600051.SH,SH
股票,600052,东望时代,600052.SH,SH
股票,600053,九鼎投资,600053.SH,SH
股票,600054,黄山旅游,600054.SH,SH
股票,600055,万东医疗,600055.SH,SH
股票,600056,中国医药,600056.SH,SH
股票,600057,厦门象屿,600057.SH,SH
股票,600058,五矿发展,600058.SH,SH
股票,600059,古越龙山,600059.SH,SH
股票,600060,海信视像,600060.SH,SH
股票,600061,国投资本,600061.SH,SH
股票,600062,华润双鹤,600062.SH,SH
股票,600063,皖维高新,600063.SH,SH
股票,600064,南京高科,600064.SH,SH
股票,600066,宇通客车,600066.SH,SH
股票,600067,冠城新材,600067.SH,SH
股票,600071,凤凰光学,600071.SH,SH
股票,600072,中船科技,600072.SH,SH
股票,600073,光明肉业,600073.SH,SH
股票,600075,新疆天业,600075.SH,SH
股票,600076,康欣新材,600076.SH,SH
股票,600078,澄星股份,600078.SH,SH
股票,600079,ST人福,600079.SH,SH
股票,600080,金花股份,600080.SH,SH
股票,600081,东风科技,600081.SH,SH
股票,600082,海泰发展,600082.SH,SH
股票,600084,中信尼雅,600084.SH,SH
股票,600085,同仁堂,600085.SH,SH
股票,600088,中视传媒,600088.SH,SH
股票,600089,特变电工,600089.SH,SH
股票,600094,大名城,600094.SH,SH
股票,600095,湘财股份,600095.SH,SH
股票,600096,云天化,600096.SH,SH
股票,600097,开创国际,600097.SH,SH
股票,600098,广州发展,600098.SH,SH
股票,600099,林海股份,600099.SH,SH
股票,600100,同方股份,600100.SH,SH
股票,600101,明星电力,600101.SH,SH
股票,600103,青山纸业,600103.SH,SH
股票,600104,上汽集团,600104.SH,SH
股票,600105,永鼎股份,600105.SH,SH
股票,600106,重庆路桥,600106.SH,SH
股票,600107,ST尔雅,600107.SH,SH
股票,600108,亚盛集团,600108.SH,SH
股票,600109,国金证券,600109.SH,SH
股票,600110,诺德股份,600110.SH,SH
股票,600111,北方稀土,600111.SH,SH
股票,600113,浙江东日,600113.SH,SH
股票,600114,东睦股份,600114.SH,SH
股票,600115,中国东航,600115.SH,SH
股票,600116,三峡水利,600116.SH,SH
股票,600117,西宁特钢,600117.SH,SH
股票,600118,中国卫星,600118.SH,SH
股票,600119,长江投资,600119.SH,SH
股票,600120,浙江东方,600120.SH,SH
股票,600121,郑州煤电,600121.SH,SH
股票,600123,兰花科创,600123.SH,SH
股票,600125,铁龙物流,600125.SH,SH
股票,600126,杭钢股份,600126.SH,SH
股票,600127,金健米业,600127.SH,SH
股票,600128,苏豪弘业,600128.SH,SH
股票,600129,太极集团,600129.SH,SH
股票,600130,*ST波导,600130.SH,SH
股票,600131,国网信通,600131.SH,SH
股票,600132,重庆啤酒,600132.SH,SH
股票,600133,东湖高新,600133.SH,SH
股票,600135,乐凯胶片,600135.SH,SH
股票,600136,ST明诚,600136.SH,SH
股票,600137,浪莎股份,600137.SH,SH
股票,600138,中青旅,600138.SH,SH
股票,600141,兴发集团,600141.SH,SH
股票,600143,金发科技,600143.SH,SH
股票,600148,长春一东,600148.SH,SH
股票,600149,廊坊发展,600149.SH,SH
股票,600150,中国船舶,600150.SH,SH
股票,600151,航天机电,600151.SH,SH
股票,600152,维科技术,600152.SH,SH
股票,600153,建发股份,600153.SH,SH
股票,600155,华创云信,600155.SH,SH
股票,600156,华升股份,600156.SH,SH
股票,600157,永泰能源,600157.SH,SH
股票,600158,中体产业,600158.SH,SH
股票,600159,大龙地产,600159.SH,SH
股票,600160,巨化股份,600160.SH,SH
股票,600161,天坛生物,600161.SH,SH
股票,600162,香江控股,600162.SH,SH
股票,600163,中闽能源,600163.SH,SH
股票,600165,ST宁科,600165.SH,SH
股票,600166,福田汽车,600166.SH,SH
股票,600167,联美控股,600167.SH,SH
股票,600168,武汉控股,600168.SH,SH
股票,600169,ST太重,600169.SH,SH
股票,600170,上海建工,600170.SH,SH
股票,600171,上海贝岭,600171.SH,SH
股票,600172,黄河旋风,600172.SH,SH
股票,600173,卧龙新能,600173.SH,SH
股票,600176,中国巨石,600176.SH,SH
股票,600177,雅戈尔,600177.SH,SH
股票,600178,东安动力,600178.SH,SH
股票,600179,安通控股,600179.SH,SH
股票,600180,瑞茂通,600180.SH,SH
股票,600182,S佳通,600182.SH,SH
股票,600183,生益科技,600183.SH,SH
股票,600184,光电股份,600184.SH,SH
股票,600185,珠免集团,600185.SH,SH
股票,600186,莲花控股,600186.SH,SH
股票,600187,国中水务,600187.SH,SH
股票,600188,兖矿能源,600188.SH,SH
股票,600189,泉阳泉,600189.SH,SH
股票,600191,华资实业,600191.SH,SH
股票,600192,长城电工,600192.SH,SH
股票,600193,*ST创兴,600193.SH,SH
股票,600195,中牧股份,600195.SH,SH
股票,600196,复星医药,600196.SH,SH
股票,600197,伊力特,600197.SH,SH
股票,600198,大唐电信,600198.SH,SH
股票,600199,金种子酒,600199.SH,SH
股票,600201,生物股份,600201.SH,SH
股票,600202,哈空调,600202.SH,SH
股票,600203,福日电子,600203.SH,SH
股票,600206,有研新材,600206.SH,SH
股票,600207,安彩高科,600207.SH,SH
股票,600208,衢州发展,600208.SH,SH
股票,600210,紫江企业,600210.SH,SH
股票,600211,西藏药业,600211.SH,SH
股票,600212,绿能慧充,600212.SH,SH
股票,600215,派斯林,600215.SH,SH
股票,600216,浙江医药,600216.SH,SH
股票,600217,中再资环,600217.SH,SH
股票,600218,全柴动力,600218.SH,SH
股票,600219,南山铝业,600219.SH,SH
股票,600221,海航控股,600221.SH,SH
股票,600222,太龙药业,600222.SH,SH
股票,600223,福瑞达,600223.SH,SH
股票,600226,亨通股份,600226.SH,SH
股票,600227,赤天化,600227.SH,SH
股票,600228,*ST返利,600228.SH,SH
股票,600229,城市传媒,600229.SH,SH
股票,600230,沧州大化,600230.SH,SH
股票,600231,凌钢股份,600231.SH,SH
股票,600232,金鹰股份,600232.SH,SH
股票,600233,圆通速递,600233.SH,SH
股票,600234,科新发展,600234.SH,SH
股票,600235,民丰特纸,600235.SH,SH
股票,600236,桂冠电力,600236.SH,SH
股票,600237,铜峰电子,600237.SH,SH
股票,600238,*ST椰岛,600238.SH,SH
股票,600239,云南城投,600239.SH,SH
股票,600241,时代万恒,600241.SH,SH
股票,600243,*ST海华,600243.SH,SH
股票,600246,万通发展,600246.SH,SH
股票,600248,陕建股份,600248.SH,SH
股票,600249,两面针,600249.SH,SH
股票,600250,南京商旅,600250.SH,SH
股票,600251,冠农股份,600251.SH,SH
股票,600252,中恒集团,600252.SH,SH
股票,600255,鑫科材料,600255.SH,SH
股票,600256,广汇能源,600256.SH,SH
股票,600257,大湖股份,600257.SH,SH
股票,600258,首旅酒店,600258.SH,SH
股票,600259,中稀有色,600259.SH,SH
股票,600261,阳光照明,600261.SH,SH
股票,600262,北方股份,600262.SH,SH
股票,600265,ST景谷,600265.SH,SH
股票,600266,城建发展,600266.SH,SH
股票,600267,海正药业,600267.SH,SH
股票,600268,国电南自,600268.SH,SH
股票,600269,赣粤高速,600269.SH,SH
股票,600271,航天信息,600271.SH,SH
股票,600272,开开实业,600272.SH,SH
股票,600273,嘉化能源,600273.SH,SH
股票,600276,恒瑞医药,600276.SH,SH
股票,600278,东方创业,600278.SH,SH
股票,600279,重庆港,600279.SH,SH
股票,600280,中央商场,600280.SH,SH
股票,600281,华阳新材,600281.SH,SH
股票,600282,南钢股份,600282.SH,SH
股票,600283,钱江水利,600283.SH,SH
股票,600284,浦东建设,600284.SH,SH
股票,600285,羚锐制药,600285.SH,SH
股票,600287,苏豪时尚,600287.SH,SH
股票,600288,大恒科技,600288.SH,SH
股票,600289,ST信通,600289.SH,SH
股票,600292,电投水电,600292.SH,SH
股票,600293,三峡新材,600293.SH,SH
股票,600295,鄂尔多斯,600295.SH,SH
股票,600298,安琪酵母,600298.SH,SH
股票,600299,安迪苏,600299.SH,SH
股票,600300,维维股份,600300.SH,SH
股票,600301,华锡有色,600301.SH,SH
股票,600302,标准股份,600302.SH,SH
股票,600303,曙光股份,600303.SH,SH
股票,600305,恒顺醋业,600305.SH,SH
股票,600307,酒钢宏兴,600307.SH,SH
股票,600308,华泰股份,600308.SH,SH
股票,600309,万华化学,600309.SH,SH
股票,600310,广西能源,600310.SH,SH
股票,600312,平高电气,600312.SH,SH
股票,600313,农发种业,600313.SH,SH
股票,600315,上海家化,600315.SH,SH
股票,600316,洪都航空,600316.SH,SH
股票,600318,新力金融,600318.SH,SH
股票,600319,亚星化学,600319.SH,SH
股票,600320,振华重工,600320.SH,SH
股票,600322,津投城开,600322.SH,SH
股票,600323,瀚蓝环境,600323.SH,SH
股票,600325,华发股份,600325.SH,SH
股票,600326,西藏天路,600326.SH,SH
股票,600327,大东方,600327.SH,SH
股票,600328,中盐化工,600328.SH,SH
股票,600329,达仁堂,600329.SH,SH
股票,600330,天通股份,600330.SH,SH
股票,600331,宏达股份,600331.SH,SH
股票,600332,白云山,600332.SH,SH
股票,600333,长春燃气,600333.SH,SH
股票,600335,国机汽车,600335.SH,SH
股票,600336,澳柯玛,600336.SH,SH
股票,600337,美克家居,600337.SH,SH
股票,600338,西藏珠峰,600338.SH,SH
股票,600339,中油工程,600339.SH,SH
股票,600340,华夏幸福,600340.SH,SH
股票,600343,航天动力,600343.SH,SH
股票,600345,长江通信,600345.SH,SH
股票,600346,恒力石化,600346.SH,SH
股票,600348,华阳股份,600348.SH,SH
股票,600350,山东高速,600350.SH,SH
股票,600351,亚宝药业,600351.SH,SH
股票,600352,浙江龙盛,600352.SH,SH
股票,600353,旭光电子,600353.SH,SH
股票,600354,敦煌种业,600354.SH,SH
股票,600355,*ST精伦,600355.SH,SH
股票,600356,恒丰纸业,600356.SH,SH
股票,600358,ST联合,600358.SH,SH
股票,600359,新农开发,600359.SH,SH
股票,600360,*ST华微,600360.SH,SH
股票,600361,创新新材,600361.SH,SH
股票,600362,江西铜业,600362.SH,SH
股票,600363,联创光电,600363.SH,SH
股票,600365,ST通葡,600365.SH,SH
股票,600366,宁波韵升,600366.SH,SH
股票,600367,红星发展,600367.SH,SH
股票,600368,五洲交通,600368.SH,SH
股票,600369,西南证券,600369.SH,SH
股票,600370,三房巷,600370.SH,SH
股票,600371,万向德农,600371.SH,SH
股票,600372,中航机载,600372.SH,SH
股票,600373,中文传媒,600373.SH,SH
股票,600375,汉马科技,600375.SH,SH
股票,600376,首开股份,600376.SH,SH
股票,600377,宁沪高速,600377.SH,SH
股票,600378,昊华科技,600378.SH,SH
股票,600379,宝光股份,600379.SH,SH
股票,600380,健康元,600380.SH,SH
股票,600381,*ST春天,600381.SH,SH
股票,600382,广东明珠,600382.SH,SH
股票,600383,金地集团,600383.SH,SH
股票,600386,北巴传媒,600386.SH,SH
股票,600388,龙净环保,600388.SH,SH
股票,600389,江山股份,600389.SH,SH
股票,600390,五矿资本,600390.SH,SH
股票,600391,航发科技,600391.SH,SH
股票,600392,盛和资源,600392.SH,SH
股票,600395,盘江股份,600395.SH,SH
股票,600396,华电辽能,600396.SH,SH
股票,600397,江钨装备,600397.SH,SH
股票,600398,海澜之家,600398.SH,SH
股票,600399,抚顺特钢,600399.SH,SH
股票,600400,红豆股份,600400.SH,SH
股票,600403,大有能源,600403.SH,SH
股票,600405,动力源,600405.SH,SH
股票,600406,国电南瑞,600406.SH,SH
股票,600408,安泰集团,600408.SH,SH
股票,600409,三友化工,600409.SH,SH
股票,600410,华胜天成,600410.SH,SH
股票,600415,小商品城,600415.SH,SH
股票,600416,湘电股份,600416.SH,SH
股票,600418,江淮汽车,600418.SH,SH
股票,600419,天润乳业,600419.SH,SH
股票,600420,国药现代,600420.SH,SH
股票,600421,*ST华嵘,600421.SH,SH
股票,600422,昆药集团,600422.SH,SH
股票,600423,柳化股份,600423.SH,SH
股票,600425,青松建化,600425.SH,SH
股票,600426,华鲁恒升,600426.SH,SH
股票,600428,中远海特,600428.SH,SH
股票,600429,三元股份,600429.SH,SH
股票,600433,冠豪高新,600433.SH,SH
股票,600435,北方导航,600435.SH,SH
股票,600436,片仔癀,600436.SH,SH
股票,600438,通威股份,600438.SH,SH
股票,600439,瑞贝卡,600439.SH,SH
股票,600444,国机通用,600444.SH,SH
股票,600446,金证股份,600446.SH,SH
股票,600448,华纺股份,600448.SH,SH
股票,600449,宁夏建材,600449.SH,SH
股票,600452,涪陵电力,600452.SH,SH
股票,600455,博通股份,600455.SH,SH
股票,600456,宝钛股份,600456.SH,SH
股票,600458,时代新材,600458.SH,SH
股票,600459,贵研铂业,600459.SH,SH
股票,600460,士兰微,600460.SH,SH
股票,600461,洪城环境,600461.SH,SH
股票,600463,空港股份,600463.SH,SH
股票,600467,好当家,600467.SH,SH
股票,600468,百利电气,600468.SH,SH
股票,600469,风神股份,600469.SH,SH
股票,600470,六国化工,600470.SH,SH
股票,600475,华光环能,600475.SH,SH
股票,600476,湘邮科技,600476.SH,SH
股票,600477,杭萧钢构,600477.SH,SH
股票,600478,科力远,600478.SH,SH
股票,600479,千金药业,600479.SH,SH
股票,600480,凌云股份,600480.SH,SH
股票,600481,双良节能,600481.SH,SH
股票,600482,中国动力,600482.SH,SH
股票,600483,福能股份,600483.SH,SH
股票,600486,扬农化工,600486.SH,SH
股票,600487,亨通光电,600487.SH,SH
股票,600488,津药药业,600488.SH,SH
股票,600489,中金黄金,600489.SH,SH
股票,600490,鹏欣资源,600490.SH,SH
股票,600491,龙元建设,600491.SH,SH
股票,600493,凤竹纺织,600493.SH,SH
股票,600495,晋西车轴,600495.SH,SH
股票,600496,精工钢构,600496.SH,SH
股票,600497,驰宏锌锗,600497.SH,SH
股票,600498,烽火通信,600498.SH,SH
股票,600499,科达制造,600499.SH,SH
股票,600500,中化国际,600500.SH,SH
股票,600501,航天晨光,600501.SH,SH
股票,600502,安徽建工,600502.SH,SH
股票,600503,华丽家族,600503.SH,SH
股票,600505,西昌电力,600505.SH,SH
股票,600506,统一股份,600506.SH,SH
股票,600507,方大特钢,600507.SH,SH
股票,600508,上海能源,600508.SH,SH
股票,600509,天富能源,600509.SH,SH
股票,600510,黑牡丹,600510.SH,SH
股票,600511,国药股份,600511.SH,SH
股票,600512,腾达建设,600512.SH,SH
股票,600513,联环药业,600513.SH,SH
股票,600515,海南机场,600515.SH,SH
股票,600516,方大炭素,600516.SH,SH
股票,600517,国网英大,600517.SH,SH
股票,600518,康美药业,600518.SH,SH
股票,600519,贵州茅台,600519.SH,SH
股票,600520,三佳科技,600520.SH,SH
股票,600521,华海药业,600521.SH,SH
股票,600522,中天科技,600522.SH,SH
股票,600523,贵航股份,600523.SH,SH
股票,600525,ST长园,600525.SH,SH
股票,600526,菲达环保,600526.SH,SH
股票,600527,江南高纤,600527.SH,SH
股票,600528,中铁工业,600528.SH,SH
股票,600529,山东药玻,600529.SH,SH
股票,600530,交大昂立,600530.SH,SH
股票,600531,豫光金铅,600531.SH,SH
股票,600533,栖霞建设,600533.SH,SH
股票,600535,天士力,600535.SH,SH
股票,600536,中国软件,600536.SH,SH
股票,600537,亿晶光电,600537.SH,SH
股票,600538,国发股份,600538.SH,SH
股票,600539,狮头股份,600539.SH,SH
股票,600540,新赛股份,600540.SH,SH
股票,600543,莫高股份,600543.SH,SH
股票,600545,卓郎智能,600545.SH,SH
股票,600546,山煤国际,600546.SH,SH
股票,600547,山东黄金,600547.SH,SH
股票,600548,深高速,600548.SH,SH
股票,600549,厦门钨业,600549.SH,SH
股票,600550,保变电气,600550.SH,SH
股票,600551,时代出版,600551.SH,SH
股票,600552,凯盛科技,600552.SH,SH
股票,600556,天下秀,600556.SH,SH
股票,600557,康缘药业,600557.SH,SH
股票,600558,大西洋,600558.SH,SH
股票,600559,老白干酒,600559.SH,SH
股票,600560,金自天正,600560.SH,SH
股票,600561,江西长运,600561.SH,SH
股票,600562,国睿科技,600562.SH,SH
股票,600563,法拉电子,600563.SH,SH
股票,600566,济川药业,600566.SH,SH
股票,600567,山鹰国际,600567.SH,SH
股票,600568,ST中珠,600568.SH,SH
股票,600569,安阳钢铁,600569.SH,SH
股票,600570,恒生电子,600570.SH,SH
股票,600571,信雅达,600571.SH,SH
股票,600572,康恩贝,600572.SH,SH
股票,600573,惠泉啤酒,600573.SH,SH
股票,600575,淮河能源,600575.SH,SH
股票,600576,祥源文旅,600576.SH,SH
股票,600577,精达股份,600577.SH,SH
股票,600578,京能电力,600578.SH,SH
股票,600579,中化装备,600579.SH,SH
股票,600580,卧龙电驱,600580.SH,SH
股票,600581,八一钢铁,600581.SH,SH
股票,600582,天地科技,600582.SH,SH
股票,600583,海油工程,600583.SH,SH
股票,600584,长电科技,600584.SH,SH
股票,600585,海螺水泥,600585.SH,SH
股票,600586,金晶科技,600586.SH,SH
股票,600587,新华医疗,600587.SH,SH
股票,600588,用友网络,600588.SH,SH
股票,600589,大位科技,600589.SH,SH
股票,600590,泰豪科技,600590.SH,SH
股票,600592,龙溪股份,600592.SH,SH
股票,600593,大连圣亚,600593.SH,SH
股票,600594,益佰制药,600594.SH,SH
股票,600595,中孚实业,600595.SH,SH
股票,600596,新安股份,600596.SH,SH
股票,600597,光明乳业,600597.SH,SH
股票,600598,北大荒,600598.SH,SH
股票,600599,*ST熊猫,600599.SH,SH
股票,600600,青岛啤酒,600600.SH,SH
股票,600601,方正科技,600601.SH,SH
股票,600602,云赛智联,600602.SH,SH
股票,600603,广汇物流,600603.SH,SH
股票,600604,市北高新,600604.SH,SH
股票,600605,汇通能源,600605.SH,SH
股票,600606,绿地控股,600606.SH,SH
股票,600608,*ST沪科,600608.SH,SH
股票,600609,金杯汽车,600609.SH,SH
股票,600610,中毅达,600610.SH,SH
股票,600611,大众交通,600611.SH,SH
股票,600612,老凤祥,600612.SH,SH
股票,600613,神奇制药,600613.SH,SH
股票,600615,鑫源智造,600615.SH,SH
股票,600616,金枫酒业,600616.SH,SH
股票,600617,国新能源,600617.SH,SH
股票,600618,氯碱化工,600618.SH,SH
股票,600619,海立股份,600619.SH,SH
股票,600620,天宸股份,600620.SH,SH
股票,600621,华鑫股份,600621.SH,SH
股票,600622,光大嘉宝,600622.SH,SH
股票,600623,华谊集团,600623.SH,SH
股票,600624,ST复华,600624.SH,SH
股票,600626,申达股份,600626.SH,SH
股票,600628,新世界,600628.SH,SH
股票,600629,华建集团,600629.SH,SH
股票,600630,龙头股份,600630.SH,SH
股票,600633,浙数文化,600633.SH,SH
股票,600635,大众公用,600635.SH,SH
股票,600636,*ST国化,600636.SH,SH
股票,600637,东方明珠,600637.SH,SH
股票,600638,新黄浦,600638.SH,SH
股票,600639,浦东金桥,600639.SH,SH
股票,600640,国脉文化,600640.SH,SH
股票,600641,先导基电,600641.SH,SH
股票,600642,申能股份,600642.SH,SH
股票,600643,爱建集团,600643.SH,SH
股票,600644,乐山电力,600644.SH,SH
股票,600645,中源协和,600645.SH,SH
股票,600648,外高桥,600648.SH,SH
股票,600649,城投控股,600649.SH,SH
股票,600650,锦江在线,600650.SH,SH
股票,600651,飞乐音响,600651.SH,SH
股票,600653,申华控股,600653.SH,SH
股票,600654,中安科,600654.SH,SH
股票,600655,豫园股份,600655.SH,SH
股票,600657,信达地产,600657.SH,SH
股票,600658,电子城,600658.SH,SH
股票,600660,福耀玻璃,600660.SH,SH
股票,600661,昂立教育,600661.SH,SH
股票,600662,外服控股,600662.SH,SH
股票,600663,陆家嘴,600663.SH,SH
股票,600664,哈药股份,600664.SH,SH
股票,600665,天地源,600665.SH,SH
股票,600666,奥瑞德,600666.SH,SH
股票,600667,太极实业,600667.SH,SH
股票,600668,尖峰集团,600668.SH,SH
股票,600671,天目药业,600671.SH,SH
股票,600673,东阳光,600673.SH,SH
股票,600674,川投能源,600674.SH,SH
股票,600675,中华企业,600675.SH,SH
股票,600676,交运股份,600676.SH,SH
股票,600678,四川金顶,600678.SH,SH
股票,600679,上海凤凰,600679.SH,SH
股票,600681,百川能源,600681.SH,SH
股票,600682,南京新百,600682.SH,SH
股票,600683,京投发展,600683.SH,SH
股票,600684,珠江股份,600684.SH,SH
股票,600685,中船防务,600685.SH,SH
股票,600686,金龙汽车,600686.SH,SH
股票,600688,上海石化,600688.SH,SH
股票,600689,上海三毛,600689.SH,SH
股票,600690,海尔智家,600690.SH,SH
股票,600691,潞化科技,600691.SH,SH
股票,600692,亚通股份,600692.SH,SH
股票,600693,东百集团,600693.SH,SH
股票,600694,大商股份,600694.SH,SH
股票,600696,*ST岩石,600696.SH,SH
股票,600697,欧亚集团,600697.SH,SH
股票,600698,湖南天雁,600698.SH,SH
股票,600699,均胜电子,600699.SH,SH
股票,600702,舍得酒业,600702.SH,SH
股票,600703,三安光电,600703.SH,SH
股票,600704,物产中大,600704.SH,SH
股票,600706,曲江文旅,600706.SH,SH
股票,600707,彩虹股份,600707.SH,SH
股票,600708,光明地产,600708.SH,SH
股票,600710,苏美达,600710.SH,SH
股票,600711,盛屯矿业,600711.SH,SH
股票,600712,南宁百货,600712.SH,SH
股票,600713,南京医药,600713.SH,SH
股票,600714,金瑞矿业,600714.SH,SH
股票,600715,文投控股,600715.SH,SH
股票,600716,凤凰股份,600716.SH,SH
股票,600717,天津港,600717.SH,SH
股票,600718,东软集团,600718.SH,SH
股票,600719,大连热电,600719.SH,SH
股票,600720,中交设计,600720.SH,SH
股票,600721,百花医药,600721.SH,SH
股票,600722,金牛化工,600722.SH,SH
股票,600724,宁波富达,600724.SH,SH
股票,600725,云维股份,600725.SH,SH
股票,600726,华电能源,600726.SH,SH
股票,600727,鲁北化工,600727.SH,SH
股票,600728,佳都科技,600728.SH,SH
股票,600729,重庆百货,600729.SH,SH
股票,600730,中国高科,600730.SH,SH
股票,600731,湖南海利,600731.SH,SH
股票,600732,爱旭股份,600732.SH,SH
股票,600733,北汽蓝谷,600733.SH,SH
股票,600734,实达集团,600734.SH,SH
股票,600735,ST新华锦,600735.SH,SH
股票,600736,苏州高新,600736.SH,SH
股票,600737,中粮糖业,600737.SH,SH
股票,600738,丽尚国潮,600738.SH,SH
股票,600739,辽宁成大,600739.SH,SH
股票,600740,山西焦化,600740.SH,SH
股票,600741,华域汽车,600741.SH,SH
股票,600742,富维股份,600742.SH,SH
股票,600743,华远控股,600743.SH,SH
股票,600744,华银电力,600744.SH,SH
股票,600745,闻泰科技,600745.SH,SH
股票,600746,江苏索普,600746.SH,SH
股票,600748,上实发展,600748.SH,SH
股票,600749,西藏旅游,600749.SH,SH
股票,600750,华润江中,600750.SH,SH
股票,600751,海航科技,600751.SH,SH
股票,600753,*ST海钦,600753.SH,SH
股票,600754,锦江酒店,600754.SH,SH
股票,600755,厦门国贸,600755.SH,SH
股票,600756,浪潮软件,600756.SH,SH
股票,600757,长江传媒,600757.SH,SH
股票,600758,辽宁能源,600758.SH,SH
股票,600759,洲际油气,600759.SH,SH
股票,600760,中航沈飞,600760.SH,SH
股票,600761,安徽合力,600761.SH,SH
股票,600763,通策医疗,600763.SH,SH
股票,600764,中国海防,600764.SH,SH
股票,600765,中航重机,600765.SH,SH
股票,600768,宁波富邦,600768.SH,SH
股票,600769,祥龙电业,600769.SH,SH
股票,600770,综艺股份,600770.SH,SH
股票,600771,广誉远,600771.SH,SH
股票,600773,西藏城投,600773.SH,SH
股票,600774,汉商集团,600774.SH,SH
股票,600775,南京熊猫,600775.SH,SH
股票,600776,东方通信,600776.SH,SH
股票,600777,*ST新潮,600777.SH,SH
股票,600778,友好集团,600778.SH,SH
股票,600779,水井坊,600779.SH,SH
股票,600780,通宝能源,600780.SH,SH
股票,600782,新钢股份,600782.SH,SH
股票,600783,鲁信创投,600783.SH,SH
股票,600784,鲁银投资,600784.SH,SH
股票,600785,新华百货,600785.SH,SH
股票,600787,中储股份,600787.SH,SH
股票,600789,鲁抗医药,600789.SH,SH
股票,600790,轻纺城,600790.SH,SH
股票,600791,京能置业,600791.SH,SH
股票,600792,云煤能源,600792.SH,SH
股票,600793,宜宾纸业,600793.SH,SH
股票,600794,保税科技,600794.SH,SH
股票,600795,国电电力,600795.SH,SH
股票,600796,钱江生化,600796.SH,SH
股票,600797,浙大网新,600797.SH,SH
股票,600798,宁波海运,600798.SH,SH
股票,600800,渤海化学,600800.SH,SH
股票,600801,华新建材,600801.SH,SH
股票,600802,福建水泥,600802.SH,SH
股票,600803,新奥股份,600803.SH,SH
股票,600805,悦达投资,600805.SH,SH
股票,600807,济高发展,600807.SH,SH
股票,600808,马钢股份,600808.SH,SH
股票,600809,山西汾酒,600809.SH,SH
股票,600810,神马股份,600810.SH,SH
股票,600812,华北制药,600812.SH,SH
股票,600814,杭州解百,600814.SH,SH
股票,600815,厦工股份,600815.SH,SH
股票,600816,建元信托,600816.SH,SH
股票,600817,宇通重工,600817.SH,SH
股票,600818,中路股份,600818.SH,SH
股票,600819,耀皮玻璃,600819.SH,SH
股票,600820,隧道股份,600820.SH,SH
股票,600821,金开新能,600821.SH,SH
股票,600822,上海物贸,600822.SH,SH
股票,600824,益民集团,600824.SH,SH
股票,600825,新华传媒,600825.SH,SH
股票,600826,兰生股份,600826.SH,SH
股票,600827,百联股份,600827.SH,SH
股票,600828,茂业商业,600828.SH,SH
股票,600829,人民同泰,600829.SH,SH
股票,600830,香溢融通,600830.SH,SH
股票,600831,广电网络,600831.SH,SH
股票,600833,第一医药,600833.SH,SH
股票,600834,申通地铁,600834.SH,SH
股票,600835,上海机电,600835.SH,SH
股票,600838,上海九百,600838.SH,SH
股票,600839,四川长虹,600839.SH,SH
股票,600841,动力新科,600841.SH,SH
股票,600843,上工申贝,600843.SH,SH
股票,600844,金煤科技,600844.SH,SH
股票,600845,宝信软件,600845.SH,SH
股票,600846,同济科技,600846.SH,SH
股票,600847,万里股份,600847.SH,SH
股票,600848,上海临港,600848.SH,SH
股票,600850,电科数字,600850.SH,SH
股票,600851,海欣股份,600851.SH,SH
股票,600853,龙建股份,600853.SH,SH
股票,600854,春兰股份,600854.SH,SH
股票,600855,航天长峰,600855.SH,SH
股票,600857,宁波中百,600857.SH,SH
股票,600858,银座股份,600858.SH,SH
股票,600859,王府井,600859.SH,SH
股票,600860,京城股份,600860.SH,SH
股票,600861,北京人力,600861.SH,SH
股票,600862,中航高科,600862.SH,SH
股票,600863,内蒙华电,600863.SH,SH
股票,600864,哈投股份,600864.SH,SH
股票,600865,百大集团,600865.SH,SH
股票,600866,星湖科技,600866.SH,SH
股票,600867,通化东宝,600867.SH,SH
股票,600868,梅雁吉祥,600868.SH,SH
股票,600869,远东股份,600869.SH,SH
股票,600871,石化油服,600871.SH,SH
股票,600872,中炬高新,600872.SH,SH
股票,600873,梅花生物,600873.SH,SH
股票,600874,创业环保,600874.SH,SH
股票,600875,东方电气,600875.SH,SH
股票,600876,凯盛新能,600876.SH,SH
股票,600877,电科芯片,600877.SH,SH
股票,600879,航天电子,600879.SH,SH
股票,600880,博瑞传播,600880.SH,SH
股票,600881,亚泰集团,600881.SH,SH
股票,600882,妙可蓝多,600882.SH,SH
股票,600883,博闻科技,600883.SH,SH
股票,600884,杉杉股份,600884.SH,SH
股票,600885,宏发股份,600885.SH,SH
股票,600886,国投电力,600886.SH,SH
股票,600887,伊利股份,600887.SH,SH
股票,600888,新疆众和,600888.SH,SH
股票,600889,南京化纤,600889.SH,SH
股票,600892,*ST大晟,600892.SH,SH
股票,600893,航发动力,600893.SH,SH
股票,600894,广日股份,600894.SH,SH
股票,600895,张江高科,600895.SH,SH
股票,600897,厦门空港,600897.SH,SH
股票,600900,长江电力,600900.SH,SH
股票,600901,江苏金租,600901.SH,SH
股票,600903,贵州燃气,600903.SH,SH
股票,600905,三峡能源,600905.SH,SH
股票,600906,财达证券,600906.SH,SH
股票,600908,无锡银行,600908.SH,SH
股票,600909,华安证券,600909.SH,SH
股票,600916,中国黄金,600916.SH,SH
股票,600917,重庆燃气,600917.SH,SH
股票,600918,中泰证券,600918.SH,SH
股票,600919,江苏银行,600919.SH,SH
股票,600925,苏能股份,600925.SH,SH
股票,600926,杭州银行,600926.SH,SH
股票,600927,永安期货,600927.SH,SH
股票,600928,西安银行,600928.SH,SH
股票,600929,雪天盐业,600929.SH,SH
股票,600930,华电新能,600930.SH,SH
股票,600933,爱柯迪,600933.SH,SH
股票,600935,华塑股份,600935.SH,SH
股票,600936,北投科技,600936.SH,SH
股票,600938,中国海油,600938.SH,SH
股票,600939,重庆建工,600939.SH,SH
股票,600941,中国移动,600941.SH,SH
股票,600955,维远股份,600955.SH,SH
股票,600956,新天绿能,600956.SH,SH
股票,600958,东方证券,600958.SH,SH
股票,600959,江苏有线,600959.SH,SH
股票,600960,渤海汽车,600960.SH,SH
股票,600961,株冶集团,600961.SH,SH
股票,600962,国投中鲁,600962.SH,SH
股票,600963,岳阳林纸,600963.SH,SH
股票,600965,福成股份,600965.SH,SH
股票,600966,博汇纸业,600966.SH,SH
股票,600967,内蒙一机,600967.SH,SH
股票,600968,海油发展,600968.SH,SH
股票,600969,郴电国际,600969.SH,SH
股票,600970,中材国际,600970.SH,SH
股票,600971,恒源煤电,600971.SH,SH
股票,600973,宝胜股份,600973.SH,SH
股票,600975,新五丰,600975.SH,SH
股票,600976,健民集团,600976.SH,SH
股票,600977,中国电影,600977.SH,SH
股票,600979,广安爱众,600979.SH,SH
股票,600980,北矿科技,600980.SH,SH
股票,600981,苏豪汇鸿,600981.SH,SH
股票,600982,宁波能源,600982.SH,SH
股票,600983,惠而浦,600983.SH,SH
股票,600984,建设机械,600984.SH,SH
股票,600985,淮北矿业,600985.SH,SH
股票,600986,浙文互联,600986.SH,SH
股票,600987,航民股份,600987.SH,SH
股票,600988,赤峰黄金,600988.SH,SH
股票,600989,宝丰能源,600989.SH,SH
股票,600990,四创电子,600990.SH,SH
股票,600992,贵绳股份,600992.SH,SH
股票,600993,马应龙,600993.SH,SH
股票,600995,南网储能,600995.SH,SH
股票,600996,贵广网络,600996.SH,SH
股票,600997,开滦股份,600997.SH,SH
股票,600998,九州通,600998.SH,SH
股票,600999,招商证券,600999.SH,SH
股票,601000,唐山港,601000.SH,SH
股票,601001,晋控煤业,601001.SH,SH
股票,601002,晋亿实业,601002.SH,SH
股票,601003,柳钢股份,601003.SH,SH
股票,601005,重庆钢铁,601005.SH,SH
股票,601006,大秦铁路,601006.SH,SH
股票,601007,金陵饭店,601007.SH,SH
股票,601008,连云港,601008.SH,SH
股票,601009,南京银行,601009.SH,SH
股票,601010,文峰股份,601010.SH,SH
股票,601011,宝泰隆,601011.SH,SH
股票,601012,隆基绿能,601012.SH,SH
股票,601015,陕西黑猫,601015.SH,SH
股票,601016,节能风电,601016.SH,SH
股票,601018,宁波港,601018.SH,SH
股票,601019,山东出版,601019.SH,SH
股票,601020,华钰矿业,601020.SH,SH
股票,601021,春秋航空,601021.SH,SH
股票,601022,宁波远洋,601022.SH,SH
股票,601026,道生天合,601026.SH,SH
股票,601033,永兴股份,601033.SH,SH
股票,601038,一拖股份,601038.SH,SH
股票,601058,赛轮轮胎,601058.SH,SH
股票,601059,信达证券,601059.SH,SH
股票,601061,中信金属,601061.SH,SH
股票,601065,江盐集团,601065.SH,SH
股票,601066,中信建投,601066.SH,SH
股票,601068,中铝国际,601068.SH,SH
股票,601069,西部黄金,601069.SH,SH
股票,601077,渝农商行,601077.SH,SH
股票,601083,锦江航运,601083.SH,SH
股票,601086,国芳集团,601086.SH,SH
股票,601088,中国神华,601088.SH,SH
股票,601089,福元医药,601089.SH,SH
股票,601096,宏盛华源,601096.SH,SH
股票,601098,中南传媒,601098.SH,SH
股票,601099,太平洋,601099.SH,SH
股票,601100,恒立液压,601100.SH,SH
股票,601101,昊华能源,601101.SH,SH
股票,601106,中国一重,601106.SH,SH
股票,601107,四川成渝,601107.SH,SH
股票,601108,财通证券,601108.SH,SH
股票,601111,中国国航,601111.SH,SH
股票,601112,振石股份,601112.SH,SH
股票,601113,华鼎股份,601113.SH,SH
股票,601116,三江购物,601116.SH,SH
股票,601117,中国化学,601117.SH,SH
股票,601118,海南橡胶,601118.SH,SH
股票,601121,宝地矿业,601121.SH,SH
股票,601126,四方股份,601126.SH,SH
股票,601127,赛力斯,601127.SH,SH
股票,601128,常熟银行,601128.SH,SH
股票,601133,柏诚股份,601133.SH,SH
股票,601136,首创证券,601136.SH,SH
股票,601137,博威合金,601137.SH,SH
股票,601138,工业富联,601138.SH,SH
股票,601139,深圳燃气,601139.SH,SH
股票,601155,新城控股,601155.SH,SH
股票,601156,东航物流,601156.SH,SH
股票,601158,重庆水务,601158.SH,SH
股票,601162,天风证券,601162.SH,SH
股票,601163,三角轮胎,601163.SH,SH
股票,601166,兴业银行,601166.SH,SH
股票,601168,西部矿业,601168.SH,SH
股票,601169,北京银行,601169.SH,SH
股票,601177,杭齿前进,601177.SH,SH
股票,601179,中国西电,601179.SH,SH
股票,601186,中国铁建,601186.SH,SH
股票,601187,厦门银行,601187.SH,SH
股票,601188,龙江交通,601188.SH,SH
股票,601198,东兴证券,601198.SH,SH
股票,601199,江南水务,601199.SH,SH
股票,601200,上海环境,601200.SH,SH
股票,601208,东材科技,601208.SH,SH
股票,601211,国泰海通,601211.SH,SH
股票,601212,白银有色,601212.SH,SH
股票,601216,君正集团,601216.SH,SH
股票,601218,吉鑫科技,601218.SH,SH
股票,601222,林洋能源,601222.SH,SH
股票,601225,陕西煤业,601225.SH,SH
股票,601226,华电科工,601226.SH,SH
股票,601228,广州港,601228.SH,SH
股票,601229,上海银行,601229.SH,SH
股票,601231,环旭电子,601231.SH,SH
股票,601233,桐昆股份,601233.SH,SH
股票,601236,红塔证券,601236.SH,SH
股票,601238,广汽集团,601238.SH,SH
股票,601279,英利汽车,601279.SH,SH
股票,601288,农业银行,601288.SH,SH
股票,601298,青岛港,601298.SH,SH
股票,601311,骆驼股份,601311.SH,SH
股票,601318,中国平安,601318.SH,SH
股票,601319,中国人保,601319.SH,SH
股票,601326,秦港股份,601326.SH,SH
股票,601328,交通银行,601328.SH,SH
股票,601330,绿色动力,601330.SH,SH
股票,601333,广深铁路,601333.SH,SH
股票,601336,新华保险,601336.SH,SH
股票,601339,百隆东方,601339.SH,SH
股票,601360,三六零,601360.SH,SH
股票,601366,利群股份,601366.SH,SH
股票,601368,绿城水务,601368.SH,SH
股票,601369,陕鼓动力,601369.SH,SH
股票,601375,中原证券,601375.SH,SH
股票,601377,兴业证券,601377.SH,SH
股票,601388,怡球资源,601388.SH,SH
股票,601390,中国中铁,601390.SH,SH
股票,601398,工商银行,601398.SH,SH
股票,601399,国机重装,601399.SH,SH
股票,601456,国联民生,601456.SH,SH
股票,601500,通用股份,601500.SH,SH
股票,601512,中新集团,601512.SH,SH
股票,601515,衢州东峰,601515.SH,SH
股票,601518,吉林高速,601518.SH,SH
股票,601519,大智慧,601519.SH,SH
股票,601528,瑞丰银行,601528.SH,SH
股票,601555,东吴证券,601555.SH,SH
股票,601566,九牧王,601566.SH,SH
股票,601567,三星医疗,601567.SH,SH
股票,601568,北元集团,601568.SH,SH
股票,601577,长沙银行,601577.SH,SH
股票,601579,会稽山,601579.SH,SH
股票,601588,北辰实业,601588.SH,SH
股票,601595,上海电影,601595.SH,SH
股票,601598,中国外运,601598.SH,SH
股票,601599,浙文影业,601599.SH,SH
股票,601600,中国铝业,601600.SH,SH
股票,601601,中国太保,601601.SH,SH
股票,601606,长城军工,601606.SH,SH
股票,601607,上海医药,601607.SH,SH
股票,601608,中信重工,601608.SH,SH
股票,601609,金田股份,601609.SH,SH
股票,601611,中国核建,601611.SH,SH
股票,601615,明阳智能,601615.SH,SH
股票,601616,广电电气,601616.SH,SH
股票,601618,中国中冶,601618.SH,SH
股票,601619,嘉泽新能,601619.SH,SH
股票,601628,中国人寿,601628.SH,SH
股票,601633,长城汽车,601633.SH,SH
股票,601636,旗滨集团,601636.SH,SH
股票,601658,邮储银行,601658.SH,SH
股票,601665,齐鲁银行,601665.SH,SH
股票,601666,平煤股份,601666.SH,SH
股票,601668,中国建筑,601668.SH,SH
股票,601669,中国电建,601669.SH,SH
股票,601677,明泰铝业,601677.SH,SH
股票,601678,滨化股份,601678.SH,SH
股票,601686,友发集团,601686.SH,SH
股票,601688,华泰证券,601688.SH,SH
股票,601689,拓普集团,601689.SH,SH
股票,601696,中银证券,601696.SH,SH
股票,601698,中国卫通,601698.SH,SH
股票,601699,潞安环能,601699.SH,SH
股票,601700,风范股份,601700.SH,SH
股票,601702,华峰铝业,601702.SH,SH
股票,601717,中创智领,601717.SH,SH
股票,601718,际华集团,601718.SH,SH
股票,601727,上海电气,601727.SH,SH
股票,601728,中国电信,601728.SH,SH
股票,601766,中国中车,601766.SH,SH
股票,601777,千里科技,601777.SH,SH
股票,601778,晶科科技,601778.SH,SH
股票,601788,光大证券,601788.SH,SH
股票,601789,宁波建工,601789.SH,SH
股票,601798,蓝科高新,601798.SH,SH
股票,601799,星宇股份,601799.SH,SH
股票,601800,中国交建,601800.SH,SH
股票,601801,皖新传媒,601801.SH,SH
股票,601808,中海油服,601808.SH,SH
股票,601811,新华文轩,601811.SH,SH
股票,601816,京沪高铁,601816.SH,SH
股票,601818,光大银行,601818.SH,SH
股票,601825,沪农商行,601825.SH,SH
股票,601827,三峰环境,601827.SH,SH
股票,601828,美凯龙,601828.SH,SH
股票,601838,成都银行,601838.SH,SH
股票,601857,中国石油,601857.SH,SH
股票,601858,中国科传,601858.SH,SH
股票,601860,紫金银行,601860.SH,SH
股票,601865,福莱特,601865.SH,SH
股票,601866,中远海发,601866.SH,SH
股票,601868,中国能建,601868.SH,SH
股票,601869,长飞光纤,601869.SH,SH
股票,601872,招商轮船,601872.SH,SH
股票,601877,正泰电器,601877.SH,SH
股票,601878,浙商证券,601878.SH,SH
股票,601880,辽港股份,601880.SH,SH
股票,601881,中国银河,601881.SH,SH
股票,601882,海天精工,601882.SH,SH
股票,601886,江河集团,601886.SH,SH
股票,601888,中国中免,601888.SH,SH
股票,601890,亚星锚链,601890.SH,SH
股票,601898,中煤能源,601898.SH,SH
股票,601899,紫金矿业,601899.SH,SH
股票,601900,南方传媒,601900.SH,SH
股票,601901,方正证券,601901.SH,SH
股票,601908,京运通,601908.SH,SH
股票,601916,浙商银行,601916.SH,SH
股票,601918,新集能源,601918.SH,SH
股票,601919,中远海控,601919.SH,SH
股票,601921,浙版传媒,601921.SH,SH
股票,601928,凤凰传媒,601928.SH,SH
股票,601929,吉视传媒,601929.SH,SH
股票,601933,永辉超市,601933.SH,SH
股票,601939,建设银行,601939.SH,SH
股票,601949,中国出版,601949.SH,SH
股票,601952,苏垦农发,601952.SH,SH
股票,601956,东贝集团,601956.SH,SH
股票,601958,金钼股份,601958.SH,SH
股票,601963,重庆银行,601963.SH,SH
股票,601965,中国汽研,601965.SH,SH
股票,601966,玲珑轮胎,601966.SH,SH
股票,601968,宝钢包装,601968.SH,SH
股票,601969,海南矿业,601969.SH,SH
股票,601975,招商南油,601975.SH,SH
股票,601985,中国核电,601985.SH,SH
股票,601988,中国银行,601988.SH,SH
股票,601990,南京证券,601990.SH,SH
股票,601991,大唐发电,601991.SH,SH
股票,601992,金隅集团,601992.SH,SH
股票,601995,中金公司,601995.SH,SH
股票,601996,丰林集团,601996.SH,SH
股票,601997,贵阳银行,601997.SH,SH
股票,601998,中信银行,601998.SH,SH
股票,601999,出版传媒,601999.SH,SH
股票,603000,人民网,603000.SH,SH
股票,603001,奥康国际,603001.SH,SH
股票,603002,宏昌电子,603002.SH,SH
股票,603004,鼎龙科技,603004.SH,SH
股票,603005,晶方科技,603005.SH,SH
股票,603006,联明股份,603006.SH,SH
股票,603007,*ST花王,603007.SH,SH
股票,603008,喜临门,603008.SH,SH
股票,603009,北特科技,603009.SH,SH
股票,603010,万盛股份,603010.SH,SH
股票,603011,合锻智能,603011.SH,SH
股票,603012,创力集团,603012.SH,SH
股票,603013,亚普股份,603013.SH,SH
股票,603014,威高血净,603014.SH,SH
股票,603015,弘讯科技,603015.SH,SH
股票,603016,新宏泰,603016.SH,SH
股票,603017,中衡设计,603017.SH,SH
股票,603018,华设集团,603018.SH,SH
股票,603019,中科曙光,603019.SH,SH
股票,603020,爱普股份,603020.SH,SH
股票,603021,ST华鹏,603021.SH,SH
股票,603022,新通联,603022.SH,SH
股票,603023,威帝股份,603023.SH,SH
股票,603025,大豪科技,603025.SH,SH
股票,603026,石大胜华,603026.SH,SH
股票,603027,千禾味业,603027.SH,SH
股票,603028,赛福天,603028.SH,SH
股票,603029,天鹅股份,603029.SH,SH
股票,603030,全筑股份,603030.SH,SH
股票,603031,安孚科技,603031.SH,SH
股票,603032,德新科技,603032.SH,SH
股票,603033,三维股份,603033.SH,SH
股票,603035,常熟汽饰,603035.SH,SH
股票,603036,如通股份,603036.SH,SH
股票,603037,凯众股份,603037.SH,SH
股票,603038,华立股份,603038.SH,SH
股票,603039,泛微网络,603039.SH,SH
股票,603040,新坐标,603040.SH,SH
股票,603041,美思德,603041.SH,SH
股票,603042,华脉科技,603042.SH,SH
股票,603043,广州酒家,603043.SH,SH
股票,603045,福达合金,603045.SH,SH
股票,603048,XD浙江黎,603048.SH,SH
股票,603049,中策橡胶,603049.SH,SH
股票,603050,科林电气,603050.SH,SH
股票,603051,鹿山新材,603051.SH,SH
股票,603052,可川科技,603052.SH,SH
股票,603053,成都燃气,603053.SH,SH
股票,603055,台华新材,603055.SH,SH
股票,603056,德邦股份,603056.SH,SH
股票,603057,紫燕食品,603057.SH,SH
股票,603058,永吉股份,603058.SH,SH
股票,603059,倍加洁,603059.SH,SH
股票,603060,国检集团,603060.SH,SH
股票,603061,金海通,603061.SH,SH
股票,603062,麦加芯彩,603062.SH,SH
股票,603063,禾望电气,603063.SH,SH
股票,603065,宿迁联盛,603065.SH,SH
股票,603066,音飞储存,603066.SH,SH
股票,603067,振华股份,603067.SH,SH
股票,603068,博通集成,603068.SH,SH
股票,603069,海汽集团,603069.SH,SH
股票,603070,万控智造,603070.SH,SH
股票,603071,物产环能,603071.SH,SH
股票,603072,天和磁材,603072.SH,SH
股票,603073,彩蝶实业,603073.SH,SH
股票,603075,热威股份,603075.SH,SH
股票,603076,乐惠国际,603076.SH,SH
股票,603077,和邦生物,603077.SH,SH
股票,603078,江化微,603078.SH,SH
股票,603079,圣达生物,603079.SH,SH
股票,603080,新疆火炬,603080.SH,SH
股票,603081,大丰实业,603081.SH,SH
股票,603082,北自科技,603082.SH,SH
股票,603083,剑桥科技,603083.SH,SH
股票,603085,天成自控,603085.SH,SH
股票,603086,先达股份,603086.SH,SH
股票,603087,甘李药业,603087.SH,SH
股票,603088,宁波精达,603088.SH,SH
股票,603089,正裕工业,603089.SH,SH
股票,603090,宏盛股份,603090.SH,SH
股票,603091,众鑫股份,603091.SH,SH
股票,603092,德力佳,603092.SH,SH
股票,603093,南华期货,603093.SH,SH
股票,603095,越剑智能,603095.SH,SH
股票,603096,新经典,603096.SH,SH
股票,603097,江苏华辰,603097.SH,SH
股票,603098,森特股份,603098.SH,SH
股票,603099,长白山,603099.SH,SH
股票,603100,川仪股份,603100.SH,SH
股票,603101,汇嘉时代,603101.SH,SH
股票,603102,百合股份,603102.SH,SH
股票,603103,横店影视,603103.SH,SH
股票,603105,芯能科技,603105.SH,SH
股票,603106,恒银科技,603106.SH,SH
股票,603107,上海汽配,603107.SH,SH
股票,603108,润达医疗,603108.SH,SH
股票,603109,神驰机电,603109.SH,SH
股票,603110,东方材料,603110.SH,SH
股票,603111,康尼机电,603111.SH,SH
股票,603112,华翔股份,603112.SH,SH
股票,603113,金能科技,603113.SH,SH
股票,603115,海星股份,603115.SH,SH
股票,603116,红蜻蜓,603116.SH,SH
股票,603117,万林物流,603117.SH,SH
股票,603118,共进股份,603118.SH,SH
股票,603119,浙江荣泰,603119.SH,SH
股票,603120,肯特催化,603120.SH,SH
股票,603121,华培动力,603121.SH,SH
股票,603122,合富中国,603122.SH,SH
股票,603123,翠微股份,603123.SH,SH
股票,603124,江南新材,603124.SH,SH
股票,603125,常青科技,603125.SH,SH
股票,603126,中材节能,603126.SH,SH
股票,603127,昭衍新药,603127.SH,SH
股票,603128,华贸物流,603128.SH,SH
股票,603129,春风动力,603129.SH,SH
股票,603130,云中马,603130.SH,SH
股票,603131,上海沪工,603131.SH,SH
股票,603132,金徽股份,603132.SH,SH
股票,603135,中重科技,603135.SH,SH
股票,603136,天目湖,603136.SH,SH
股票,603137,恒尚节能,603137.SH,SH
股票,603138,海量数据,603138.SH,SH
股票,603139,康惠股份,603139.SH,SH
股票,603150,万朗磁塑,603150.SH,SH
股票,603151,邦基科技,603151.SH,SH
股票,603153,上海建科,603153.SH,SH
股票,603155,新亚强,603155.SH,SH
股票,603156,养元饮品,603156.SH,SH
股票,603158,腾龙股份,603158.SH,SH
股票,603159,上海亚虹,603159.SH,SH
股票,603160,汇顶科技,603160.SH,SH
股票,603161,科华控股,603161.SH,SH
股票,603162,海通发展,603162.SH,SH
股票,603163,圣晖集成,603163.SH,SH
股票,603165,荣晟环保,603165.SH,SH
股票,603166,福达股份,603166.SH,SH
股票,603167,渤海轮渡,603167.SH,SH
股票,603168,莎普爱思,603168.SH,SH
股票,603169,兰石重装,603169.SH,SH
股票,603170,宝立食品,603170.SH,SH
股票,603171,税友股份,603171.SH,SH
股票,603172,万丰股份,603172.SH,SH
股票,603173,福斯达,603173.SH,SH
股票,603175,超颖电子,603175.SH,SH
股票,603176,汇通集团,603176.SH,SH
股票,603177,德创环保,603177.SH,SH
股票,603178,圣龙股份,603178.SH,SH
股票,603179,新泉股份,603179.SH,SH
股票,603180,金牌家居,603180.SH,SH
股票,603181,皇马科技,603181.SH,SH
股票,603182,嘉华股份,603182.SH,SH
股票,603183,建研院,603183.SH,SH
股票,603185,弘元绿能,603185.SH,SH
股票,603186,华正新材,603186.SH,SH
股票,603187,海容冷链,603187.SH,SH
股票,603188,亚邦股份,603188.SH,SH
股票,603189,网达软件,603189.SH,SH
股票,603190,亚通精工,603190.SH,SH
股票,603191,望变电气,603191.SH,SH
股票,603192,汇得科技,603192.SH,SH
股票,603193,润本股份,603193.SH,SH
股票,603194,中力股份,603194.SH,SH
股票,603195,公牛集团,603195.SH,SH
股票,603196,日播时尚,603196.SH,SH
股票,603197,保隆科技,603197.SH,SH
股票,603198,迎驾贡酒,603198.SH,SH
股票,603199,九华旅游,603199.SH,SH
股票,603200,上海洗霸,603200.SH,SH
股票,603201,常润股份,603201.SH,SH
股票,603202,天有为,603202.SH,SH
股票,603203,快克智能,603203.SH,SH
股票,603205,健尔康,603205.SH,SH
股票,603206,嘉环科技,603206.SH,SH
股票,603207,小方制药,603207.SH,SH
股票,603208,江山欧派,603208.SH,SH
股票,603209,兴通股份,603209.SH,SH
股票,603210,泰鸿万立,603210.SH,SH
股票,603211,晋拓股份,603211.SH,SH
股票,603212,赛伍技术,603212.SH,SH
股票,603213,镇洋发展,603213.SH,SH
股票,603214,爱婴室,603214.SH,SH
股票,603215,比依股份,603215.SH,SH
股票,603216,梦天家居,603216.SH,SH
股票,603217,元利科技,603217.SH,SH
股票,603218,日月股份,603218.SH,SH
股票,603219,富佳股份,603219.SH,SH
股票,603220,中贝通信,603220.SH,SH
股票,603221,爱丽家居,603221.SH,SH
股票,603222,济民健康,603222.SH,SH
股票,603223,恒通股份,603223.SH,SH
股票,603225,新凤鸣,603225.SH,SH
股票,603226,菲林格尔,603226.SH,SH
股票,603227,雪峰科技,603227.SH,SH
股票,603228,景旺电子,603228.SH,SH
股票,603229,奥翔药业,603229.SH,SH
股票,603230,内蒙新华,603230.SH,SH
股票,603231,索宝蛋白,603231.SH,SH
股票,603232,格尔软件,603232.SH,SH
股票,603233,大参林,603233.SH,SH
股票,603235,天新药业,603235.SH,SH
股票,603236,移远通信,603236.SH,SH
股票,603237,五芳斋,603237.SH,SH
股票,603238,诺邦股份,603238.SH,SH
股票,603239,浙江仙通,603239.SH,SH
股票,603248,锡华科技,603248.SH,SH
股票,603255,鼎际得,603255.SH,SH
股票,603256,宏和科技,603256.SH,SH
股票,603257,中国瑞林,603257.SH,SH
股票,603258,电魂网络,603258.SH,SH
股票,603259,药明康德,603259.SH,SH
股票,603260,合盛硅业,603260.SH,SH
股票,603261,*ST立航,603261.SH,SH
股票,603262,技源集团,603262.SH,SH
股票,603266,天龙股份,603266.SH,SH
股票,603267,鸿远电子,603267.SH,SH
股票,603268,*ST松发,603268.SH,SH
股票,603269,海鸥股份,603269.SH,SH
股票,603270,金帝股份,603270.SH,SH
股票,603271,永杰新材,603271.SH,SH
股票,603272,联翔股份,603272.SH,SH
股票,603273,天元智能,603273.SH,SH
股票,603275,众辰科技,603275.SH,SH
股票,603276,恒兴新材,603276.SH,SH
股票,603277,银都股份,603277.SH,SH
股票,603278,大业股份,603278.SH,SH
股票,603279,景津装备,603279.SH,SH
股票,603280,南方路机,603280.SH,SH
股票,603281,江瀚新材,603281.SH,SH
股票,603282,亚光股份,603282.SH,SH
股票,603283,赛腾股份,603283.SH,SH
股票,603284,林平发展,603284.SH,SH
股票,603285,键邦股份,603285.SH,SH
股票,603286,日盈电子,603286.SH,SH
股票,603288,海天味业,603288.SH,SH
股票,603289,泰瑞机器,603289.SH,SH
股票,603290,斯达半导,603290.SH,SH
股票,603291,联合水务,603291.SH,SH
股票,603296,华勤技术,603296.SH,SH
股票,603297,永新光学,603297.SH,SH
股票,603298,杭叉集团,603298.SH,SH
股票,603299,苏盐井神,603299.SH,SH
股票,603300,海南华铁,603300.SH,SH
股票,603301,振德医疗,603301.SH,SH
股票,603303,得邦照明,603303.SH,SH
股票,603305,旭升集团,603305.SH,SH
股票,603306,华懋科技,603306.SH,SH
股票,603307,扬州金泉,603307.SH,SH
股票,603308,应流股份,603308.SH,SH
股票,603309,维力医疗,603309.SH,SH
股票,603310,巍华新材,603310.SH,SH
股票,603311,金海高科,603311.SH,SH
股票,603312,西典新能,603312.SH,SH
股票,603313,梦百合,603313.SH,SH
股票,603315,福鞍股份,603315.SH,SH
股票,603316,诚邦股份,603316.SH,SH
股票,603317,天味食品,603317.SH,SH
股票,603318,水发燃气,603318.SH,SH
股票,603319,美湖股份,603319.SH,SH
股票,603320,迪贝电气,603320.SH,SH
股票,603321,梅轮电梯,603321.SH,SH
股票,603322,超讯通信,603322.SH,SH
股票,603323,苏农银行,603323.SH,SH
股票,603324,盛剑科技,603324.SH,SH
股票,603325,博隆技术,603325.SH,SH
股票,603326,我乐家居,603326.SH,SH
股票,603327,福蓉科技,603327.SH,SH
股票,603328,依顿电子,603328.SH,SH
股票,603329,上海雅仕,603329.SH,SH
股票,603330,天洋新材,603330.SH,SH
股票,603331,百达精工,603331.SH,SH
股票,603332,苏州龙杰,603332.SH,SH
股票,603333,尚纬股份,603333.SH,SH
股票,603334,丰倍生物,603334.SH,SH
股票,603335,迪生力,603335.SH,SH
股票,603336,宏辉果蔬,603336.SH,SH
股票,603337,杰克科技,603337.SH,SH
股票,603338,浙江鼎力,603338.SH,SH
股票,603339,四方科技,603339.SH,SH
股票,603341,龙旗科技,603341.SH,SH
股票,603344,星德胜,603344.SH,SH
股票,603345,安井食品,603345.SH,SH
股票,603348,文灿股份,603348.SH,SH
股票,603350,安乃达,603350.SH,SH
股票,603351,威尔药业,603351.SH,SH
股票,603352,至信股份,603352.SH,SH
股票,603353,和顺石油,603353.SH,SH
股票,603355,莱克电气,603355.SH,SH
股票,603356,华菱精工,603356.SH,SH
股票,603357,设计总院,603357.SH,SH
股票,603358,华达科技,603358.SH,SH
股票,603359,东珠生态,603359.SH,SH
股票,603360,百傲化学,603360.SH,SH
股票,603363,傲农生物,603363.SH,SH
股票,603365,水星家纺,603365.SH,SH
股票,603366,日出东方,603366.SH,SH
股票,603367,辰欣药业,603367.SH,SH
股票,603368,柳药集团,603368.SH,SH
股票,603369,今世缘,603369.SH,SH
股票,603370,华新精科,603370.SH,SH
股票,603373,安邦护卫,603373.SH,SH
股票,603375,盛景微,603375.SH,SH
股票,603376,大明电子,603376.SH,SH
股票,603377,ST东时,603377.SH,SH
股票,603378,亚士创能,603378.SH,SH
股票,603379,三美股份,603379.SH,SH
股票,603380,易德龙,603380.SH,SH
股票,603381,永臻股份,603381.SH,SH
股票,603382,海阳科技,603382.SH,SH
股票,603383,顶点软件,603383.SH,SH
股票,603385,惠达卫浴,603385.SH,SH
股票,603386,骏亚科技,603386.SH,SH
股票,603387,基蛋生物,603387.SH,SH
股票,603389,*ST亚振,603389.SH,SH
股票,603390,通达电气,603390.SH,SH
股票,603391,力聚热能,603391.SH,SH
股票,603392,万泰生物,603392.SH,SH
股票,603393,新天然气,603393.SH,SH
股票,603395,红四方,603395.SH,SH
股票,603396,金辰股份,603396.SH,SH
股票,603398,*ST沐邦,603398.SH,SH
股票,603399,永杉锂业,603399.SH,SH
股票,603400,华之杰,603400.SH,SH
股票,603402,陕西旅游,603402.SH,SH
股票,603406,天富龙,603406.SH,SH
股票,603408,建霖家居,603408.SH,SH
股票,603409,汇通控股,603409.SH,SH
股票,603416,信捷电气,603416.SH,SH
股票,603418,友升股份,603418.SH,SH
股票,603421,鼎信通讯,603421.SH,SH
股票,603429,集友股份,603429.SH,SH
股票,603439,三力制药,603439.SH,SH
股票,603444,吉比特,603444.SH,SH
股票,603456,九洲药业,603456.SH,SH
股票,603458,勘设股份,603458.SH,SH
股票,603466,风语筑,603466.SH,SH
股票,603477,巨星农牧,603477.SH,SH
股票,603486,科沃斯,603486.SH,SH
股票,603488,展鹏科技,603488.SH,SH
股票,603489,八方股份,603489.SH,SH
股票,603496,恒为科技,603496.SH,SH
股票,603499,翔港科技,603499.SH,SH
股票,603500,祥和实业,603500.SH,SH
股票,603501,豪威集团,603501.SH,SH
股票,603505,金石资源,603505.SH,SH
股票,603506,南都物业,603506.SH,SH
股票,603507,振江股份,603507.SH,SH
股票,603508,思维列控,603508.SH,SH
股票,603511,爱慕股份,603511.SH,SH
股票,603515,欧普照明,603515.SH,SH
股票,603516,淳中科技,603516.SH,SH
股票,603517,ST绝味,603517.SH,SH
股票,603518,锦泓集团,603518.SH,SH
股票,603519,立霸股份,603519.SH,SH
股票,603520,司太立,603520.SH,SH
股票,603527,众源新材,603527.SH,SH
股票,603528,多伦科技,603528.SH,SH
股票,603529,爱玛科技,603529.SH,SH
股票,603530,神马电力,603530.SH,SH
股票,603533,掌阅科技,603533.SH,SH
股票,603535,嘉诚国际,603535.SH,SH
股票,603536,惠发食品,603536.SH,SH
股票,603538,美诺华,603538.SH,SH
股票,603551,奥普科技,603551.SH,SH
股票,603556,海兴电力,603556.SH,SH
股票,603557,ST起步,603557.SH,SH
股票,603558,健盛集团,603558.SH,SH
股票,603559,ST通脉,603559.SH,SH
股票,603565,中谷物流,603565.SH,SH
股票,603566,普莱柯,603566.SH,SH
股票,603567,珍宝岛,603567.SH,SH
股票,603568,伟明环保,603568.SH,SH
股票,603569,长久物流,603569.SH,SH
股票,603577,汇金通,603577.SH,SH
股票,603578,三星新材,603578.SH,SH
股票,603579,荣泰健康,603579.SH,SH
股票,603580,*ST艾艾,603580.SH,SH
股票,603583,捷昌驱动,603583.SH,SH
股票,603585,苏利股份,603585.SH,SH
股票,603586,金麒麟,603586.SH,SH
股票,603587,地素时尚,603587.SH,SH
股票,603588,高能环境,603588.SH,SH
股票,603589,口子窖,603589.SH,SH
股票,603590,康辰药业,603590.SH,SH
股票,603595,ST东尼,603595.SH,SH
股票,603596,伯特利,603596.SH,SH
股票,603598,引力传媒,603598.SH,SH
股票,603599,广信股份,603599.SH,SH
股票,603600,永艺股份,603600.SH,SH
股票,603601,再升科技,603601.SH,SH
股票,603602,纵横通信,603602.SH,SH
股票,603605,珀莱雅,603605.SH,SH
股票,603606,东方电缆,603606.SH,SH
股票,603607,京华激光,603607.SH,SH
股票,603608,天创时尚,603608.SH,SH
股票,603609,禾丰股份,603609.SH,SH
股票,603610,麒盛科技,603610.SH,SH
股票,603611,诺力股份,603611.SH,SH
股票,603612,索通发展,603612.SH,SH
股票,603613,国联股份,603613.SH,SH
股票,603615,茶花股份,603615.SH,SH
股票,603616,韩建河山,603616.SH,SH
股票,603617,君禾股份,603617.SH,SH
股票,603618,杭电股份,603618.SH,SH
股票,603619,中曼石油,603619.SH,SH
股票,603626,科森科技,603626.SH,SH
股票,603628,清源股份,603628.SH,SH
股票,603629,利通电子,603629.SH,SH
股票,603630,拉芳家化,603630.SH,SH
股票,603633,徕木股份,603633.SH,SH
股票,603636,南威软件,603636.SH,SH
股票,603637,镇海股份,603637.SH,SH
股票,603638,艾迪精密,603638.SH,SH
股票,603639,海利尔,603639.SH,SH
股票,603648,畅联股份,603648.SH,SH
股票,603650,彤程新材,603650.SH,SH
股票,603655,朗博科技,603655.SH,SH
股票,603656,泰禾智能,603656.SH,SH
股票,603657,春光科技,603657.SH,SH
股票,603658,安图生物,603658.SH,SH
股票,603659,璞泰来,603659.SH,SH
股票,603660,苏州科达,603660.SH,SH
股票,603661,恒林股份,603661.SH,SH
股票,603662,柯力传感,603662.SH,SH
股票,603663,三祥新材,603663.SH,SH
股票,603665,康隆达,603665.SH,SH
股票,603666,亿嘉和,603666.SH,SH
股票,603667,五洲新春,603667.SH,SH
股票,603668,天马科技,603668.SH,SH
股票,603669,灵康药业,603669.SH,SH
股票,603676,卫信康,603676.SH,SH
股票,603677,奇精机械,603677.SH,SH
股票,603678,火炬电子,603678.SH,SH
股票,603679,华体科技,603679.SH,SH
股票,603680,今创集团,603680.SH,SH
股票,603681,永冠新材,603681.SH,SH
股票,603682,锦和商管,603682.SH,SH
股票,603683,晶华新材,603683.SH,SH
股票,603685,晨丰科技,603685.SH,SH
股票,603686,福龙马,603686.SH,SH
股票,603687,大胜达,603687.SH,SH
股票,603688,石英股份,603688.SH,SH
股票,603689,皖天然气,603689.SH,SH
股票,603690,至纯科技,603690.SH,SH
股票,603693,江苏新能,603693.SH,SH
股票,603696,安记食品,603696.SH,SH
股票,603697,有友食品,603697.SH,SH
股票,603698,航天工程,603698.SH,SH
股票,603699,纽威股份,603699.SH,SH
股票,603700,宁水集团,603700.SH,SH
股票,603701,德宏股份,603701.SH,SH
股票,603703,盛洋科技,603703.SH,SH
股票,603706,东方环宇,603706.SH,SH
股票,603707,健友股份,603707.SH,SH
股票,603708,家家悦,603708.SH,SH
股票,603709,中源家居,603709.SH,SH
股票,603711,香飘飘,603711.SH,SH
股票,603712,七一二,603712.SH,SH
股票,603713,密尔克卫,603713.SH,SH
股票,603716,塞力医疗,603716.SH,SH
股票,603717,天域生物,603717.SH,SH
股票,603718,海利生物,603718.SH,SH
股票,603719,良品铺子,603719.SH,SH
股票,603721,*ST天择,603721.SH,SH
股票,603722,阿科力,603722.SH,SH
股票,603725,天安新材,603725.SH,SH
股票,603726,朗迪集团,603726.SH,SH
股票,603727,博迈科,603727.SH,SH
股票,603728,鸣志电器,603728.SH,SH
股票,603729,龙韵股份,603729.SH,SH
股票,603730,岱美股份,603730.SH,SH
股票,603733,仙鹤股份,603733.SH,SH
股票,603737,三棵树,603737.SH,SH
股票,603738,泰晶科技,603738.SH,SH
股票,603739,蔚蓝生物,603739.SH,SH
股票,603755,日辰股份,603755.SH,SH
股票,603757,大元泵业,603757.SH,SH
股票,603758,秦安股份,603758.SH,SH
股票,603759,海天股份,603759.SH,SH
股票,603766,隆鑫通用,603766.SH,SH
股票,603767,中马传动,603767.SH,SH
股票,603768,常青股份,603768.SH,SH
股票,603773,沃格光电,603773.SH,SH
股票,603776,永安行,603776.SH,SH
股票,603777,来伊份,603777.SH,SH
股票,603778,国晟科技,603778.SH,SH
股票,603779,威龙股份,603779.SH,SH
股票,603786,科博达,603786.SH,SH
股票,603787,新日股份,603787.SH,SH
股票,603788,宁波高发,603788.SH,SH
股票,603789,*ST星农,603789.SH,SH
股票,603790,雅运股份,603790.SH,SH
股票,603797,联泰环保,603797.SH,SH
股票,603798,康普顿,603798.SH,SH
股票,603799,华友钴业,603799.SH,SH
股票,603800,洪田股份,603800.SH,SH
股票,603801,志邦家居,603801.SH,SH
股票,603803,瑞斯康达,603803.SH,SH
股票,603806,福斯特,603806.SH,SH
股票,603808,歌力思,603808.SH,SH
股票,603809,豪能股份,603809.SH,SH
股票,603810,丰山集团,603810.SH,SH
股票,603811,诚意药业,603811.SH,SH
股票,603813,*ST原尚,603813.SH,SH
股票,603815,交建股份,603815.SH,SH
股票,603816,顾家家居,603816.SH,SH
股票,603817,海峡环保,603817.SH,SH
股票,603818,曲美家居,603818.SH,SH
股票,603819,神力股份,603819.SH,SH
股票,603822,ST嘉澳,603822.SH,SH
股票,603823,百合花,603823.SH,SH
股票,603825,ST华扬,603825.SH,SH
股票,603826,坤彩科技,603826.SH,SH
股票,603828,ST柯利达,603828.SH,SH
股票,603829,洛凯股份,603829.SH,SH
股票,603833,欧派家居,603833.SH,SH
股票,603836,海程邦达,603836.SH,SH
股票,603838,*ST四通,603838.SH,SH
股票,603839,安正时尚,603839.SH,SH
股票,603843,*ST正平,603843.SH,SH
股票,603848,好太太,603848.SH,SH
股票,603855,华荣股份,603855.SH,SH
股票,603856,东宏股份,603856.SH,SH
股票,603858,步长制药,603858.SH,SH
股票,603859,能科科技,603859.SH,SH
股票,603860,中公高科,603860.SH,SH
股票,603861,白云电器,603861.SH,SH
股票,603863,松炀资源,603863.SH,SH
股票,603866,桃李面包,603866.SH,SH
股票,603867,新化股份,603867.SH,SH
股票,603868,飞科电器,603868.SH,SH
股票,603869,ST智知,603869.SH,SH
股票,603871,嘉友国际,603871.SH,SH
股票,603876,鼎胜新材,603876.SH,SH
股票,603877,太平鸟,603877.SH,SH
股票,603878,武进不锈,603878.SH,SH
股票,603879,永悦科技,603879.SH,SH
股票,603880,南卫股份,603880.SH,SH
股票,603881,数据港,603881.SH,SH
股票,603882,金域医学,603882.SH,SH
股票,603883,老百姓,603883.SH,SH
股票,603885,吉祥航空,603885.SH,SH
股票,603886,元祖股份,603886.SH,SH
股票,603887,城地香江,603887.SH,SH
股票,603888,新华网,603888.SH,SH
股票,603889,新澳股份,603889.SH,SH
股票,603890,春秋电子,603890.SH,SH
股票,603893,瑞芯微,603893.SH,SH
股票,603895,天永智能,603895.SH,SH
股票,603896,寿仙谷,603896.SH,SH
股票,603897,长城科技,603897.SH,SH
股票,603898,好莱客,603898.SH,SH
股票,603899,晨光股份,603899.SH,SH
股票,603900,莱绅通灵,603900.SH,SH
股票,603901,永创智能,603901.SH,SH
股票,603903,中持股份,603903.SH,SH
股票,603906,龙蟠科技,603906.SH,SH
股票,603908,牧高笛,603908.SH,SH
股票,603909,建发合诚,603909.SH,SH
股票,603912,佳力图,603912.SH,SH
股票,603915,国茂股份,603915.SH,SH
股票,603916,苏博特,603916.SH,SH
股票,603917,合力科技,603917.SH,SH
股票,603918,金桥信息,603918.SH,SH
股票,603919,金徽酒,603919.SH,SH
股票,603920,世运电路,603920.SH,SH
股票,603922,金鸿顺,603922.SH,SH
股票,603926,铁流股份,603926.SH,SH
股票,603927,中科软,603927.SH,SH
股票,603928,兴业股份,603928.SH,SH
股票,603929,亚翔集成,603929.SH,SH
股票,603931,格林达,603931.SH,SH
股票,603933,睿能科技,603933.SH,SH
股票,603936,博敏电子,603936.SH,SH
股票,603937,丽岛新材,603937.SH,SH
股票,603938,三孚股份,603938.SH,SH
股票,603939,益丰药房,603939.SH,SH
股票,603948,建业股份,603948.SH,SH
股票,603949,雪龙集团,603949.SH,SH
股票,603950,长源东谷,603950.SH,SH
股票,603955,大千生态,603955.SH,SH
股票,603956,威派格,603956.SH,SH
股票,603958,哈森股份,603958.SH,SH
股票,603959,百利科技,603959.SH,SH
股票,603960,克来机电,603960.SH,SH
股票,603966,法兰泰克,603966.SH,SH
股票,603967,中创物流,603967.SH,SH
股票,603968,醋化股份,603968.SH,SH
股票,603969,银龙股份,603969.SH,SH
股票,603970,中农立华,603970.SH,SH
股票,603976,正川股份,603976.SH,SH
股票,603977,国泰集团,603977.SH,SH
股票,603978,深圳新星,603978.SH,SH
股票,603979,金诚信,603979.SH,SH
股票,603980,吉华集团,603980.SH,SH
股票,603982,泉峰汽车,603982.SH,SH
股票,603983,丸美生物,603983.SH,SH
股票,603985,恒润股份,603985.SH,SH
股票,603986,兆易创新,603986.SH,SH
股票,603987,康德莱,603987.SH,SH
股票,603988,中电电机,603988.SH,SH
股票,603989,艾华集团,603989.SH,SH
股票,603990,麦迪科技,603990.SH,SH
股票,603991,至正股份,603991.SH,SH
股票,603992,松霖科技,603992.SH,SH
股票,603993,洛阳钼业,603993.SH,SH
股票,603995,甬金股份,603995.SH,SH
股票,603997,继峰股份,603997.SH,SH
股票,603998,方盛制药,603998.SH,SH
股票,603999,读者传媒,603999.SH,SH
股票,605001,威奥股份,605001.SH,SH
股票,605003,众望布艺,605003.SH,SH
股票,605005,合兴股份,605005.SH,SH
股票,605006,山东玻纤,605006.SH,SH
股票,605007,五洲特纸,605007.SH,SH
股票,605008,长鸿高科,605008.SH,SH
股票,605009,豪悦护理,605009.SH,SH
股票,605011,杭州热电,605011.SH,SH
股票,605016,百龙创园,605016.SH,SH
股票,605018,长华集团,605018.SH,SH
股票,605020,永和股份,605020.SH,SH
股票,605028,世茂能源,605028.SH,SH
股票,605033,美邦股份,605033.SH,SH
股票,605050,福然德,605050.SH,SH
股票,605055,迎丰股份,605055.SH,SH
股票,605056,咸亨国际,605056.SH,SH
股票,605058,澳弘电子,605058.SH,SH
股票,605060,联德股份,605060.SH,SH
股票,605066,天正电气,605066.SH,SH
股票,605068,明新旭腾,605068.SH,SH
股票,605069,正和生态,605069.SH,SH
股票,605077,华康股份,605077.SH,SH
股票,605080,浙江自然,605080.SH,SH
股票,605081,*ST太和,605081.SH,SH
股票,605086,龙高股份,605086.SH,SH
股票,605088,冠盛股份,605088.SH,SH
股票,605089,味知香,605089.SH,SH
股票,605090,九丰能源,605090.SH,SH
股票,605098,行动教育,605098.SH,SH
股票,605099,共创草坪,605099.SH,SH
股票,605100,华丰股份,605100.SH,SH
股票,605108,同庆楼,605108.SH,SH
股票,605111,新洁能,605111.SH,SH
股票,605116,奥锐特,605116.SH,SH
股票,605117,德业股份,605117.SH,SH
股票,605118,力鼎光电,605118.SH,SH
股票,605122,四方新材,605122.SH,SH
股票,605123,派克新材,605123.SH,SH
股票,605128,上海沿浦,605128.SH,SH
股票,605133,嵘泰股份,605133.SH,SH
股票,605136,丽人丽妆,605136.SH,SH
股票,605138,盛泰集团,605138.SH,SH
股票,605151,西上海,605151.SH,SH
股票,605155,西大门,605155.SH,SH
股票,605158,华达新材,605158.SH,SH
股票,605162,新中港,605162.SH,SH
股票,605166,聚合顺,605166.SH,SH
股票,605167,利柏特,605167.SH,SH
股票,605168,三人行,605168.SH,SH
股票,605169,洪通燃气,605169.SH,SH
股票,605177,东亚药业,605177.SH,SH
股票,605178,时空科技,605178.SH,SH
股票,605179,一鸣食品,605179.SH,SH
股票,605180,华生科技,605180.SH,SH
股票,605183,确成股份,605183.SH,SH
股票,605186,健麾信息,605186.SH,SH
股票,605188,国光连锁,605188.SH,SH
股票,605189,富春染织,605189.SH,SH
股票,605196,华通线缆,605196.SH,SH
股票,605198,安德利,605198.SH,SH
股票,605199,ST葫芦娃,605199.SH,SH
股票,605208,永茂泰,605208.SH,SH
股票,605218,伟时电子,605218.SH,SH
股票,605222,起帆电缆,605222.SH,SH
股票,605228,神通科技,605228.SH,SH
股票,605255,天普股份,605255.SH,SH
股票,605258,协和电子,605258.SH,SH
股票,605259,绿田机械,605259.SH,SH
股票,605266,健之佳,605266.SH,SH
股票,605268,王力安防,605268.SH,SH
股票,605277,新亚电子,605277.SH,SH
股票,605286,同力天启,605286.SH,SH
股票,605287,德才股份,605287.SH,SH
股票,605288,凯迪股份,605288.SH,SH
股票,605289,罗曼股份,605289.SH,SH
股票,605296,神农集团,605296.SH,SH
股票,605298,必得科技,605298.SH,SH
股票,605299,舒华体育,605299.SH,SH
股票,605300,佳禾食品,605300.SH,SH
股票,605303,园林股份,605303.SH,SH
股票,605305,中际联合,605305.SH,SH
股票,605318,法狮龙,605318.SH,SH
股票,605319,无锡振华,605319.SH,SH
股票,605333,沪光股份,605333.SH,SH
股票,605336,帅丰电器,605336.SH,SH
股票,605337,李子园,605337.SH,SH
股票,605338,巴比食品,605338.SH,SH
股票,605339,南侨食品,605339.SH,SH
股票,605358,立昂微,605358.SH,SH
股票,605365,立达信,605365.SH,SH
股票,605366,宏柏新材,605366.SH,SH
股票,605368,蓝天燃气,605368.SH,SH
股票,605369,拱东医疗,605369.SH,SH
股票,605376,博迁新材,605376.SH,SH
股票,605377,华旺科技,605377.SH,SH
股票,605378,野马电池,605378.SH,SH
股票,605388,均瑶健康,605388.SH,SH
股票,605389,长龄液压,605389.SH,SH
股票,605398,新炬网络,605398.SH,SH
股票,605399,晨光新材,605399.SH,SH
股票,605488,福莱新材,605488.SH,SH
股票,605499,东鹏饮料,605499.SH,SH
股票,605500,森林包装,605500.SH,SH
股票,605507,国邦医药,605507.SH,SH
股票,605555,德昌股份,605555.SH,SH
股票,605566,福莱蒽特,605566.SH,SH
股票,605567,春雪食品,605567.SH,SH
股票,605577,龙版传媒,605577.SH,SH
股票,605580,恒盛能源,605580.SH,SH
股票,605588,冠石科技,605588.SH,SH
股票,605589,圣泉集团,605589.SH,SH
股票,605598,上海港湾,605598.SH,SH
股票,605599,菜百股份,605599.SH,SH
股票,688001,华兴源创,688001.SH,SH
股票,688002,睿创微纳,688002.SH,SH
股票,688003,天准科技,688003.SH,SH
股票,688004,博汇科技,688004.SH,SH
股票,688005,容百科技,688005.SH,SH
股票,688006,杭可科技,688006.SH,SH
股票,688007,光峰科技,688007.SH,SH
股票,688008,澜起科技,688008.SH,SH
股票,688009,中国通号,688009.SH,SH
股票,688010,福光股份,688010.SH,SH
股票,688011,新光光电,688011.SH,SH
股票,688012,中微公司,688012.SH,SH
股票,688013,天臣医疗,688013.SH,SH
股票,688015,交控科技,688015.SH,SH
股票,688016,心脉医疗,688016.SH,SH
股票,688017,绿的谐波,688017.SH,SH
股票,688018,乐鑫科技,688018.SH,SH
股票,688019,安集科技,688019.SH,SH
股票,688020,方邦股份,688020.SH,SH
股票,688021,奥福科技,688021.SH,SH
股票,688022,瀚川智能,688022.SH,SH
股票,688023,安恒信息,688023.SH,SH
股票,688025,杰普特,688025.SH,SH
股票,688026,洁特生物,688026.SH,SH
股票,688027,国盾量子,688027.SH,SH
股票,688028,沃尔德,688028.SH,SH
股票,688029,南微医学,688029.SH,SH
股票,688030,山石网科,688030.SH,SH
股票,688031,星环科技-U,688031.SH,SH
股票,688032,禾迈股份,688032.SH,SH
股票,688033,天宜新材,688033.SH,SH
股票,688035,德邦科技,688035.SH,SH
股票,688036,传音控股,688036.SH,SH
股票,688037,芯源微,688037.SH,SH
股票,688038,中科通达,688038.SH,SH
股票,688039,当虹科技,688039.SH,SH
股票,688041,海光信息,688041.SH,SH
股票,688045,必易微,688045.SH,SH
股票,688046,药康生物,688046.SH,SH
股票,688047,龙芯中科,688047.SH,SH
股票,688048,长光华芯,688048.SH,SH
股票,688049,炬芯科技,688049.SH,SH
股票,688050,爱博医疗,688050.SH,SH
股票,688051,佳华科技,688051.SH,SH
股票,688052,纳芯微,688052.SH,SH
股票,688053,ST思科瑞,688053.SH,SH
股票,688055,龙腾光电,688055.SH,SH
股票,688056,莱伯泰科,688056.SH,SH
股票,688057,金达莱,688057.SH,SH
股票,688058,宝兰德,688058.SH,SH
股票,688059,华锐精密,688059.SH,SH
股票,688060,云涌科技,688060.SH,SH
股票,688061,灿瑞科技,688061.SH,SH
股票,688062,迈威生物-U,688062.SH,SH
股票,688063,派能科技,688063.SH,SH
股票,688065,凯赛生物,688065.SH,SH
股票,688066,航天宏图,688066.SH,SH
股票,688067,爱威科技,688067.SH,SH
股票,688068,热景生物,688068.SH,SH
股票,688069,德林海,688069.SH,SH
股票,688070,纵横股份,688070.SH,SH
股票,688071,华依科技,688071.SH,SH
股票,688072,拓荆科技,688072.SH,SH
股票,688073,毕得医药,688073.SH,SH
股票,688075,安旭生物,688075.SH,SH
股票,688076,ST诺泰,688076.SH,SH
股票,688077,大地熊,688077.SH,SH
股票,688078,龙软科技,688078.SH,SH
股票,688079,美迪凯,688079.SH,SH
股票,688080,映翰通,688080.SH,SH
股票,688081,兴图新科,688081.SH,SH
股票,688082,盛美上海,688082.SH,SH
股票,688083,中望软件,688083.SH,SH
股票,688084,晶品特装,688084.SH,SH
股票,688085,三友医疗,688085.SH,SH
股票,688087,英科再生,688087.SH,SH
股票,688088,虹软科技,688088.SH,SH
股票,688089,嘉必优,688089.SH,SH
股票,688090,瑞松科技,688090.SH,SH
股票,688091,上海谊众,688091.SH,SH
股票,688092,爱科科技,688092.SH,SH
股票,688093,世华科技,688093.SH,SH
股票,688095,福昕软件,688095.SH,SH
股票,688096,京源环保,688096.SH,SH
股票,688097,博众精工,688097.SH,SH
股票,688098,申联生物,688098.SH,SH
股票,688099,晶晨股份,688099.SH,SH
股票,688100,威胜信息,688100.SH,SH
股票,688101,三达膜,688101.SH,SH
股票,688102,斯瑞新材,688102.SH,SH
股票,688103,国力电子,688103.SH,SH
股票,688105,诺唯赞,688105.SH,SH
股票,688106,金宏气体,688106.SH,SH
股票,688107,安路科技,688107.SH,SH
股票,688108,赛诺医疗,688108.SH,SH
股票,688109,品茗科技,688109.SH,SH
股票,688110,东芯股份,688110.SH,SH
股票,688111,金山办公,688111.SH,SH
股票,688112,鼎阳科技,688112.SH,SH
股票,688113,联测科技,688113.SH,SH
股票,688114,华大智造,688114.SH,SH
股票,688115,思林杰,688115.SH,SH
股票,688116,天奈科技,688116.SH,SH
股票,688117,圣诺生物,688117.SH,SH
股票,688118,普元信息,688118.SH,SH
股票,688119,中钢洛耐,688119.SH,SH
股票,688120,华海清科,688120.SH,SH
股票,688121,卓然股份,688121.SH,SH
股票,688122,西部超导,688122.SH,SH
股票,688123,聚辰股份,688123.SH,SH
股票,688125,安达智能,688125.SH,SH
股票,688126,沪硅产业,688126.SH,SH
股票,688127,蓝特光学,688127.SH,SH
股票,688128,中国电研,688128.SH,SH
股票,688129,东来技术,688129.SH,SH
股票,688130,晶华微,688130.SH,SH
股票,688131,皓元医药,688131.SH,SH
股票,688132,邦彦技术,688132.SH,SH
股票,688133,泰坦科技,688133.SH,SH
股票,688135,利扬芯片,688135.SH,SH
股票,688136,科兴制药,688136.SH,SH
股票,688137,近岸蛋白,688137.SH,SH
股票,688138,清溢光电,688138.SH,SH
股票,688139,海尔生物,688139.SH,SH
股票,688141,杰华特,688141.SH,SH
股票,688143,长盈通,688143.SH,SH
股票,688146,中船特气,688146.SH,SH
股票,688147,微导纳米,688147.SH,SH
股票,688148,芳源股份,688148.SH,SH
股票,688150,莱特光电,688150.SH,SH
股票,688151,华强科技,688151.SH,SH
股票,688152,麒麟信安,688152.SH,SH
股票,688153,唯捷创芯,688153.SH,SH
股票,688155,先惠技术,688155.SH,SH
股票,688156,路德科技,688156.SH,SH
股票,688157,松井股份,688157.SH,SH
股票,688158,优刻得-W,688158.SH,SH
股票,688159,有方科技,688159.SH,SH
股票,688160,步科股份,688160.SH,SH
股票,688161,威高骨科,688161.SH,SH
股票,688162,巨一科技,688162.SH,SH
股票,688163,赛伦生物,688163.SH,SH
股票,688165,埃夫特-U,688165.SH,SH
股票,688166,博瑞医药,688166.SH,SH
股票,688167,炬光科技,688167.SH,SH
股票,688168,安博通,688168.SH,SH
股票,688169,石头科技,688169.SH,SH
股票,688170,德龙激光,688170.SH,SH
股票,688171,纬德信息,688171.SH,SH
股票,688172,燕东微,688172.SH,SH
股票,688173,希荻微,688173.SH,SH
股票,688175,高凌信息,688175.SH,SH
股票,688176,亚虹医药-U,688176.SH,SH
股票,688177,百奥泰,688177.SH,SH
股票,688178,万德斯,688178.SH,SH
股票,688179,阿拉丁,688179.SH,SH
股票,688180,君实生物-U,688180.SH,SH
股票,688181,八亿时空,688181.SH,SH
股票,688182,灿勤科技,688182.SH,SH
股票,688183,生益电子,688183.SH,SH
股票,688184,ST帕瓦,688184.SH,SH
股票,688185,康希诺,688185.SH,SH
股票,688186,广大特材,688186.SH,SH
股票,688187,时代电气,688187.SH,SH
股票,688188,柏楚电子,688188.SH,SH
股票,688189,南新制药,688189.SH,SH
股票,688190,云路股份,688190.SH,SH
股票,688191,智洋创新,688191.SH,SH
股票,688192,迪哲医药-U,688192.SH,SH
股票,688193,仁度生物,688193.SH,SH
股票,688195,腾景科技,688195.SH,SH
股票,688196,卓越新能,688196.SH,SH
股票,688197,首药控股-U,688197.SH,SH
股票,688198,佰仁医疗,688198.SH,SH
股票,688199,久日新材,688199.SH,SH
股票,688200,华峰测控,688200.SH,SH
股票,688201,信安世纪,688201.SH,SH
股票,688202,美迪西,688202.SH,SH
股票,688203,海正生材,688203.SH,SH
股票,688205,德科立,688205.SH,SH
股票,688206,概伦电子,688206.SH,SH
股票,688207,格灵深瞳,688207.SH,SH
股票,688208,道通科技,688208.SH,SH
股票,688209,英集芯,688209.SH,SH
股票,688210,统联精密,688210.SH,SH
股票,688211,中科微至,688211.SH,SH
股票,688212,澳华内镜,688212.SH,SH
股票,688213,思特威-W,688213.SH,SH
股票,688215,瑞晟智能,688215.SH,SH
股票,688216,气派科技,688216.SH,SH
股票,688217,睿昂基因,688217.SH,SH
股票,688218,江苏北人,688218.SH,SH
股票,688219,会通股份,688219.SH,SH
股票,688220,翱捷科技-U,688220.SH,SH
股票,688221,前沿生物-U,688221.SH,SH
股票,688222,成都先导,688222.SH,SH
股票,688223,晶科能源,688223.SH,SH
股票,688225,亚信安全,688225.SH,SH
股票,688226,威腾电气,688226.SH,SH
股票,688227,品高股份,688227.SH,SH
股票,688228,开普云,688228.SH,SH
股票,688229,博睿数据,688229.SH,SH
股票,688230,芯导科技,688230.SH,SH
股票,688231,隆达股份,688231.SH,SH
股票,688232,新点软件,688232.SH,SH
股票,688233,神工股份,688233.SH,SH
股票,688234,天岳先进,688234.SH,SH
股票,688235,百济神州-U,688235.SH,SH
股票,688236,春立医疗,688236.SH,SH
股票,688237,超卓航科,688237.SH,SH
股票,688238,和元生物,688238.SH,SH
股票,688239,航宇科技,688239.SH,SH
股票,688244,永信至诚,688244.SH,SH
股票,688246,嘉和美康,688246.SH,SH
股票,688247,宣泰医药,688247.SH,SH
股票,688248,南网科技,688248.SH,SH
股票,688249,晶合集成,688249.SH,SH
股票,688251,井松智能,688251.SH,SH
股票,688252,天德钰,688252.SH,SH
股票,688253,英诺特,688253.SH,SH
股票,688255,凯尔达,688255.SH,SH
股票,688256,寒武纪-U,688256.SH,SH
股票,688257,新锐股份,688257.SH,SH
股票,688258,卓易信息,688258.SH,SH
股票,688259,创耀科技,688259.SH,SH
股票,688260,昀冢科技,688260.SH,SH
股票,688261,东微半导,688261.SH,SH
股票,688262,国芯科技,688262.SH,SH
股票,688265,南模生物,688265.SH,SH
股票,688266,泽璟制药-U,688266.SH,SH
股票,688267,中触媒,688267.SH,SH
股票,688268,华特气体,688268.SH,SH
股票,688269,凯立新材,688269.SH,SH
股票,688270,臻镭科技,688270.SH,SH
股票,688271,联影医疗,688271.SH,SH
股票,688272,富吉瑞,688272.SH,SH
股票,688273,麦澜德,688273.SH,SH
股票,688275,万润新能,688275.SH,SH
股票,688276,百克生物,688276.SH,SH
股票,688277,天智航-U,688277.SH,SH
股票,688278,特宝生物,688278.SH,SH
股票,688279,峰岹科技,688279.SH,SH
股票,688280,精进电动-UW,688280.SH,SH
股票,688281,华秦科技,688281.SH,SH
股票,688282,理工导航,688282.SH,SH
股票,688283,坤恒顺维,688283.SH,SH
股票,688285,高铁电气,688285.SH,SH
股票,688286,敏芯股份,688286.SH,SH
股票,688287,*ST观典,688287.SH,SH
股票,688288,鸿泉技术,688288.SH,SH
股票,688289,圣湘生物,688289.SH,SH
股票,688290,景业智能,688290.SH,SH
股票,688291,金橙子,688291.SH,SH
股票,688292,浩瀚深度,688292.SH,SH
股票,688293,奥浦迈,688293.SH,SH
股票,688295,中复神鹰,688295.SH,SH
股票,688296,和达科技,688296.SH,SH
股票,688297,中无人机,688297.SH,SH
股票,688298,东方生物,688298.SH,SH
股票,688299,长阳科技,688299.SH,SH
股票,688300,联瑞新材,688300.SH,SH
股票,688301,奕瑞科技,688301.SH,SH
股票,688302,海创药业-U,688302.SH,SH
股票,688303,大全能源,688303.SH,SH
股票,688305,科德数控,688305.SH,SH
股票,688306,均普智能,688306.SH,SH
股票,688307,中润光学,688307.SH,SH
股票,688308,欧科亿,688308.SH,SH
股票,688309,恒誉环保,688309.SH,SH
股票,688310,迈得医疗,688310.SH,SH
股票,688311,盟升电子,688311.SH,SH
股票,688312,燕麦科技,688312.SH,SH
股票,688313,仕佳光子,688313.SH,SH
股票,688314,康拓医疗,688314.SH,SH
股票,688315,诺禾致源,688315.SH,SH
股票,688316,青云科技-U,688316.SH,SH
股票,688317,之江生物,688317.SH,SH
股票,688318,财富趋势,688318.SH,SH
股票,688319,欧林生物,688319.SH,SH
股票,688320,禾川科技,688320.SH,SH
股票,688321,微芯生物,688321.SH,SH
股票,688322,奥比中光-UW,688322.SH,SH
股票,688323,瑞华泰,688323.SH,SH
股票,688325,赛微微电,688325.SH,SH
股票,688326,经纬恒润-W,688326.SH,SH
股票,688327,云从科技-UW,688327.SH,SH
股票,688328,深科达,688328.SH,SH
股票,688329,艾隆科技,688329.SH,SH
股票,688330,宏力达,688330.SH,SH
股票,688331,荣昌生物,688331.SH,SH
股票,688332,中科蓝讯,688332.SH,SH
股票,688333,铂力特,688333.SH,SH
股票,688334,西高院,688334.SH,SH
股票,688335,复洁科技,688335.SH,SH
股票,688336,三生国健,688336.SH,SH
股票,688337,普源精电,688337.SH,SH
股票,688338,赛科希德,688338.SH,SH
股票,688339,亿华通-U,688339.SH,SH
股票,688343,云天励飞-U,688343.SH,SH
股票,688345,博力威,688345.SH,SH
股票,688347,华虹公司,688347.SH,SH
股票,688348,昱能科技,688348.SH,SH
股票,688349,三一重能,688349.SH,SH
股票,688350,富淼科技,688350.SH,SH
股票,688351,微电生理,688351.SH,SH
股票,688352,颀中科技,688352.SH,SH
股票,688353,华盛锂电,688353.SH,SH
股票,688355,明志科技,688355.SH,SH
股票,688356,键凯科技,688356.SH,SH
股票,688357,建龙微纳,688357.SH,SH
股票,688358,祥生医疗,688358.SH,SH
股票,688359,三孚新科,688359.SH,SH
股票,688360,德马科技,688360.SH,SH
股票,688361,中科飞测,688361.SH,SH
股票,688362,甬矽电子,688362.SH,SH
股票,688363,华熙生物,688363.SH,SH
股票,688365,光云科技,688365.SH,SH
股票,688366,昊海生科,688366.SH,SH
股票,688367,工大高科,688367.SH,SH
股票,688368,晶丰明源,688368.SH,SH
股票,688369,致远互联,688369.SH,SH
股票,688370,丛麟科技,688370.SH,SH
股票,688371,菲沃泰,688371.SH,SH
股票,688372,伟测科技,688372.SH,SH
股票,688373,盟科药业-U,688373.SH,SH
股票,688375,国博电子,688375.SH,SH
股票,688376,美埃科技,688376.SH,SH
股票,688377,迪威尔,688377.SH,SH
股票,688378,奥来德,688378.SH,SH
股票,688379,华光新材,688379.SH,SH
股票,688380,中微半导,688380.SH,SH
股票,688381,帝奥微,688381.SH,SH
股票,688382,益方生物-U,688382.SH,SH
股票,688383,新益昌,688383.SH,SH
股票,688385,复旦微电,688385.SH,SH
股票,688386,泛亚微透,688386.SH,SH
股票,688387,信科移动-U,688387.SH,SH
股票,688388,嘉元科技,688388.SH,SH
股票,688389,普门科技,688389.SH,SH
股票,688390,固德威,688390.SH,SH
股票,688391,钜泉科技,688391.SH,SH
股票,688392,骄成超声,688392.SH,SH
股票,688393,安必平,688393.SH,SH
股票,688395,正弦电气,688395.SH,SH
股票,688396,华润微,688396.SH,SH
股票,688398,赛特新材,688398.SH,SH
股票,688399,硕世生物,688399.SH,SH
股票,688400,凌云光,688400.SH,SH
股票,688401,路维光电,688401.SH,SH
股票,688403,汇成股份,688403.SH,SH
股票,688408,中信博,688408.SH,SH
股票,688409,富创精密,688409.SH,SH
股票,688410,山外山,688410.SH,SH
股票,688411,海博思创,688411.SH,SH
股票,688416,恒烁股份,688416.SH,SH
股票,688418,震有科技,688418.SH,SH
股票,688419,耐科装备,688419.SH,SH
股票,688420,美腾科技,688420.SH,SH
股票,688425,铁建重工,688425.SH,SH
股票,688426,康为世纪,688426.SH,SH
股票,688428,诺诚健华-U,688428.SH,SH
股票,688429,时创能源,688429.SH,SH
股票,688432,有研硅,688432.SH,SH
股票,688433,华曙高科,688433.SH,SH
股票,688435,英方软件,688435.SH,SH
股票,688439,振华风光,688439.SH,SH
股票,688443,智翔金泰-U,688443.SH,SH
股票,688448,磁谷科技,688448.SH,SH
股票,688449,联芸科技,688449.SH,SH
股票,688450,光格科技,688450.SH,SH
股票,688455,科捷智能,688455.SH,SH
股票,688456,有研粉材,688456.SH,SH
股票,688458,美芯晟,688458.SH,SH
股票,688459,哈铁科技,688459.SH,SH
股票,688466,金科环境,688466.SH,SH
股票,688468,科美诊断,688468.SH,SH
股票,688469,芯联集成-U,688469.SH,SH
股票,688472,阿特斯,688472.SH,SH
股票,688475,萤石网络,688475.SH,SH
股票,688478,晶升股份,688478.SH,SH
股票,688479,友车科技,688479.SH,SH
股票,688480,赛恩斯,688480.SH,SH
股票,688484,南芯科技,688484.SH,SH
股票,688485,九州一轨,688485.SH,SH
股票,688486,龙迅股份,688486.SH,SH
股票,688488,艾迪药业,688488.SH,SH
股票,688489,三未信安,688489.SH,SH
股票,688496,清越科技,688496.SH,SH
股票,688498,源杰科技,688498.SH,SH
股票,688499,利元亨,688499.SH,SH
股票,688500,慧辰股份,688500.SH,SH
股票,688501,青达环保,688501.SH,SH
股票,688502,茂莱光学,688502.SH,SH
股票,688503,聚和材料,688503.SH,SH
股票,688505,复旦张江,688505.SH,SH
股票,688506,百利天恒,688506.SH,SH
股票,688507,索辰科技,688507.SH,SH
股票,688508,芯朋微,688508.SH,SH
股票,688509,正元地信,688509.SH,SH
股票,688510,航亚科技,688510.SH,SH
股票,688511,*ST天微,688511.SH,SH
股票,688512,慧智微-U,688512.SH,SH
股票,688513,苑东生物,688513.SH,SH
股票,688515,裕太微-U,688515.SH,SH
股票,688516,奥特维,688516.SH,SH
股票,688517,金冠电气,688517.SH,SH
股票,688518,联赢激光,688518.SH,SH
股票,688519,南亚新材,688519.SH,SH
股票,688520,神州细胞,688520.SH,SH
股票,688521,芯原股份,688521.SH,SH
股票,688522,纳睿雷达,688522.SH,SH
股票,688523,航天环宇,688523.SH,SH
股票,688525,佰维存储,688525.SH,SH
股票,688526,科前生物,688526.SH,SH
股票,688528,秦川物联,688528.SH,SH
股票,688529,豪森智能,688529.SH,SH
股票,688530,欧莱新材,688530.SH,SH
股票,688531,日联科技,688531.SH,SH
股票,688533,上声电子,688533.SH,SH
股票,688535,华海诚科,688535.SH,SH
股票,688536,思瑞浦,688536.SH,SH
股票,688538,和辉光电-U,688538.SH,SH
股票,688539,高华科技,688539.SH,SH
股票,688543,国科军工,688543.SH,SH
股票,688545,兴福电子,688545.SH,SH
股票,688548,广钢气体,688548.SH,SH
股票,688549,中巨芯-U,688549.SH,SH
股票,688550,瑞联新材,688550.SH,SH
股票,688551,科威尔,688551.SH,SH
股票,688552,航天南湖,688552.SH,SH
股票,688553,汇宇制药-W,688553.SH,SH
股票,688556,高测股份,688556.SH,SH
股票,688557,兰剑智能,688557.SH,SH
股票,688558,国盛智科,688558.SH,SH
股票,688559,海目星,688559.SH,SH
股票,688560,明冠新材,688560.SH,SH
股票,688561,奇安信-U,688561.SH,SH
股票,688562,航天软件,688562.SH,SH
股票,688563,航材股份,688563.SH,SH
股票,688565,力源科技,688565.SH,SH
股票,688566,吉贝尔,688566.SH,SH
股票,688567,孚能科技,688567.SH,SH
股票,688568,中科星图,688568.SH,SH
股票,688569,铁科轨道,688569.SH,SH
股票,688570,天玛智控,688570.SH,SH
股票,688571,杭华股份,688571.SH,SH
股票,688573,信宇人,688573.SH,SH
股票,688575,亚辉龙,688575.SH,SH
股票,688576,西山科技,688576.SH,SH
股票,688577,浙海德曼,688577.SH,SH
股票,688578,艾力斯,688578.SH,SH
股票,688579,地纬智能,688579.SH,SH
股票,688580,伟思医疗,688580.SH,SH
股票,688581,安杰思,688581.SH,SH
股票,688582,芯动联科,688582.SH,SH
股票,688583,思看科技,688583.SH,SH
股票,688584,上海合晶,688584.SH,SH
股票,688585,上纬新材,688585.SH,SH
股票,688586,江航装备,688586.SH,SH
股票,688588,凌志软件,688588.SH,SH
股票,688589,力合微,688589.SH,SH
股票,688590,新致软件,688590.SH,SH
股票,688591,泰凌微,688591.SH,SH
股票,688592,司南导航,688592.SH,SH
股票,688593,新相微,688593.SH,SH
股票,688595,芯海科技,688595.SH,SH
股票,688596,正帆科技,688596.SH,SH
股票,688597,煜邦电力,688597.SH,SH
股票,688598,金博股份,688598.SH,SH
股票,688599,天合光能,688599.SH,SH
股票,688600,皖仪科技,688600.SH,SH
股票,688601,力芯微,688601.SH,SH
股票,688602,康鹏科技,688602.SH,SH
股票,688603,天承科技,688603.SH,SH
股票,688605,先锋精科,688605.SH,SH
股票,688606,奥泰生物,688606.SH,SH
股票,688607,康众医疗,688607.SH,SH
股票,688608,恒玄科技,688608.SH,SH
股票,688609,九联科技,688609.SH,SH
股票,688610,埃科光电,688610.SH,SH
股票,688611,杭州柯林,688611.SH,SH
股票,688612,威迈斯,688612.SH,SH
股票,688613,奥精医疗,688613.SH,SH
股票,688615,合合信息,688615.SH,SH
股票,688616,西力科技,688616.SH,SH
股票,688617,惠泰医疗,688617.SH,SH
股票,688618,三旺通信,688618.SH,SH
股票,688619,罗普特,688619.SH,SH
股票,688620,安凯微,688620.SH,SH
股票,688621,阳光诺和,688621.SH,SH
股票,688622,禾信仪器,688622.SH,SH
股票,688623,双元科技,688623.SH,SH
股票,688625,呈和科技,688625.SH,SH
股票,688626,翔宇医疗,688626.SH,SH
股票,688627,精智达,688627.SH,SH
股票,688628,优利德,688628.SH,SH
股票,688629,华丰科技,688629.SH,SH
股票,688630,芯碁微装,688630.SH,SH
股票,688631,莱斯信息,688631.SH,SH
股票,688633,星球石墨,688633.SH,SH
股票,688636,智明达,688636.SH,SH
股票,688638,誉辰智能,688638.SH,SH
股票,688639,华恒生物,688639.SH,SH
股票,688646,ST逸飞,688646.SH,SH
股票,688648,中邮科技,688648.SH,SH
股票,688651,盛邦安全,688651.SH,SH
股票,688652,京仪装备,688652.SH,SH
股票,688653,康希通信,688653.SH,SH
股票,688655,迅捷兴,688655.SH,SH
股票,688656,浩欧博,688656.SH,SH
股票,688657,浩辰软件,688657.SH,SH
股票,688658,悦康药业,688658.SH,SH
股票,688659,元琛科技,688659.SH,SH
股票,688660,电气风电,688660.SH,SH
股票,688661,和林微纳,688661.SH,SH
股票,688662,富信科技,688662.SH,SH
股票,688663,新风光,688663.SH,SH
股票,688665,四方光电,688665.SH,SH
股票,688667,菱电电控,688667.SH,SH
股票,688668,鼎通科技,688668.SH,SH
股票,688669,聚石化学,688669.SH,SH
股票,688670,金迪克,688670.SH,SH
股票,688671,碧兴物联,688671.SH,SH
股票,688676,金盘科技,688676.SH,SH
股票,688677,海泰新光,688677.SH,SH
股票,688678,福立旺,688678.SH,SH
股票,688679,通源环境,688679.SH,SH
股票,688680,海优新材,688680.SH,SH
股票,688681,科汇股份,688681.SH,SH
股票,688682,霍莱沃,688682.SH,SH
股票,688683,莱尔科技,688683.SH,SH
股票,688685,迈信林,688685.SH,SH
股票,688686,奥普特,688686.SH,SH
股票,688687,凯因科技,688687.SH,SH
股票,688689,银河微电,688689.SH,SH
股票,688690,纳微科技,688690.SH,SH
股票,688691,灿芯股份,688691.SH,SH
股票,688692,达梦数据,688692.SH,SH
股票,688693,锴威特,688693.SH,SH
股票,688695,中创股份,688695.SH,SH
股票,688696,极米科技,688696.SH,SH
股票,688697,纽威数控,688697.SH,SH
股票,688698,伟创电气,688698.SH,SH
股票,688699,明微电子,688699.SH,SH
股票,688700,东威科技,688700.SH,SH
股票,688701,卓锦股份,688701.SH,SH
股票,688702,盛科通信-U,688702.SH,SH
股票,688707,振华新材,688707.SH,SH
股票,688708,佳驰科技,688708.SH,SH
股票,688709,成都华微,688709.SH,SH
股票,688710,益诺思,688710.SH,SH
股票,688711,宏微科技,688711.SH,SH
股票,688712,北芯生命-U,688712.SH,SH
股票,688716,中研股份,688716.SH,SH
股票,688717,艾罗能源,688717.SH,SH
股票,688718,唯赛勃,688718.SH,SH
股票,688719,爱科赛博,688719.SH,SH
股票,688720,艾森股份,688720.SH,SH
股票,688721,龙图光罩,688721.SH,SH
股票,688722,同益中,688722.SH,SH
股票,688726,拉普拉斯,688726.SH,SH
股票,688727,恒坤新材,688727.SH,SH
股票,688728,格科微,688728.SH,SH
股票,688729,屹唐股份,688729.SH,SH
股票,688733,壹石通,688733.SH,SH
股票,688737,中自科技,688737.SH,SH
股票,688739,成大生物,688739.SH,SH
股票,688750,金天钛业,688750.SH,SH
股票,688755,汉邦科技,688755.SH,SH
股票,688757,胜科纳米,688757.SH,SH
股票,688758,赛分科技,688758.SH,SH
股票,688759,必贝特-U,688759.SH,SH
股票,688765,禾元生物-U,688765.SH,SH
股票,688766,普冉股份,688766.SH,SH
股票,688767,博拓生物,688767.SH,SH
股票,688768,容知日新,688768.SH,SH
股票,688772,珠海冠宇,688772.SH,SH
股票,688775,影石创新,688775.SH,SH
股票,688776,国光电气,688776.SH,SH
股票,688777,中控技术,688777.SH,SH
股票,688778,厦钨新能,688778.SH,SH
股票,688779,五矿新能,688779.SH,SH
股票,688783,西安奕材-U,688783.SH,SH
股票,688785,恒运昌,688785.SH,SH
股票,688786,悦安新材,688786.SH,SH
股票,688787,海天瑞声,688787.SH,SH
股票,688788,科思科技,688788.SH,SH
股票,688789,宏华数科,688789.SH,SH
股票,688790,昂瑞微-UW,688790.SH,SH
股票,688793,倍轻松,688793.SH,SH
股票,688795,摩尔线程-U,688795.SH,SH
股票,688796,百奥赛图,688796.SH,SH
股票,688798,艾为电子,688798.SH,SH
股票,688799,华纳药厂,688799.SH,SH
股票,688800,瑞可达,688800.SH,SH
股票,688802,沐曦股份-U,688802.SH,SH
股票,688805,健信超导,688805.SH,SH
股票,688807,优迅股份,688807.SH,SH
股票,688809,强一股份,688809.SH,SH
股票,688816,易思维,688816.SH,SH
股票,688818,电科蓝天,688818.SH,SH
股票,688819,天能股份,688819.SH,SH
股票,688981,中芯国际,688981.SH,SH
股票,689009,九号公司-WD,689009.SH,SH
股票,920000,安徽凤凰,920000.BJ,BJ
股票,920001,纬达光电,920001.BJ,BJ
股票,920002,万达轴承,920002.BJ,BJ
股票,920003,中诚咨询,920003.BJ,BJ
股票,920005,鼎佳精密,920005.BJ,BJ
股票,920006,晟楠科技,920006.BJ,BJ
股票,920007,酉立智能,920007.BJ,BJ
股票,920008,成电光信,920008.BJ,BJ
股票,920009,丹娜生物,920009.BJ,BJ
股票,920010,凯添燃气,920010.BJ,BJ
股票,920014,特瑞斯,920014.BJ,BJ
股票,920015,锦华新材,920015.BJ,BJ
股票,920016,中草香料,920016.BJ,BJ
股票,920017,星昊医药,920017.BJ,BJ
股票,920018,宏远股份,920018.BJ,BJ
股票,920019,铜冠矿建,920019.BJ,BJ
股票,920020,泰凯英,920020.BJ,BJ
股票,920021,流金科技,920021.BJ,BJ
股票,920022,世昌股份,920022.BJ,BJ
股票,920023,田野股份,920023.BJ,BJ
股票,920026,卓兆点胶,920026.BJ,BJ
股票,920027,交大铁发,920027.BJ,BJ
股票,920029,开发科技,920029.BJ,BJ
股票,920030,德众汽车,920030.BJ,BJ
股票,920033,康普化学,920033.BJ,BJ
股票,920035,精创电气,920035.BJ,BJ
股票,920037,广信科技,920037.BJ,BJ
股票,920039,国义招标,920039.BJ,BJ
股票,920045,蘅东光,920045.BJ,BJ
股票,920046,亿能电力,920046.BJ,BJ
股票,920047,诺思兰德,920047.BJ,BJ
股票,920050,爱舍伦,920050.BJ,BJ
股票,920056,能之光,920056.BJ,BJ
股票,920057,百甲科技,920057.BJ,BJ
股票,920058,华洋赛车,920058.BJ,BJ
股票,920060,万源通,920060.BJ,BJ
股票,920061,西磁科技,920061.BJ,BJ
股票,920062,科润智控,920062.BJ,BJ
股票,920066,科拜尔,920066.BJ,BJ
股票,920068,天工股份,920068.BJ,BJ
股票,920075,柏星龙,920075.BJ,BJ
股票,920076,国亮新材,920076.BJ,BJ
股票,920077,吉林碳谷,920077.BJ,BJ
股票,920080,奥美森,920080.BJ,BJ
股票,920082,方正阀门,920082.BJ,BJ
股票,920086,科马材料,920086.BJ,BJ
股票,920087,秋乐种业,920087.BJ,BJ
股票,920088,科力股份,920088.BJ,BJ
股票,920089,禾昌聚合,920089.BJ,BJ
股票,920090,同辉信息,920090.BJ,BJ
股票,920091,大鹏工业,920091.BJ,BJ
股票,920092,汉鑫科技,920092.BJ,BJ
股票,920098,科隆新材,920098.BJ,BJ
股票,920099,瑞华技术,920099.BJ,BJ
股票,920100,三协电机,920100.BJ,BJ
股票,920101,志高机械,920101.BJ,BJ
股票,920106,林泰新材,920106.BJ,BJ
股票,920108,宏海科技,920108.BJ,BJ
股票,920110,雷特科技,920110.BJ,BJ
股票,920111,聚星科技,920111.BJ,BJ
股票,920112,巴兰仕,920112.BJ,BJ
股票,920116,星图测控,920116.BJ,BJ
股票,920118,太湖远大,920118.BJ,BJ
股票,920119,美德乐,920119.BJ,BJ
股票,920121,江天科技,920121.BJ,BJ
股票,920122,中纺标,920122.BJ,BJ
股票,920123,芭薇股份,920123.BJ,BJ
股票,920124,南特科技,920124.BJ,BJ
股票,920128,胜业电气,920128.BJ,BJ
股票,920130,立方控股,920130.BJ,BJ
股票,920132,泰鹏智能,920132.BJ,BJ
股票,920139,华岭股份,920139.BJ,BJ
股票,920145,恒合股份,920145.BJ,BJ
股票,920146,华阳变速,920146.BJ,BJ
股票,920149,旭杰科技,920149.BJ,BJ
股票,920152,昆工科技,920152.BJ,BJ
股票,920158,长江能科,920158.BJ,BJ
股票,920159,农大科技,920159.BJ,BJ
股票,920160,北矿检测,920160.BJ,BJ
股票,920163,方大新材,920163.BJ,BJ
股票,920166,海圣医疗,920166.BJ,BJ
股票,920167,同享科技,920167.BJ,BJ
股票,920168,通宝光电,920168.BJ,BJ
股票,920169,七丰精工,920169.BJ,BJ
股票,920171,志晟信息,920171.BJ,BJ
股票,920174,五新隧装,920174.BJ,BJ
股票,920175,东方碳素,920175.BJ,BJ
股票,920179,凯德石英,920179.BJ,BJ
股票,920180,爱得科技,920180.BJ,BJ
股票,920183,N海菲曼,920183.BJ,BJ
股票,920184,国源科技,920184.BJ,BJ
股票,920185,贝特瑞,920185.BJ,BJ
股票,920187,通领科技,920187.BJ,BJ
股票,920190,雷神科技,920190.BJ,BJ
股票,920195,三祥科技,920195.BJ,BJ
股票,920198,微创光电,920198.BJ,BJ
股票,920199,倍益康,920199.BJ,BJ
股票,920204,沪江材料,920204.BJ,BJ
股票,920207,众诚科技,920207.BJ,BJ
股票,920208,青矩技术,920208.BJ,BJ
股票,920212,智新电子,920212.BJ,BJ
股票,920221,易实精密,920221.BJ,BJ
股票,920223,荣亿精密,920223.BJ,BJ
股票,920225,利通科技,920225.BJ,BJ
股票,920227,美登科技,920227.BJ,BJ
股票,920230,欧康医药,920230.BJ,BJ
股票,920237,力佳科技,920237.BJ,BJ
股票,920239,长虹能源,920239.BJ,BJ
股票,920242,建邦科技,920242.BJ,BJ
股票,920245,威博液压,920245.BJ,BJ
股票,920247,华密新材,920247.BJ,BJ
股票,920249,利尔达,920249.BJ,BJ
股票,920252,天宏锂电,920252.BJ,BJ
股票,920260,中寰股份,920260.BJ,BJ
股票,920261,一诺威,920261.BJ,BJ
股票,920262,太湖雪,920262.BJ,BJ
股票,920263,中航泰达,920263.BJ,BJ
股票,920266,生物谷,920266.BJ,BJ
股票,920267,鑫汇科,920267.BJ,BJ
股票,920270,天铭科技,920270.BJ,BJ
股票,920271,邦德股份,920271.BJ,BJ
股票,920273,一致魔芋,920273.BJ,BJ
股票,920274,宏裕包材,920274.BJ,BJ
股票,920275,驱动力,920275.BJ,BJ
股票,920278,鹿得医疗,920278.BJ,BJ
股票,920284,灵鸽科技,920284.BJ,BJ
股票,920299,灿能电力,920299.BJ,BJ
股票,920300,辰光医疗,920300.BJ,BJ
股票,920304,迪尔化工,920304.BJ,BJ
股票,920305,*ST云创,920305.BJ,BJ
股票,920339,恒太照明,920339.BJ,BJ
股票,920344,三元基因,920344.BJ,BJ
股票,920346,威贸电子,920346.BJ,BJ
股票,920351,华光源海,920351.BJ,BJ
股票,920357,雅葆轩,920357.BJ,BJ
股票,920363,莱赛激光,920363.BJ,BJ
股票,920367,新赣江,920367.BJ,BJ
股票,920368,连城数控,920368.BJ,BJ
股票,920370,新安洁,920370.BJ,BJ
股票,920371,欧福蛋业,920371.BJ,BJ
股票,920374,云里物里,920374.BJ,BJ
股票,920375,派诺科技,920375.BJ,BJ
股票,920378,泰德股份,920378.BJ,BJ
股票,920392,佳合科技,920392.BJ,BJ
股票,920394,民士达,920394.BJ,BJ
股票,920395,朗鸿科技,920395.BJ,BJ
股票,920396,常辅股份,920396.BJ,BJ
股票,920402,硅烷科技,920402.BJ,BJ
股票,920403,康农种业,920403.BJ,BJ
股票,920405,海希通讯,920405.BJ,BJ
股票,920407,驰诚股份,920407.BJ,BJ
股票,920414,欧普泰,920414.BJ,BJ
股票,920415,恒拓开源,920415.BJ,BJ
股票,920418,苏轴股份,920418.BJ,BJ
股票,920419,路斯股份,920419.BJ,BJ
股票,920422,润普食品,920422.BJ,BJ
股票,920425,乐创技术,920425.BJ,BJ
股票,920427,华维设计,920427.BJ,BJ
股票,920429,康比特,920429.BJ,BJ
股票,920433,大唐药业,920433.BJ,BJ
股票,920436,大地电气,920436.BJ,BJ
股票,920438,戈碧迦,920438.BJ,BJ
股票,920445,龙竹科技,920445.BJ,BJ
股票,920454,同心传动,920454.BJ,BJ
股票,920455,汇隆活塞,920455.BJ,BJ
股票,920469,富恒新材,920469.BJ,BJ
股票,920471,美邦科技,920471.BJ,BJ
股票,920475,三友科技,920475.BJ,BJ
股票,920476,海能技术,920476.BJ,BJ
股票,920478,峆一药业,920478.BJ,BJ
股票,920489,佳先股份,920489.BJ,BJ
股票,920491,奥迪威,920491.BJ,BJ
股票,920493,并行科技,920493.BJ,BJ
股票,920496,许昌智能,920496.BJ,BJ
股票,920504,博迅生物,920504.BJ,BJ
股票,920505,九菱科技,920505.BJ,BJ
股票,920508,殷图网联,920508.BJ,BJ
股票,920509,同惠电子,920509.BJ,BJ
股票,920510,丰光精密,920510.BJ,BJ
股票,920519,万德股份,920519.BJ,BJ
股票,920522,纳科诺尔,920522.BJ,BJ
股票,920523,德瑞锂电,920523.BJ,BJ
股票,920526,凯华材料,920526.BJ,BJ
股票,920527,夜光明,920527.BJ,BJ
股票,920533,骏创科技,920533.BJ,BJ
股票,920541,铁大科技,920541.BJ,BJ
股票,920547,无锡晶海,920547.BJ,BJ
股票,920553,凯腾精工,920553.BJ,BJ
股票,920556,雅达股份,920556.BJ,BJ
股票,920564,天润科技,920564.BJ,BJ
股票,920566,梓橦宫,920566.BJ,BJ
股票,920570,坤博精工,920570.BJ,BJ
股票,920571,国航远洋,920571.BJ,BJ
股票,920575,康乐卫士,920575.BJ,BJ
股票,920576,天力复合,920576.BJ,BJ
股票,920578,巨能股份,920578.BJ,BJ
股票,920579,机科股份,920579.BJ,BJ
股票,920580,科创新材,920580.BJ,BJ
股票,920592,华信永道,920592.BJ,BJ
股票,920593,鼎智科技,920593.BJ,BJ
股票,920599,同力股份,920599.BJ,BJ
股票,920608,丰安股份,920608.BJ,BJ
股票,920627,力王股份,920627.BJ,BJ
股票,920634,新威凌,920634.BJ,BJ
股票,920639,晨光电缆,920639.BJ,BJ
股票,920640,富士达,920640.BJ,BJ
股票,920641,格利尔,920641.BJ,BJ
股票,920642,通易航天,920642.BJ,BJ
股票,920651,天罡股份,920651.BJ,BJ
股票,920656,海昇药业,920656.BJ,BJ
股票,920662,方盛股份,920662.BJ,BJ
股票,920663,明阳科技,920663.BJ,BJ
股票,920665,科强股份,920665.BJ,BJ
股票,920670,数字人,920670.BJ,BJ
股票,920675,秉扬科技,920675.BJ,BJ
股票,920679,前进科技,920679.BJ,BJ
股票,920682,球冠电缆,920682.BJ,BJ
股票,920685,新芝生物,920685.BJ,BJ
股票,920689,克莱特,920689.BJ,BJ
股票,920690,捷众科技,920690.BJ,BJ
股票,920693,阿为特,920693.BJ,BJ
股票,920694,中裕科技,920694.BJ,BJ
股票,920699,海达尔,920699.BJ,BJ
股票,920701,豪声电子,920701.BJ,BJ
股票,920703,广厦环能,920703.BJ,BJ
股票,920706,铁拓机械,920706.BJ,BJ
股票,920717,瑞星股份,920717.BJ,BJ
股票,920718,合肥高科,920718.BJ,BJ
股票,920719,宁新新材,920719.BJ,BJ
股票,920720,吉冈精密,920720.BJ,BJ
股票,920725,惠丰钻石,920725.BJ,BJ
股票,920726,朱老六,920726.BJ,BJ
股票,920729,永顺生物,920729.BJ,BJ
股票,920735,德源药业,920735.BJ,BJ
股票,920748,路桥信息,920748.BJ,BJ
股票,920751,惠同新材,920751.BJ,BJ
股票,920753,天纺标,920753.BJ,BJ
股票,920765,美之高,920765.BJ,BJ
股票,920768,拾比佰,920768.BJ,BJ
股票,920770,艾能聚,920770.BJ,BJ
股票,920779,武汉蓝电,920779.BJ,BJ
股票,920781,瑞奇智造,920781.BJ,BJ
股票,920786,骑士乳业,920786.BJ,BJ
股票,920790,联迪信息,920790.BJ,BJ
股票,920792,东和新材,920792.BJ,BJ
股票,920799,艾融软件,920799.BJ,BJ
股票,920802,保丽洁,920802.BJ,BJ
股票,920806,云星宇,920806.BJ,BJ
股票,920807,奔朗新材,920807.BJ,BJ
股票,920808,曙光数创,920808.BJ,BJ
股票,920809,安达科技,920809.BJ,BJ
股票,920810,春光智能,920810.BJ,BJ
股票,920819,颖泰生物,920819.BJ,BJ
股票,920821,则成电子,920821.BJ,BJ
股票,920826,盖世食品,920826.BJ,BJ
股票,920832,齐鲁华信,920832.BJ,BJ
股票,920833,美心翼申,920833.BJ,BJ
股票,920834,三维装备,920834.BJ,BJ
股票,920837,华原股份,920837.BJ,BJ
股票,920839,万通液压,920839.BJ,BJ
股票,920855,浙江大农,920855.BJ,BJ
股票,920856,浩淼科技,920856.BJ,BJ
股票,920857,泓禧科技,920857.BJ,BJ
股票,920866,绿亨科技,920866.BJ,BJ
股票,920870,恒进感应,920870.BJ,BJ
股票,920871,派特尔,920871.BJ,BJ
股票,920873,中设咨询,920873.BJ,BJ
股票,920876,慧为智能,920876.BJ,BJ
股票,920879,基康技术,920879.BJ,BJ
股票,920885,星辰科技,920885.BJ,BJ
股票,920892,广咨国际,920892.BJ,BJ
股票,920895,花溪科技,920895.BJ,BJ
股票,920896,旺成科技,920896.BJ,BJ
股票,920906,舜宇精工,920906.BJ,BJ
股票,920914,远航精密,920914.BJ,BJ
股票,920924,广脉科技,920924.BJ,BJ
股票,920925,锦好医疗,920925.BJ,BJ
股票,920926,鸿智科技,920926.BJ,BJ
股票,920931,无锡鼎邦,920931.BJ,BJ
股票,920932,科达自控,920932.BJ,BJ
股票,920942,恒立钻具,920942.BJ,BJ
股票,920943,优机股份,920943.BJ,BJ
股票,920946,森萱医药,920946.BJ,BJ
股票,920950,迅安科技,920950.BJ,BJ
股票,920953,国子软件,920953.BJ,BJ
股票,920957,汉维科技,920957.BJ,BJ
股票,920961,创远信科,920961.BJ,BJ
股票,920964,润农节水,920964.BJ,BJ
股票,920970,大禹生物,920970.BJ,BJ
股票,920971,天马新材,920971.BJ,BJ
股票,920974,凯大催化,920974.BJ,BJ
股票,920976,视声智能,920976.BJ,BJ
股票,920978,开特股份,920978.BJ,BJ
股票,920981,晶赛科技,920981.BJ,BJ
股票,920982,锦波生物,920982.BJ,BJ
股票,920985,海泰新能,920985.BJ,BJ
股票,920992,中科美菱,920992.BJ,BJ
